SEASON_ID,Player_ID,Game_ID,GAME_DATE,MATCHUP,WL,MIN,FGM,FGA,FG_PCT,FG3M,FG3A,FG3_PCT,FTM,FTA,FT_PCT,OREB,DREB,REB,AST,STL,BLK,TOV,PF,PTS,PLUS_MINUS,VIDEO_AVAILABLE,PLAYER_ID
42024,203999,0042400227,"May 18, 2025",DEN @ OKC,L,37,5,9,0.556,1,2,0.5,9,11,0.818,1,8,9,7,0,0,5,3,20,-23,1,203999
42024,203999,0042400226,"May 15, 2025",DEN vs. OKC,W,41,9,14,0.643,1,3,0.333,10,12,0.833,1,13,14,8,2,1,1,4,29,11,1,203999
42024,203999,0042400225,"May 13, 2025",DEN @ OKC,L,44,17,25,0.68,5,7,0.714,5,5,1.0,6,9,15,5,2,0,2,4,44,-8,1,203999
42024,203999,0042400224,"May 11, 2025",DEN vs. OKC,L,43,7,22,0.318,2,8,0.25,11,14,0.786,0,13,13,3,4,0,2,4,27,1,1,203999
42024,203999,0042400223,"May 09, 2025",DEN vs. OKC,W,44,8,25,0.32,0,10,0.0,4,4,1.0,2,14,16,6,2,2,8,2,20,5,1,203999
42024,203999,0042400222,"May 07, 2025",DEN @ OKC,L,32,6,16,0.375,2,4,0.5,3,5,0.6,3,5,8,6,1,1,6,6,17,-36,1,203999
42024,203999,0042400221,"May 05, 2025",DEN @ OKC,W,42,15,29,0.517,2,6,0.333,10,13,0.769,5,17,22,6,1,2,7,5,42,10,1,203999
42024,203999,0042400177,"May 03, 2025",DEN vs. LAC,W,32,6,14,0.429,1,2,0.5,3,4,0.75,0,10,10,8,3,1,5,5,16,16,1,203999
42024,203999,0042400176,"May 01, 2025",DEN @ LAC,L,42,11,22,0.5,2,4,0.5,1,2,0.5,1,6,7,8,3,1,4,3,25,1,1,203999
42024,203999,0042400175,"Apr 29, 2025",DEN vs. LAC,W,37,4,13,0.308,1,4,0.25,4,5,0.8,1,9,10,12,1,2,2,1,13,18,1,203999
42024,203999,0042400174,"Apr 26, 2025",DEN @ LAC,W,43,14,25,0.56,3,6,0.5,5,6,0.833,5,16,21,8,2,1,2,4,36,4,1,203999
42024,203999,0042400173,"Apr 24, 2025",DEN @ LAC,L,37,9,14,0.643,2,3,0.667,3,4,0.75,1,12,13,13,1,0,2,1,23,-20,1,203999
42024,203999,0042400172,"Apr 21, 2025",DEN vs. LAC,L,43,8,16,0.5,4,8,0.5,6,10,0.6,3,8,11,10,3,0,7,2,26,0,1,203999
42024,203999,0042400171,"Apr 19, 2025",DEN vs. LAC,W,46,12,24,0.5,1,4,0.25,4,6,0.667,0,9,9,12,3,1,2,4,29,10,1,203999
42023,203999,0042300237,"May 19, 2024",DEN vs. MIN,L,47,13,28,0.464,2,10,0.2,6,7,0.857,6,13,19,7,0,1,3,2,34,-9,1,203999
42023,203999,0042300236,"May 16, 2024",DEN @ MIN,L,36,9,19,0.474,0,4,0.0,4,4,1.0,5,4,9,2,0,0,3,1,22,-25,1,203999
42023,203999,0042300235,"May 14, 2024",DEN vs. MIN,W,41,15,22,0.682,2,3,0.667,8,9,0.889,0,7,7,13,2,1,0,2,40,21,1,203999
42023,203999,0042300234,"May 12, 2024",DEN @ MIN,W,39,15,26,0.577,1,5,0.2,4,6,0.667,2,5,7,7,3,1,4,4,35,3,1,203999
42023,203999,0042300233,"May 10, 2024",DEN @ MIN,W,38,10,18,0.556,1,3,0.333,3,4,0.75,4,10,14,9,3,3,3,3,24,30,1,203999
42023,203999,0042300232,"May 06, 2024",DEN vs. MIN,L,39,5,13,0.385,0,1,0.0,6,6,1.0,6,10,16,8,0,1,4,2,16,-16,1,203999
42023,203999,0042300231,"May 04, 2024",DEN vs. MIN,L,41,11,25,0.44,2,9,0.222,8,8,1.0,1,7,8,9,3,0,7,4,32,-12,1,203999
42023,203999,0042300155,"Apr 29, 2024",DEN vs. LAL,W,41,12,21,0.571,1,5,0.2,0,0,0.0,2,18,20,9,0,0,7,1,25,7,1,203999
42023,203999,0042300154,"Apr 27, 2024",DEN @ LAL,L,41,10,20,0.5,2,5,0.4,11,11,1.0,5,9,14,14,1,1,3,4,33,-7,1,203999
42023,203999,0042300153,"Apr 25, 2024",DEN @ LAL,W,39,9,13,0.692,0,1,0.0,6,7,0.857,5,10,15,9,1,0,3,4,24,4,1,203999
42023,203999,0042300152,"Apr 22, 2024",DEN vs. LAL,W,41,9,16,0.563,2,4,0.5,7,7,1.0,4,16,20,10,2,0,3,2,27,1,1,203999
42023,203999,0042300151,"Apr 20, 2024",DEN vs. LAL,W,39,15,23,0.652,1,3,0.333,1,2,0.5,3,9,12,7,2,0,0,3,32,14,1,203999
42022,203999,0042200405,"Jun 12, 2023",DEN vs. MIA,W,42,12,16,0.75,1,3,0.333,3,5,0.6,1,15,16,4,0,1,4,3,28,12,1,203999
42022,203999,0042200404,"Jun 09, 2023",DEN @ MIA,W,37,8,19,0.421,3,7,0.429,4,4,1.0,2,10,12,4,3,3,3,5,23,9,1,203999
42022,203999,0042200403,"Jun 07, 2023",DEN @ MIA,W,44,12,21,0.571,1,2,0.5,7,8,0.875,3,18,21,10,0,2,3,5,32,15,1,203999
42022,203999,0042200402,"Jun 04, 2023",DEN vs. MIA,L,42,16,28,0.571,2,5,0.4,7,8,0.875,3,8,11,4,0,0,5,3,41,-11,1,203999
42022,203999,0042200401,"Jun 01, 2023",DEN vs. MIA,W,40,8,12,0.667,1,2,0.5,10,12,0.833,0,10,10,14,1,1,2,1,27,14,1,203999
42022,203999,0042200314,"May 22, 2023",DEN @ LAL,W,45,11,24,0.458,3,6,0.5,5,6,0.833,3,11,14,13,1,3,3,5,30,6,1,203999
42022,203999,0042200313,"May 20, 2023",DEN @ LAL,W,38,9,19,0.474,2,5,0.4,4,7,0.571,1,5,6,8,1,0,2,4,24,15,1,203999
42022,203999,0042200312,"May 18, 2023",DEN vs. LAL,W,42,9,21,0.429,0,3,0.0,5,6,0.833,4,13,17,12,3,0,5,3,23,7,1,203999
42022,203999,0042200311,"May 16, 2023",DEN vs. LAL,W,42,12,17,0.706,3,3,1.0,7,8,0.875,6,15,21,14,0,2,5,4,34,11,1,203999
42022,203999,0042200226,"May 11, 2023",DEN @ PHX,W,38,13,18,0.722,0,1,0.0,6,6,1.0,3,7,10,12,3,1,2,4,32,28,1,203999
42022,203999,0042200225,"May 09, 2023",DEN vs. PHX,W,38,12,20,0.6,2,3,0.667,3,5,0.6,4,9,13,12,1,2,4,3,29,18,1,203999
42022,203999,0042200224,"May 07, 2023",DEN @ PHX,L,39,20,30,0.667,2,4,0.5,11,13,0.846,1,3,4,11,0,1,6,2,53,2,1,203999
42022,203999,0042200223,"May 05, 2023",DEN @ PHX,L,42,11,19,0.579,1,2,0.5,7,8,0.875,6,11,17,17,0,1,6,3,30,5,1,203999
42022,203999,0042200222,"May 01, 2023",DEN vs. PHX,W,41,17,30,0.567,2,6,0.333,3,4,0.75,3,13,16,5,2,1,3,2,39,2,1,203999
42022,203999,0042200221,"Apr 29, 2023",DEN vs. PHX,W,33,9,21,0.429,1,2,0.5,5,5,1.0,8,11,19,5,0,0,3,1,24,19,1,203999
42022,203999,0042200145,"Apr 25, 2023",DEN vs. MIN,W,42,8,29,0.276,3,8,0.375,9,10,0.9,9,8,17,12,2,2,2,4,28,3,1,203999
42022,203999,0042200144,"Apr 23, 2023",DEN @ MIN,L,39,15,26,0.577,5,8,0.625,8,12,0.667,2,9,11,6,2,0,4,3,43,-14,1,203999
42022,203999,0042200143,"Apr 21, 2023",DEN @ MIN,W,38,9,13,0.692,2,3,0.667,0,0,0.0,2,9,11,12,1,0,4,4,20,7,1,203999
42022,203999,0042200142,"Apr 19, 2023",DEN vs. MIN,W,37,10,19,0.526,1,3,0.333,6,9,0.667,3,6,9,9,0,0,3,4,27,6,1,203999
42022,203999,0042200141,"Apr 16, 2023",DEN vs. MIN,W,28,6,12,0.5,0,0,0.0,1,3,0.333,5,9,14,6,1,0,1,6,13,15,1,203999
42021,203999,0042100165,"Apr 27, 2022",DEN @ GSW,L,32,12,18,0.667,0,2,0.0,6,8,0.75,3,16,19,8,1,2,6,5,30,0,1,203999
42021,203999,0042100164,"Apr 24, 2022",DEN vs. GSW,W,38,14,21,0.667,3,5,0.6,6,6,1.0,1,7,8,6,0,0,7,3,37,-2,1,203999
42021,203999,0042100163,"Apr 21, 2022",DEN vs. GSW,L,38,14,22,0.636,2,3,0.667,7,9,0.778,4,14,18,5,3,0,5,3,37,3,1,203999
42021,203999,0042100162,"Apr 18, 2022",DEN @ GSW,L,28,9,20,0.45,0,4,0.0,8,8,1.0,5,6,11,4,1,2,3,5,26,-26,1,203999
42021,203999,0042100161,"Apr 16, 2022",DEN @ GSW,L,35,12,25,0.48,0,4,0.0,1,2,0.5,4,6,10,6,3,1,3,4,25,-19,1,203999
42024,1629029,0042400165,"Apr 30, 2025",LAL vs. MIN,L,40,7,18,0.389,2,8,0.25,12,15,0.8,0,7,7,9,1,0,2,4,28,-5,1,1629029
42024,1629029,0042400164,"Apr 27, 2025",LAL @ MIN,L,46,13,28,0.464,5,12,0.417,7,7,1.0,0,1,1,2,1,1,4,3,38,-3,1,1629029
42024,1629029,0042400163,"Apr 25, 2025",LAL @ MIN,L,40,6,16,0.375,2,8,0.25,3,4,0.75,0,7,7,8,1,1,5,3,17,-16,1,1629029
42024,1629029,0042400162,"Apr 22, 2025",LAL vs. MIN,W,42,9,20,0.45,2,8,0.25,11,11,1.0,1,11,12,9,0,1,4,3,31,12,1,1629029
42024,1629029,0042400161,"Apr 19, 2025",LAL vs. MIN,L,40,12,22,0.545,5,10,0.5,8,9,0.889,1,7,8,1,2,0,5,3,37,-12,1,1629029
42023,1629029,0042300405,"Jun 17, 2024",DAL @ BOS,L,43,12,25,0.48,2,9,0.222,2,5,0.4,0,12,12,5,3,0,7,3,28,-19,1,1629029
42023,1629029,0042300404,"Jun 14, 2024",DAL vs. BOS,W,33,12,26,0.462,0,8,0.0,5,7,0.714,0,5,5,5,3,0,1,3,29,30,1,1629029
42023,1629029,0042300403,"Jun 12, 2024",DAL vs. BOS,L,38,11,27,0.407,1,7,0.143,4,4,1.0,0,6,6,6,1,0,3,6,27,9,1,1629029
42023,1629029,0042300402,"Jun 09, 2024",DAL @ BOS,L,42,12,21,0.571,4,9,0.444,4,8,0.5,0,11,11,11,4,0,8,1,32,-3,1,1629029
42023,1629029,0042300401,"Jun 06, 2024",DAL @ BOS,L,38,12,26,0.462,4,12,0.333,2,5,0.4,0,10,10,1,2,0,4,1,30,-10,1,1629029
42023,1629029,0042300315,"May 30, 2024",DAL @ MIN,W,37,14,22,0.636,6,10,0.6,2,3,0.667,0,10,10,5,2,0,4,2,36,22,1,1629029
42023,1629029,0042300314,"May 28, 2024",DAL vs. MIN,L,41,7,21,0.333,4,11,0.364,10,12,0.833,2,13,15,10,1,0,3,4,28,-13,1,1629029
42023,1629029,0042300313,"May 26, 2024",DAL vs. MIN,W,41,10,20,0.5,5,11,0.455,8,10,0.8,1,6,7,5,5,1,3,2,33,6,1,1629029
42023,1629029,0042300312,"May 24, 2024",DAL @ MIN,W,41,10,23,0.435,5,11,0.455,7,7,1.0,1,9,10,13,0,0,4,0,32,6,1,1629029
42023,1629029,0042300311,"May 22, 2024",DAL @ MIN,W,41,12,26,0.462,3,10,0.3,6,7,0.857,0,6,6,8,3,1,4,2,33,-9,1,1629029
42023,1629029,0042300226,"May 18, 2024",DAL vs. OKC,W,45,9,15,0.6,4,6,0.667,7,7,1.0,0,10,10,10,2,0,7,4,29,7,1,1629029
42023,1629029,0042300225,"May 15, 2024",DAL @ OKC,W,41,12,22,0.545,5,11,0.455,2,3,0.667,0,10,10,11,0,1,3,3,31,13,1,1629029
42023,1629029,0042300224,"May 13, 2024",DAL vs. OKC,L,42,6,20,0.3,2,9,0.222,4,6,0.667,1,11,12,10,2,1,7,4,18,1,1,1629029
42023,1629029,0042300223,"May 11, 2024",DAL vs. OKC,W,40,7,17,0.412,1,4,0.25,7,10,0.7,3,12,15,5,2,0,4,1,22,3,1,1629029
42023,1629029,0042300222,"May 09, 2024",DAL @ OKC,W,41,11,21,0.524,5,8,0.625,2,2,1.0,0,10,10,7,3,1,1,0,29,6,1,1629029
42023,1629029,0042300221,"May 07, 2024",DAL @ OKC,L,41,6,19,0.316,1,8,0.125,6,10,0.6,0,6,6,9,2,0,5,0,19,-21,1,1629029
42023,1629029,0042300176,"May 03, 2024",DAL vs. LAC,W,43,9,26,0.346,1,10,0.1,9,11,0.818,1,6,7,13,1,1,5,5,28,9,1,1629029
42023,1629029,0042300175,"May 01, 2024",DAL @ LAC,W,39,14,26,0.538,2,8,0.25,5,5,1.0,1,6,7,10,1,0,2,4,35,28,1,1629029
42023,1629029,0042300174,"Apr 28, 2024",DAL vs. LAC,L,45,10,24,0.417,1,9,0.111,8,10,0.8,4,6,10,10,0,1,3,5,29,8,1,1629029
42023,1629029,0042300173,"Apr 26, 2024",DAL vs. LAC,W,40,7,25,0.28,3,14,0.214,5,7,0.714,1,9,10,9,2,0,5,2,22,11,1,1629029
42023,1629029,0042300172,"Apr 23, 2024",DAL @ LAC,W,46,11,26,0.423,5,14,0.357,5,6,0.833,0,6,6,9,1,1,3,3,32,8,1,1629029
42023,1629029,0042300171,"Apr 21, 2024",DAL @ LAC,L,42,11,26,0.423,4,12,0.333,7,8,0.875,1,12,13,6,1,0,4,1,33,3,1,1629029
42021,1629029,0042100315,"May 26, 2022",DAL @ GSW,L,40,10,28,0.357,3,13,0.231,5,7,0.714,1,8,9,6,1,0,4,3,28,-12,1,1629029
42021,1629029,0042100314,"May 24, 2022",DAL vs. GSW,W,38,10,26,0.385,3,11,0.273,7,10,0.7,0,14,14,9,2,2,3,2,30,13,1,1629029
42021,1629029,0042100313,"May 22, 2022",DAL vs. GSW,L,40,11,23,0.478,4,9,0.444,14,17,0.824,0,11,11,3,1,2,3,3,40,-19,1,1629029
42021,1629029,0042100312,"May 20, 2022",DAL @ GSW,L,38,12,23,0.522,5,10,0.5,13,15,0.867,0,5,5,8,3,1,2,3,42,-12,1,1629029
42021,1629029,0042100311,"May 18, 2022",DAL @ GSW,L,35,6,18,0.333,3,10,0.3,5,8,0.625,0,7,7,4,1,0,7,1,20,-30,1,1629029
42021,1629029,0042100227,"May 15, 2022",DAL @ PHX,W,30,12,19,0.632,6,11,0.545,5,5,1.0,1,9,10,4,2,0,2,3,35,37,1,1629029
42021,1629029,0042100226,"May 12, 2022",DAL vs. PHX,W,35,11,26,0.423,2,8,0.25,9,14,0.643,1,10,11,8,4,0,1,4,33,15,1,1629029
42021,1629029,0042100225,"May 10, 2022",DAL @ PHX,L,35,10,23,0.435,2,8,0.25,6,7,0.857,1,10,11,2,3,0,4,3,28,-17,1,1629029
42021,1629029,0042100224,"May 08, 2022",DAL vs. PHX,W,37,9,25,0.36,1,10,0.1,7,8,0.875,0,7,7,11,3,0,4,4,26,15,1,1629029
42021,1629029,0042100223,"May 06, 2022",DAL vs. PHX,W,34,11,25,0.44,2,7,0.286,2,5,0.4,3,10,13,9,2,0,5,5,26,20,1,1629029
42021,1629029,0042100222,"May 04, 2022",DAL @ PHX,L,36,13,22,0.591,5,10,0.5,4,5,0.8,1,4,5,7,1,0,7,2,35,-28,1,1629029
42021,1629029,0042100221,"May 02, 2022",DAL @ PHX,L,44,15,30,0.5,4,11,0.364,11,14,0.786,2,10,12,8,0,1,5,1,45,-4,1,1629029
42021,1629029,0042100176,"Apr 28, 2022",DAL @ UTA,W,42,8,21,0.381,4,10,0.4,4,4,1.0,0,9,9,8,2,2,3,3,24,15,1,1629029
42021,1629029,0042100175,"Apr 25, 2022",DAL vs. UTA,W,33,11,22,0.5,3,10,0.3,8,12,0.667,0,13,13,5,0,1,5,4,33,32,1,1629029
42021,1629029,0042100174,"Apr 23, 2022",DAL @ UTA,L,34,11,21,0.524,4,10,0.4,4,4,1.0,0,10,10,4,2,0,4,3,30,7,1,1629029
42020,1629029,0042000177,"Jun 06, 2021",DAL @ LAC,L,45,17,30,0.567,5,11,0.455,7,11,0.636,0,7,7,14,0,0,6,3,46,-9,1,1629029
42020,1629029,0042000176,"Jun 04, 2021",DAL vs. LAC,L,41,11,24,0.458,2,9,0.222,5,5,1.0,0,8,8,11,4,0,3,3,29,-8,1,1629029
42020,1629029,0042000175,"Jun 02, 2021",DAL @ LAC,W,43,17,37,0.459,6,12,0.5,2,3,0.667,1,7,8,14,1,0,4,2,42,15,1,1629029
42020,1629029,0042000174,"May 30, 2021",DAL vs. LAC,L,36,9,24,0.375,1,7,0.143,0,5,0.0,0,6,6,6,1,0,4,1,19,-16,1,1629029
42020,1629029,0042000173,"May 28, 2021",DAL vs. LAC,L,39,15,28,0.536,7,13,0.538,7,13,0.538,2,7,9,9,1,0,5,2,44,3,1,1629029
42020,1629029,0042000172,"May 25, 2021",DAL @ LAC,W,38,16,29,0.552,5,13,0.385,2,7,0.286,0,7,7,7,1,1,7,3,39,3,1,1629029
42020,1629029,0042000171,"May 22, 2021",DAL @ LAC,W,41,11,24,0.458,5,11,0.455,4,7,0.571,1,9,10,11,1,2,3,3,31,19,1,1629029
42019,1629029,0041900156,"Aug 30, 2020",DAL vs. LAC,L,42,15,28,0.536,4,9,0.444,4,8,0.5,0,9,9,9,1,0,5,4,38,-9,1,1629029
42019,1629029,0041900155,"Aug 25, 2020",DAL @ LAC,L,31,6,17,0.353,1,6,0.167,9,14,0.643,1,7,8,4,0,1,5,1,22,-23,1,1629029
42019,1629029,0041900154,"Aug 23, 2020",DAL vs. LAC,W,46,18,31,0.581,4,10,0.4,3,5,0.6,1,16,17,13,2,1,7,1,43,11,1,1629029
42019,1629029,0041900153,"Aug 21, 2020",DAL vs. LAC,L,29,4,14,0.286,1,6,0.167,4,10,0.4,2,8,10,10,1,1,2,2,13,-14,1,1629029
42019,1629029,0041900152,"Aug 19, 2020",DAL @ LAC,W,28,8,17,0.471,4,7,0.571,8,12,0.667,0,8,8,7,0,0,1,5,28,11,1,1629029
42019,1629029,0041900151,"Aug 17, 2020",DAL @ LAC,L,38,13,21,0.619,2,6,0.333,14,15,0.933,0,7,7,9,3,0,11,4,42,-14,1,1629029
42024,201935,0042400177,"May 03, 2025",LAC @ DEN,L,35,2,8,0.25,1,4,0.25,2,2,1.0,0,5,5,13,2,1,2,0,7,-29,1,201935
42024,201935,0042400176,"May 01, 2025",LAC vs. DEN,W,47,10,20,0.5,3,8,0.375,5,5,1.0,1,5,6,8,2,1,4,3,28,2,1,201935
42024,201935,0042400175,"Apr 29, 2025",LAC @ DEN,L,35,3,9,0.333,0,2,0.0,5,8,0.625,1,7,8,5,2,0,4,4,11,-16,1,201935
42024,201935,0042400174,"Apr 26, 2025",LAC vs. DEN,L,43,5,11,0.455,1,2,0.5,4,6,0.667,0,4,4,11,2,2,4,3,15,-4,1,201935
42024,201935,0042400173,"Apr 24, 2025",LAC vs. DEN,W,34,6,14,0.429,3,8,0.375,5,6,0.833,2,4,6,9,0,0,1,0,20,25,1,201935
42024,201935,0042400172,"Apr 21, 2025",LAC @ DEN,W,39,7,17,0.412,4,11,0.364,0,0,0.0,0,3,3,7,1,2,4,1,18,-1,1,201935
42024,201935,0042400171,"Apr 19, 2025",LAC @ DEN,L,43,11,22,0.5,4,9,0.444,6,6,1.0,0,6,6,11,0,1,2,5,32,0,1,201935
42023,201935,0042300176,"May 03, 2024",LAC @ DAL,L,43,5,16,0.313,0,6,0.0,6,7,0.857,0,7,7,13,2,1,1,1,16,-6,1,201935
42023,201935,0042300175,"May 01, 2024",LAC vs. DAL,L,33,2,12,0.167,1,7,0.143,2,2,1.0,2,2,4,7,0,0,4,1,7,-25,1,201935
42023,201935,0042300174,"Apr 28, 2024",LAC @ DAL,W,40,12,17,0.706,4,5,0.8,5,5,1.0,1,5,6,7,1,1,2,4,33,3,1,201935
42023,201935,0042300173,"Apr 26, 2024",LAC @ DAL,L,44,7,13,0.538,5,8,0.625,2,3,0.667,0,2,2,5,2,1,5,2,21,-21,1,201935
42023,201935,0042300172,"Apr 23, 2024",LAC vs. DAL,L,42,6,14,0.429,2,10,0.2,8,9,0.889,0,6,6,8,1,1,1,4,22,-6,1,201935
42023,201935,0042300171,"Apr 21, 2024",LAC vs. DAL,W,39,8,17,0.471,6,11,0.545,6,6,1.0,0,2,2,8,0,2,1,1,28,7,1,201935
42022,201935,0042200217,"May 14, 2023",PHI @ BOS,L,41,3,11,0.273,1,5,0.2,2,2,1.0,1,5,6,7,2,1,5,1,9,-30,1,201935
42022,201935,0042200216,"May 11, 2023",PHI vs. BOS,L,43,4,16,0.25,0,6,0.0,5,5,1.0,2,5,7,9,3,1,5,3,13,-10,1,201935
42022,201935,0042200215,"May 09, 2023",PHI @ BOS,W,39,4,8,0.5,1,2,0.5,8,10,0.8,0,8,8,10,2,0,2,2,17,10,1,201935
42022,201935,0042200214,"May 07, 2023",PHI vs. BOS,W,47,16,23,0.696,6,9,0.667,4,4,1.0,0,8,8,9,4,1,1,2,42,-6,1,201935
42022,201935,0042200213,"May 05, 2023",PHI vs. BOS,L,41,3,14,0.214,2,7,0.286,8,9,0.889,0,6,6,11,1,0,5,4,16,-12,1,201935
42022,201935,0042200212,"May 03, 2023",PHI @ BOS,L,32,2,14,0.143,0,6,0.0,8,10,0.8,1,9,10,4,0,0,0,2,12,-21,1,201935
42022,201935,0042200211,"May 01, 2023",PHI @ BOS,W,39,17,30,0.567,7,14,0.5,4,4,1.0,0,1,1,6,2,0,3,4,45,8,1,201935
42022,201935,0042200124,"Apr 22, 2023",PHI @ BKN,W,40,4,18,0.222,2,5,0.4,7,8,0.875,0,8,8,11,1,1,3,3,17,11,1,201935
42022,201935,0042200123,"Apr 20, 2023",PHI @ BKN,W,29,8,15,0.533,3,7,0.429,2,3,0.667,1,4,5,4,0,0,2,2,21,-15,1,201935
42022,201935,0042200122,"Apr 17, 2023",PHI vs. BKN,W,38,3,13,0.231,2,8,0.25,0,0,0.0,0,5,5,7,4,0,5,2,8,5,1,201935
42022,201935,0042200121,"Apr 15, 2023",PHI vs. BKN,W,36,8,21,0.381,7,13,0.538,0,0,0.0,1,3,4,13,1,0,4,3,23,20,1,201935
42021,201935,0042100206,"May 12, 2022",PHI vs. MIA,L,43,4,9,0.444,3,7,0.429,0,0,0.0,0,4,4,9,1,0,4,2,11,-16,1,201935
42021,201935,0042100205,"May 10, 2022",PHI @ MIA,L,37,5,13,0.385,2,6,0.333,2,3,0.667,1,5,6,4,1,0,4,2,14,-29,1,201935
42021,201935,0042100204,"May 08, 2022",PHI vs. MIA,W,41,8,18,0.444,6,10,0.6,9,10,0.9,1,6,7,9,1,0,6,2,31,8,1,201935
42021,201935,0042100203,"May 06, 2022",PHI vs. MIA,W,38,4,11,0.364,1,7,0.143,8,8,1.0,1,7,8,6,0,1,7,4,17,27,1,201935
42021,201935,0042100202,"May 04, 2022",PHI @ MIA,L,41,6,15,0.4,1,5,0.2,7,7,1.0,1,3,4,9,0,0,3,3,20,-10,1,201935
42021,201935,0042100201,"May 02, 2022",PHI @ MIA,L,35,5,13,0.385,2,7,0.286,4,4,1.0,1,8,9,5,0,0,5,2,16,-8,1,201935
42021,201935,0042100136,"Apr 28, 2022",PHI @ TOR,W,42,7,12,0.583,2,5,0.4,6,6,1.0,0,6,6,15,0,0,3,3,22,38,1,201935
42021,201935,0042100135,"Apr 25, 2022",PHI vs. TOR,L,40,4,11,0.364,2,6,0.333,5,6,0.833,0,2,2,7,1,1,5,1,15,-10,1,201935
42021,201935,0042100134,"Apr 23, 2022",PHI @ TOR,L,42,5,17,0.294,2,8,0.25,10,11,0.909,1,4,5,9,1,3,4,2,22,-14,1,201935
42021,201935,0042100133,"Apr 20, 2022",PHI @ TOR,W,38,7,13,0.538,2,4,0.5,3,5,0.6,2,4,6,10,0,0,3,6,19,0,1,201935
42021,201935,0042100132,"Apr 18, 2022",PHI vs. TOR,W,41,3,9,0.333,1,4,0.25,7,8,0.875,1,5,6,6,3,2,5,2,14,17,1,201935
42021,201935,0042100131,"Apr 16, 2022",PHI vs. TOR,W,40,6,17,0.353,4,7,0.571,6,7,0.857,2,3,5,14,1,1,1,0,22,14,1,201935
42020,201935,0042000217,"Jun 19, 2021",BKN vs. MIL,L,53,5,17,0.294,2,12,0.167,10,10,1.0,1,8,9,9,1,1,4,3,22,-4,1,201935
42020,201935,0042000216,"Jun 17, 2021",BKN @ MIL,L,40,5,9,0.556,3,6,0.5,3,5,0.6,1,4,5,7,4,0,4,4,16,-19,1,201935
42020,201935,0042000215,"Jun 15, 2021",BKN vs. MIL,W,46,1,10,0.1,0,8,0.0,3,3,1.0,0,6,6,8,0,0,4,3,5,4,1,201935
42020,201935,0042000211,"Jun 05, 2021",BKN vs. MIL,W,1,0,0,0.0,0,0,0.0,0,0,0.0,0,1,1,0,0,0,0,0,0,-2,1,201935
42020,201935,0042000115,"Jun 01, 2021",BKN vs. BOS,W,39,10,17,0.588,4,7,0.571,10,11,0.909,1,9,10,10,2,2,1,4,34,22,1,201935
42020,201935,0042000114,"May 30, 2021",BKN @ BOS,W,40,8,12,0.667,2,5,0.4,5,6,0.833,1,4,5,18,2,2,6,3,23,8,1,201935
42020,201935,0042000113,"May 28, 2021",BKN @ BOS,L,39,11,18,0.611,7,12,0.583,12,13,0.923,1,6,7,10,1,0,2,1,41,13,1,201935
42020,201935,0042000112,"May 25, 2021",BKN vs. BOS,W,27,6,12,0.5,4,8,0.5,4,4,1.0,2,3,5,7,1,0,2,3,20,31,1,201935
42020,201935,0042000111,"May 22, 2021",BKN vs. BOS,W,36,5,13,0.385,2,8,0.25,9,10,0.9,0,9,9,8,4,1,3,2,21,2,1,201935
42019,201935,0041900225,"Sep 12, 2020",HOU @ LAL,L,42,12,20,0.6,2,8,0.25,4,4,1.0,4,2,6,5,1,1,6,5,30,-29,1,201935
42019,201935,0041900224,"Sep 10, 2020",HOU vs. LAL,L,39,2,11,0.182,1,6,0.167,16,20,0.8,0,4,4,10,2,3,5,3,21,0,1,201935
42019,201935,0041900223,"Sep 08, 2020",HOU vs. LAL,L,38,11,23,0.478,4,9,0.444,7,7,1.0,3,6,9,9,0,0,2,2,33,-7,1,201935
42019,201935,0041900222,"Sep 06, 2020",HOU @ LAL,L,39,6,12,0.5,4,8,0.5,11,13,0.846,0,2,2,7,2,0,5,2,27,8,1,201935
42019,201935,0041900221,"Sep 04, 2020",HOU @ LAL,W,34,12,20,0.6,3,6,0.5,9,12,0.75,0,2,2,5,2,1,5,2,36,0,1,201935
42019,201935,0041900177,"Sep 02, 2020",HOU vs. OKC,W,37,4,15,0.267,1,9,0.111,8,9,0.889,1,2,3,9,2,3,4,5,17,9,1,201935
42019,201935,0041900176,"Aug 31, 2020",HOU @ OKC,L,39,11,22,0.5,3,11,0.273,7,8,0.875,1,7,8,7,0,0,5,2,32,6,1,201935
42019,201935,0041900175,"Aug 29, 2020",HOU vs. OKC,W,28,11,15,0.733,4,8,0.5,5,6,0.833,0,2,2,5,1,1,3,3,31,28,1,201935
42019,201935,0041900174,"Aug 24, 2020",HOU @ OKC,L,43,11,25,0.44,6,15,0.4,4,5,0.8,1,7,8,15,4,0,6,5,32,2,1,201935
42019,201935,0041900173,"Aug 22, 2020",HOU @ OKC,L,38,12,27,0.444,3,13,0.231,11,15,0.733,0,7,7,8,1,0,1,6,38,6,1,201935
42019,201935,0041900172,"Aug 20, 2020",HOU vs. OKC,W,36,5,16,0.313,2,11,0.182,9,9,1.0,0,5,5,9,3,1,0,4,21,-1,1,201935
42019,201935,0041900171,"Aug 18, 2020",HOU vs. OKC,W,34,12,22,0.545,6,13,0.462,7,8,0.875,2,9,11,3,0,0,3,4,37,10,1,201935
42022,1630552,0042200116,"Apr 27, 2023",ATL vs. BOS,L,5,2,2,1.0,1,1,1.0,0,0,0.0,0,0,0,0,0,0,0,0,5,5,1,1630552
42022,1630552,0042200115,"Apr 25, 2023",ATL @ BOS,W,14,1,5,0.2,1,4,0.25,0,0,0.0,0,3,3,2,0,0,0,1,3,1,1,1630552
42022,1630552,0042200114,"Apr 23, 2023",ATL vs. BOS,L,6,1,1,1.0,0,0,0.0,0,0,0.0,0,2,2,1,1,0,0,0,2,4,1,1630552
42022,1630552,0042200113,"Apr 21, 2023",ATL vs. BOS,W,13,3,5,0.6,2,3,0.667,2,2,1.0,0,1,1,4,1,0,3,1,10,-1,1,1630552
42022,1630552,0042200112,"Apr 18, 2023",ATL @ BOS,L,5,0,1,0.0,0,1,0.0,0,0,0.0,0,3,3,0,0,0,1,0,0,-13,1,1630552
42022,1630552,0042200111,"Apr 15, 2023",ATL @ BOS,L,13,3,10,0.3,0,2,0.0,0,0,0.0,2,4,6,1,1,0,1,3,6,1,1,1630552
42021,1630552,0042100104,"Apr 24, 2022",ATL vs. MIA,L,4,0,2,0.0,0,0,0.0,0,0,0.0,0,0,0,0,0,0,1,0,0,0,1,1630552
42021,1630552,0042100101,"Apr 17, 2022",ATL @ MIA,L,5,0,1,0.0,0,1,0.0,0,0,0.0,0,0,0,0,0,0,0,0,0,6,1,1630552
42024,2544,0042400165,"Apr 30, 2025",LAL vs. MIN,L,40,9,21,0.429,1,5,0.2,3,6,0.5,2,5,7,6,2,0,3,2,22,-14,1,2544
42024,2544,0042400164,"Apr 27, 2025",LAL @ MIN,L,46,5,9,0.556,2,4,0.5,15,18,0.833,3,9,12,8,3,3,3,2,27,-4,1,2544
42024,2544,0042400163,"Apr 25, 2025",LAL @ MIN,L,41,13,21,0.619,5,9,0.556,7,10,0.7,3,7,10,4,2,2,1,0,38,-10,1,2544
42024,2544,0042400162,"Apr 22, 2025",LAL vs. MIN,W,40,8,19,0.421,1,5,0.2,4,4,1.0,3,8,11,7,1,1,2,4,21,9,1,2544
42024,2544,0042400161,"Apr 19, 2025",LAL vs. MIN,L,36,8,18,0.444,1,5,0.2,2,2,1.0,1,4,5,3,2,3,4,0,19,-22,1,2544
42023,2544,0042300155,"Apr 29, 2024",LAL @ DEN,L,44,11,21,0.524,3,7,0.429,5,7,0.714,1,8,9,11,4,0,1,4,30,3,1,2544
42023,2544,0042300154,"Apr 27, 2024",LAL vs. DEN,W,39,14,23,0.609,0,2,0.0,2,2,1.0,1,4,5,4,3,1,6,0,30,1,1,2544
42023,2544,0042300153,"Apr 25, 2024",LAL vs. DEN,L,42,12,20,0.6,1,6,0.167,1,2,0.5,0,6,6,9,2,1,3,3,26,-8,1,2544
42023,2544,0042300152,"Apr 22, 2024",LAL @ DEN,L,38,9,19,0.474,3,6,0.5,5,7,0.714,0,8,8,12,2,2,2,3,26,2,1,2544
42023,2544,0042300151,"Apr 20, 2024",LAL @ DEN,L,41,10,16,0.625,3,5,0.6,4,5,0.8,2,4,6,8,1,1,7,1,27,-9,1,2544
42022,2544,0042200314,"May 22, 2023",LAL vs. DEN,L,48,15,25,0.6,4,7,0.571,6,7,0.857,2,8,10,9,2,0,1,1,40,-2,1,2544
42022,2544,0042200313,"May 20, 2023",LAL vs. DEN,L,43,8,19,0.421,3,9,0.333,4,7,0.571,0,7,7,12,0,0,2,2,23,-4,1,2544
42022,2544,0042200312,"May 18, 2023",LAL @ DEN,L,40,9,19,0.474,0,6,0.0,4,4,1.0,0,9,9,10,4,2,3,2,22,4,1,2544
42022,2544,0042200311,"May 16, 2023",LAL @ DEN,L,40,9,16,0.563,0,4,0.0,8,11,0.727,3,9,12,9,0,1,3,1,26,-6,1,2544
42022,2544,0042200236,"May 12, 2023",LAL vs. GSW,W,43,10,14,0.714,2,3,0.667,8,11,0.727,0,9,9,9,2,1,2,2,30,21,1,2544
42022,2544,0042200235,"May 10, 2023",LAL @ GSW,L,39,9,17,0.529,3,7,0.429,4,4,1.0,1,8,9,3,2,1,4,3,25,-16,1,2544
42022,2544,0042200234,"May 08, 2023",LAL vs. GSW,W,43,10,25,0.4,2,9,0.222,5,5,1.0,2,7,9,6,0,1,3,3,27,-8,1,2544
42022,2544,0042200233,"May 06, 2023",LAL vs. GSW,W,32,6,11,0.545,2,4,0.5,7,8,0.875,1,7,8,8,0,1,0,0,21,26,1,2544
42022,2544,0042200232,"May 04, 2023",LAL @ GSW,L,28,10,18,0.556,3,8,0.375,0,0,0.0,0,7,7,3,1,0,0,3,23,-27,1,2544
42022,2544,0042200231,"May 02, 2023",LAL @ GSW,W,40,9,24,0.375,1,8,0.125,3,4,0.75,2,9,11,4,0,3,4,0,22,1,1,2544
42022,2544,0042200156,"Apr 28, 2023",LAL vs. MEM,W,31,9,13,0.692,2,5,0.4,2,3,0.667,1,4,5,6,1,0,3,2,22,32,1,2544
42022,2544,0042200155,"Apr 26, 2023",LAL @ MEM,L,37,5,17,0.294,1,9,0.111,4,6,0.667,2,8,10,5,1,1,5,1,15,-1,1,2544
42022,2544,0042200154,"Apr 24, 2023",LAL vs. MEM,W,45,8,18,0.444,1,7,0.143,5,7,0.714,5,15,20,7,0,2,1,3,22,8,1,2544
42022,2544,0042200153,"Apr 22, 2023",LAL vs. MEM,W,36,10,20,0.5,0,4,0.0,5,7,0.714,2,7,9,5,1,1,3,3,25,-6,1,2544
42022,2544,0042200152,"Apr 19, 2023",LAL @ MEM,L,39,12,23,0.522,1,8,0.125,3,4,0.75,2,10,12,3,1,1,1,1,28,-17,1,2544
42022,2544,0042200151,"Apr 16, 2023",LAL @ MEM,W,34,8,16,0.5,3,8,0.375,2,4,0.5,2,9,11,5,2,3,5,1,21,7,1,2544
42020,2544,0042000156,"Jun 03, 2021",LAL vs. PHX,L,41,11,26,0.423,3,10,0.3,4,6,0.667,2,7,9,7,2,2,3,1,29,-3,1,2544
42020,2544,0042000155,"Jun 01, 2021",LAL @ PHX,L,32,9,19,0.474,6,10,0.6,0,0,0.0,1,4,5,7,0,0,3,1,24,-24,1,2544
42020,2544,0042000154,"May 30, 2021",LAL vs. PHX,L,38,10,21,0.476,1,7,0.143,4,7,0.571,2,10,12,6,1,0,6,1,25,6,1,2544
42020,2544,0042000153,"May 27, 2021",LAL vs. PHX,W,38,9,19,0.474,1,5,0.2,2,3,0.667,1,5,6,9,1,0,7,0,21,15,1,2544
42020,2544,0042000152,"May 25, 2021",LAL @ PHX,W,39,9,16,0.563,4,9,0.444,1,1,1.0,0,4,4,9,2,0,1,3,23,14,1,2544
42020,2544,0042000151,"May 23, 2021",LAL @ PHX,L,36,6,13,0.462,3,7,0.429,3,6,0.5,1,6,7,10,3,0,5,1,18,2,1,2544
42019,2544,0041900406,"Oct 11, 2020",LAL @ MIA,W,41,13,20,0.65,1,5,0.2,1,4,0.25,3,11,14,10,1,0,1,3,28,18,1,2544
42019,2544,0041900405,"Oct 09, 2020",LAL vs. MIA,L,42,15,21,0.714,6,9,0.667,4,6,0.667,3,10,13,7,3,0,4,1,40,7,1,2544
42019,2544,0041900404,"Oct 06, 2020",LAL @ MIA,W,39,8,16,0.5,2,5,0.4,10,12,0.833,2,10,12,8,1,0,6,2,28,-2,1,2544
42019,2544,0041900403,"Oct 04, 2020",LAL @ MIA,L,39,9,16,0.563,1,5,0.2,6,9,0.667,1,9,10,8,0,2,8,2,25,-4,1,2544
42019,2544,0041900402,"Oct 02, 2020",LAL vs. MIA,W,39,14,25,0.56,3,8,0.375,2,5,0.4,2,7,9,9,1,1,0,2,33,7,1,2544
42019,2544,0041900401,"Sep 30, 2020",LAL vs. MIA,W,36,9,17,0.529,2,4,0.5,5,6,0.833,1,12,13,9,1,0,2,3,25,10,1,2544
42019,2544,0041900315,"Sep 26, 2020",LAL vs. DEN,W,40,15,25,0.6,1,4,0.25,7,8,0.875,3,13,16,10,1,0,2,2,38,12,1,2544
42019,2544,0041900314,"Sep 24, 2020",LAL @ DEN,W,38,7,18,0.389,1,3,0.333,11,14,0.786,1,8,9,8,0,0,0,2,26,8,1,2544
42019,2544,0041900313,"Sep 22, 2020",LAL @ DEN,L,37,14,23,0.609,1,4,0.25,1,2,0.5,1,9,10,11,2,2,6,1,30,2,1,2544
42019,2544,0041900312,"Sep 20, 2020",LAL vs. DEN,W,36,10,20,0.5,3,8,0.375,3,4,0.75,2,9,11,4,0,2,6,2,26,-9,1,2544
42019,2544,0041900311,"Sep 18, 2020",LAL vs. DEN,W,31,6,11,0.545,0,2,0.0,3,4,0.75,1,5,6,12,0,0,3,2,15,15,1,2544
42019,2544,0041900225,"Sep 12, 2020",LAL vs. HOU,W,31,9,18,0.5,3,8,0.375,8,10,0.8,2,9,11,7,2,1,4,2,29,19,1,2544
42019,2544,0041900224,"Sep 10, 2020",LAL @ HOU,W,34,7,17,0.412,0,5,0.0,2,3,0.667,1,14,15,9,3,0,4,2,16,15,1,2544
42019,2544,0041900223,"Sep 08, 2020",LAL @ HOU,W,38,13,23,0.565,4,9,0.444,6,10,0.6,0,7,7,5,1,4,2,1,36,8,1,2544
42019,2544,0041900222,"Sep 06, 2020",LAL vs. HOU,W,39,10,17,0.588,1,5,0.2,7,10,0.7,0,11,11,9,4,2,7,3,28,15,1,2544
42019,2544,0041900221,"Sep 04, 2020",LAL vs. HOU,L,37,7,15,0.467,2,7,0.286,4,5,0.8,1,7,8,7,0,2,4,2,20,-15,1,2544
42019,2544,0041900145,"Aug 29, 2020",LAL vs. POR,W,34,14,19,0.737,4,7,0.571,4,4,1.0,0,10,10,10,1,1,5,1,36,20,1,2544
42019,2544,0041900144,"Aug 24, 2020",LAL @ POR,W,28,10,12,0.833,4,5,0.8,6,8,0.75,1,5,6,10,0,1,2,2,30,17,1,2544
42019,2544,0041900143,"Aug 22, 2020",LAL @ POR,W,34,11,18,0.611,4,8,0.5,12,17,0.706,1,11,12,8,2,0,8,3,38,2,1,2544
42019,2544,0041900142,"Aug 20, 2020",LAL vs. POR,W,27,4,11,0.364,0,3,0.0,2,2,1.0,0,6,6,7,2,0,6,1,10,23,1,2544
42019,2544,0041900141,"Aug 18, 2020",LAL vs. POR,L,41,9,20,0.45,1,5,0.2,4,7,0.571,2,15,17,16,1,0,4,1,23,-3,1,2544
42024,1627750,0042400227,"May 18, 2025",DEN @ OKC,L,35,6,16,0.375,1,8,0.125,0,0,0.0,0,1,1,2,3,1,2,1,13,-21,1,1627750
42024,1627750,0042400226,"May 15, 2025",DEN vs. OKC,W,42,9,19,0.474,2,6,0.333,5,6,0.833,1,7,8,7,0,1,5,3,25,28,1,1627750
42024,1627750,0042400225,"May 13, 2025",DEN @ OKC,L,42,10,27,0.37,3,13,0.231,5,5,1.0,2,2,4,3,0,1,4,4,28,-5,1,1627750
42024,1627750,0042400224,"May 11, 2025",DEN vs. OKC,L,41,5,15,0.333,2,5,0.4,5,6,0.833,2,2,4,5,1,0,4,1,17,-12,1,1627750
42024,1627750,0042400223,"May 09, 2025",DEN vs. OKC,W,48,9,19,0.474,2,5,0.4,7,8,0.875,0,4,4,8,4,1,2,2,27,14,1,1627750
42024,1627750,0042400222,"May 07, 2025",DEN @ OKC,L,31,4,9,0.444,3,5,0.6,3,4,0.75,2,2,4,1,0,1,2,1,14,-34,1,1627750
42024,1627750,0042400221,"May 05, 2025",DEN @ OKC,W,44,6,16,0.375,2,7,0.286,7,8,0.875,1,5,6,6,1,0,4,3,21,12,1,1627750
42024,1627750,0042400177,"May 03, 2025",DEN vs. LAC,W,42,7,15,0.467,0,3,0.0,2,3,0.667,0,5,5,2,0,1,4,2,16,19,1,1627750
42024,1627750,0042400176,"May 01, 2025",DEN @ LAC,L,44,9,19,0.474,2,6,0.333,1,1,1.0,0,8,8,8,0,3,3,1,21,2,1,1627750
42024,1627750,0042400175,"Apr 29, 2025",DEN vs. LAC,W,40,17,26,0.654,8,14,0.571,1,1,1.0,0,5,5,7,3,1,1,2,43,17,1,1627750
42024,1627750,0042400174,"Apr 26, 2025",DEN @ LAC,W,42,5,17,0.294,1,5,0.2,2,2,1.0,0,7,7,7,2,0,3,4,13,8,1,1627750
42024,1627750,0042400173,"Apr 24, 2025",DEN @ LAC,L,36,8,15,0.533,1,4,0.25,6,6,1.0,0,0,0,4,1,0,3,3,23,-15,1,1627750
42024,1627750,0042400172,"Apr 21, 2025",DEN vs. LAC,L,42,9,17,0.529,4,8,0.5,1,1,1.0,0,3,3,6,1,1,4,3,23,5,1,1627750
42024,1627750,0042400171,"Apr 19, 2025",DEN vs. LAC,W,48,7,20,0.35,3,7,0.429,4,5,0.8,1,8,9,7,1,0,3,1,21,12,1,1627750
42023,1627750,0042300237,"May 19, 2024",DEN vs. MIN,L,43,13,27,0.481,4,12,0.333,5,5,1.0,0,3,3,3,0,0,4,3,35,-8,1,1627750
42023,1627750,0042300236,"May 16, 2024",DEN @ MIN,L,33,4,18,0.222,2,7,0.286,0,0,0.0,0,2,2,5,1,0,2,2,10,-32,1,1627750
42023,1627750,0042300235,"May 14, 2024",DEN vs. MIN,W,41,7,14,0.5,0,0,0.0,2,2,1.0,1,0,1,4,1,0,2,2,16,11,1,1627750
42023,1627750,0042300234,"May 12, 2024",DEN @ MIN,W,39,8,17,0.471,3,7,0.429,0,0,0.0,1,4,5,8,2,0,3,3,19,0,1,1627750
42023,1627750,0042300233,"May 10, 2024",DEN @ MIN,W,38,11,21,0.524,2,5,0.4,0,0,0.0,1,3,4,5,3,0,3,3,24,21,1,1627750
42023,1627750,0042300232,"May 06, 2024",DEN vs. MIN,L,36,3,18,0.167,0,4,0.0,2,2,1.0,2,11,13,2,2,1,4,3,8,-16,1,1627750
42023,1627750,0042300231,"May 04, 2024",DEN vs. MIN,L,34,6,14,0.429,2,4,0.5,3,3,1.0,0,1,1,4,0,0,1,4,17,-22,1,1627750
42023,1627750,0042300155,"Apr 29, 2024",DEN vs. LAL,W,41,13,28,0.464,5,10,0.5,1,1,1.0,1,2,3,7,1,0,2,2,32,3,1,1627750
42023,1627750,0042300154,"Apr 27, 2024",DEN @ LAL,L,39,9,23,0.391,0,4,0.0,4,5,0.8,1,5,6,5,0,1,4,1,22,-3,1,1627750
42023,1627750,0042300153,"Apr 25, 2024",DEN @ LAL,W,41,8,21,0.381,1,6,0.167,5,6,0.833,1,4,5,9,0,1,4,0,22,7,1,1627750
42023,1627750,0042300152,"Apr 22, 2024",DEN vs. LAL,W,40,9,24,0.375,0,5,0.0,2,2,1.0,0,3,3,5,0,2,2,4,20,-2,1,1627750
42023,1627750,0042300151,"Apr 20, 2024",DEN vs. LAL,W,39,9,24,0.375,4,9,0.444,0,0,0.0,1,5,6,10,0,1,0,1,22,9,1,1627750
42022,1627750,0042200405,"Jun 12, 2023",DEN vs. MIA,W,41,6,15,0.4,2,7,0.286,0,0,0.0,0,8,8,8,1,0,6,2,14,12,1,1627750
42022,1627750,0042200404,"Jun 09, 2023",DEN @ MIA,W,43,5,17,0.294,2,3,0.667,3,3,1.0,0,3,3,12,1,0,0,1,15,22,1,1627750
42022,1627750,0042200403,"Jun 07, 2023",DEN @ MIA,W,45,12,22,0.545,3,6,0.5,7,8,0.875,3,7,10,10,1,0,7,2,34,14,1,1627750
42022,1627750,0042200402,"Jun 04, 2023",DEN vs. MIA,L,39,7,15,0.467,3,8,0.375,1,1,1.0,1,3,4,10,1,0,1,2,18,-2,1,1627750
42022,1627750,0042200401,"Jun 01, 2023",DEN vs. MIA,W,44,11,22,0.5,2,7,0.286,2,2,1.0,1,5,6,10,1,0,3,2,26,9,1,1627750
42022,1627750,0042200314,"May 22, 2023",DEN @ LAL,W,43,10,18,0.556,0,4,0.0,5,5,1.0,0,3,3,5,2,1,2,3,25,11,1,1627750
42022,1627750,0042200313,"May 20, 2023",DEN @ LAL,W,42,15,29,0.517,5,11,0.455,2,2,1.0,0,7,7,6,2,0,1,2,37,18,1,1627750
42022,1627750,0042200312,"May 18, 2023",DEN vs. LAL,W,43,11,24,0.458,6,14,0.429,9,10,0.9,2,8,10,5,4,0,3,1,37,8,1,1627750
42022,1627750,0042200311,"May 16, 2023",DEN vs. LAL,W,37,12,20,0.6,4,8,0.5,3,3,1.0,1,4,5,5,3,1,1,5,31,3,1,1627750
42022,1627750,0042200226,"May 11, 2023",DEN @ PHX,W,35,7,16,0.438,4,7,0.571,8,8,1.0,0,4,4,4,4,0,3,1,26,6,1,1627750
42022,1627750,0042200225,"May 09, 2023",DEN vs. PHX,W,37,7,15,0.467,2,4,0.5,3,3,1.0,0,5,5,6,1,0,2,1,19,23,1,1627750
42022,1627750,0042200224,"May 07, 2023",DEN @ PHX,L,42,13,25,0.52,1,3,0.333,1,2,0.5,3,2,5,7,1,0,0,2,28,5,1,1627750
42022,1627750,0042200223,"May 05, 2023",DEN @ PHX,L,41,13,29,0.448,1,6,0.167,5,6,0.833,1,5,6,5,1,1,2,3,32,5,1,1627750
42022,1627750,0042200222,"May 01, 2023",DEN vs. PHX,W,39,3,15,0.2,0,9,0.0,4,4,1.0,0,4,4,8,0,0,3,0,10,14,1,1627750
42022,1627750,0042200221,"Apr 29, 2023",DEN vs. PHX,W,37,13,24,0.542,6,10,0.6,2,2,1.0,1,4,5,9,2,0,3,2,34,13,1,1627750
42022,1627750,0042200145,"Apr 25, 2023",DEN vs. MIN,W,41,12,23,0.522,5,9,0.556,6,6,1.0,1,3,4,5,1,0,2,2,35,-5,1,1627750
42022,1627750,0042200144,"Apr 23, 2023",DEN @ MIN,L,41,8,21,0.381,2,7,0.286,1,1,1.0,1,6,7,5,0,0,3,1,19,-3,1,1627750
42022,1627750,0042200143,"Apr 21, 2023",DEN @ MIN,W,38,7,16,0.438,1,6,0.167,3,4,0.75,0,6,6,9,2,1,3,3,18,3,1,1627750
42022,1627750,0042200142,"Apr 19, 2023",DEN vs. MIN,W,39,13,22,0.591,6,10,0.6,8,9,0.889,0,3,3,5,2,0,4,3,40,1,1,1627750
42022,1627750,0042200141,"Apr 16, 2023",DEN vs. MIN,W,33,9,22,0.409,4,10,0.4,2,2,1.0,0,8,8,8,0,1,1,3,24,24,1,1627750
42019,1627750,0041900315,"Sep 26, 2020",DEN @ LAL,L,43,7,17,0.412,0,4,0.0,5,5,1.0,2,2,4,8,1,0,5,3,19,-10,1,1627750
42019,1627750,0041900314,"Sep 24, 2020",DEN vs. LAL,L,45,12,20,0.6,0,3,0.0,8,8,1.0,1,2,3,8,0,1,4,1,32,-8,1,1627750
42019,1627750,0041900313,"Sep 22, 2020",DEN vs. LAL,W,44,10,17,0.588,4,8,0.5,4,7,0.571,2,6,8,12,2,0,4,1,28,8,1,1627750
42019,1627750,0041900312,"Sep 20, 2020",DEN @ LAL,L,44,8,19,0.421,2,9,0.222,7,8,0.875,0,6,6,4,2,2,5,1,25,16,1,1627750
42019,1627750,0041900311,"Sep 18, 2020",DEN @ LAL,L,29,7,12,0.583,3,5,0.6,4,4,1.0,0,1,1,5,0,0,3,4,21,-21,1,1627750
42019,1627750,0041900237,"Sep 15, 2020",DEN @ LAC,W,45,15,26,0.577,6,13,0.462,4,4,1.0,0,4,4,5,1,0,5,1,40,15,1,1627750
42019,1627750,0041900236,"Sep 13, 2020",DEN vs. LAC,W,41,9,13,0.692,1,2,0.5,2,3,0.667,1,4,5,5,2,0,1,2,21,14,1,1627750
42019,1627750,0041900235,"Sep 11, 2020",DEN @ LAC,W,40,9,25,0.36,5,7,0.714,3,3,1.0,1,7,8,7,0,0,1,1,26,9,1,1627750
42019,1627750,0041900234,"Sep 09, 2020",DEN vs. LAC,L,44,6,15,0.4,2,3,0.667,4,4,1.0,1,3,4,7,1,0,4,0,18,-7,1,1627750
42019,1627750,0041900233,"Sep 07, 2020",DEN vs. LAC,L,38,5,17,0.294,2,7,0.286,2,2,1.0,1,3,4,9,2,0,2,4,14,-6,1,1627750
42019,1627750,0041900232,"Sep 05, 2020",DEN @ LAC,W,40,10,21,0.476,3,8,0.375,4,5,0.8,0,3,3,6,2,1,3,3,27,0,1,1627750
42019,1627750,0041900231,"Sep 03, 2020",DEN @ LAC,L,33,5,15,0.333,2,8,0.25,0,0,0.0,0,3,3,6,1,0,2,0,12,-18,1,1627750
42019,1627750,0041900167,"Sep 01, 2020",DEN vs. UTA,W,41,7,21,0.333,1,6,0.167,2,2,1.0,0,2,2,4,1,0,2,1,17,-4,1,1627750
42019,1627750,0041900166,"Aug 30, 2020",DEN @ UTA,W,43,17,24,0.708,9,12,0.75,7,9,0.778,1,4,5,6,0,0,5,5,50,12,1,1627750
42019,1627750,0041900165,"Aug 25, 2020",DEN vs. UTA,W,41,17,26,0.654,4,8,0.5,4,4,1.0,3,5,8,8,1,0,0,3,42,20,1,1627750
42019,1627750,0041900164,"Aug 23, 2020",DEN @ UTA,L,43,18,31,0.581,9,15,0.6,5,5,1.0,4,7,11,7,0,1,0,2,50,5,1,1627750
42019,1627750,0041900163,"Aug 21, 2020",DEN @ UTA,L,27,5,16,0.313,2,8,0.25,0,0,0.0,1,4,5,6,1,1,1,3,12,-12,1,1627750
42019,1627750,0041900162,"Aug 19, 2020",DEN vs. UTA,L,30,6,13,0.462,1,2,0.5,1,1,1.0,0,3,3,4,0,0,3,3,14,-20,1,1627750
42019,1627750,0041900161,"Aug 17, 2020",DEN vs. UTA,W,40,13,20,0.65,6,9,0.667,4,4,1.0,2,3,5,9,1,0,3,4,36,16,1,1627750
42024,1628973,0042400306,"May 31, 2025",NYK @ IND,L,34,8,18,0.444,2,7,0.286,1,2,0.5,0,2,2,7,0,0,5,1,19,-18,1,1628973
42024,1628973,0042400305,"May 29, 2025",NYK vs. IND,W,34,12,18,0.667,4,7,0.571,4,4,1.0,0,5,5,5,0,1,3,2,32,18,1,1628973
42024,1628973,0042400304,"May 27, 2025",NYK @ IND,L,37,9,19,0.474,2,6,0.333,11,12,0.917,0,2,2,5,2,1,3,3,31,-16,1,1628973
42024,1628973,0042400303,"May 25, 2025",NYK @ IND,W,31,6,18,0.333,1,5,0.2,10,10,1.0,0,2,2,1,0,0,3,5,23,-6,1,1628973
42024,1628973,0042400302,"May 23, 2025",NYK vs. IND,L,39,13,27,0.481,5,12,0.417,5,5,1.0,0,3,3,11,1,0,3,3,36,4,1,1628973
42024,1628973,0042400301,"May 21, 2025",NYK vs. IND,L,38,15,25,0.6,1,6,0.167,12,14,0.857,0,1,1,5,0,0,7,5,43,-8,1,1628973
42024,1628973,0042400216,"May 16, 2025",NYK vs. BOS,W,35,8,14,0.571,3,8,0.375,4,4,1.0,1,5,6,6,0,0,2,2,23,30,1,1628973
42024,1628973,0042400215,"May 14, 2025",NYK @ BOS,L,33,7,17,0.412,1,4,0.25,7,9,0.778,1,0,1,6,0,0,2,6,22,-18,1,1628973
42024,1628973,0042400214,"May 12, 2025",NYK vs. BOS,W,40,14,25,0.56,4,8,0.5,7,9,0.778,1,4,5,12,0,0,1,2,39,12,1,1628973
42024,1628973,0042400213,"May 10, 2025",NYK vs. BOS,L,40,9,21,0.429,3,8,0.375,6,7,0.857,1,3,4,7,1,0,4,4,27,-16,1,1628973
42024,1628973,0042400212,"May 07, 2025",NYK @ BOS,W,37,6,19,0.316,2,9,0.222,3,4,0.75,0,3,3,7,0,1,2,2,17,-1,1,1628973
42024,1628973,0042400211,"May 05, 2025",NYK @ BOS,W,44,9,23,0.391,5,9,0.556,6,7,0.857,1,3,4,5,2,0,4,4,29,2,1,1628973
42024,1628973,0042400126,"May 01, 2025",NYK @ DET,W,42,15,33,0.455,3,10,0.3,7,8,0.875,2,2,4,7,0,0,2,2,40,5,1,1628973
42024,1628973,0042400125,"Apr 29, 2025",NYK vs. DET,L,36,4,16,0.25,1,4,0.25,7,10,0.7,1,2,3,7,0,0,4,4,16,1,1,1628973
42024,1628973,0042400124,"Apr 27, 2025",NYK @ DET,W,39,13,26,0.5,4,7,0.571,2,2,1.0,3,2,5,11,0,1,2,3,32,5,1,1628973
42024,1628973,0042400123,"Apr 24, 2025",NYK @ DET,W,39,9,20,0.45,1,7,0.143,11,13,0.846,0,7,7,9,0,1,1,3,30,8,1,1628973
42024,1628973,0042400122,"Apr 21, 2025",NYK vs. DET,L,44,12,27,0.444,4,12,0.333,9,11,0.818,1,2,3,7,2,0,6,5,37,-2,1,1628973
42024,1628973,0042400121,"Apr 19, 2025",NYK vs. DET,W,40,12,27,0.444,2,5,0.4,8,10,0.8,0,2,2,8,0,0,1,3,34,2,1,1628973
42023,1628973,0042300217,"May 19, 2024",NYK vs. IND,L,29,6,17,0.353,1,3,0.333,4,5,0.8,0,0,0,9,0,0,1,1,17,-9,1,1628973
42023,1628973,0042300216,"May 17, 2024",NYK @ IND,L,38,11,26,0.423,3,8,0.375,6,9,0.667,0,1,1,5,0,0,1,2,31,-11,1,1628973
42023,1628973,0042300215,"May 14, 2024",NYK vs. IND,W,43,18,35,0.514,2,6,0.333,6,7,0.857,0,4,4,7,0,0,3,2,44,31,1,1628973
42023,1628973,0042300214,"May 12, 2024",NYK @ IND,L,31,6,17,0.353,0,5,0.0,6,9,0.667,2,1,3,5,2,0,2,1,18,-27,1,1628973
42023,1628973,0042300213,"May 10, 2024",NYK @ IND,L,38,10,26,0.385,2,6,0.333,4,7,0.571,0,0,0,6,1,0,5,2,26,-6,1,1628973
42023,1628973,0042300212,"May 08, 2024",NYK vs. IND,W,32,11,18,0.611,3,6,0.5,4,6,0.667,0,2,2,5,3,0,2,2,29,26,1,1628973
42023,1628973,0042300211,"May 06, 2024",NYK vs. IND,W,44,14,26,0.538,1,4,0.25,14,14,1.0,1,5,6,6,0,1,4,2,43,11,1,1628973
42023,1628973,0042300116,"May 02, 2024",NYK @ PHI,W,44,13,27,0.481,3,8,0.375,12,16,0.75,0,3,3,12,0,0,2,2,41,9,1,1628973
42023,1628973,0042300115,"Apr 30, 2024",NYK vs. PHI,L,51,15,32,0.469,4,11,0.364,6,9,0.667,0,3,3,6,3,0,4,3,40,-9,1,1628973
42023,1628973,0042300114,"Apr 28, 2024",NYK @ PHI,W,44,18,34,0.529,2,8,0.25,9,11,0.818,0,4,4,10,0,1,1,2,47,10,1,1628973
42023,1628973,0042300113,"Apr 25, 2024",NYK @ PHI,L,45,13,27,0.481,3,7,0.429,10,12,0.833,0,2,2,13,0,0,4,3,39,-14,1,1628973
42023,1628973,0042300112,"Apr 22, 2024",NYK vs. PHI,W,38,8,29,0.276,1,6,0.167,7,9,0.778,0,8,8,6,0,0,1,3,24,3,1,1628973
42023,1628973,0042300111,"Apr 20, 2024",NYK vs. PHI,W,41,8,26,0.308,1,6,0.167,5,6,0.833,5,2,7,7,1,0,5,1,22,-3,1,1628973
42022,1628973,0042200206,"May 12, 2023",NYK @ MIA,L,45,14,22,0.636,5,10,0.5,8,9,0.889,0,4,4,3,0,0,3,4,41,3,1,1628973
42022,1628973,0042200205,"May 10, 2023",NYK vs. MIA,W,48,12,22,0.545,4,10,0.4,10,12,0.833,1,8,9,7,1,0,1,2,38,9,1,1628973
42022,1628973,0042200204,"May 08, 2023",NYK @ MIA,L,44,10,21,0.476,2,7,0.286,10,11,0.909,0,4,4,11,1,0,1,5,32,-5,1,1628973
42022,1628973,0042200203,"May 06, 2023",NYK @ MIA,L,38,7,20,0.35,0,5,0.0,6,6,1.0,1,5,6,8,0,0,0,3,20,-6,1,1628973
42022,1628973,0042200202,"May 02, 2023",NYK vs. MIA,W,39,10,19,0.526,6,10,0.6,4,4,1.0,1,4,5,2,2,0,1,1,30,12,1,1628973
42022,1628973,0042200201,"Apr 30, 2023",NYK vs. MIA,L,40,11,23,0.478,0,7,0.0,3,4,0.75,1,4,5,7,1,0,5,2,25,-8,1,1628973
42022,1628973,0042200135,"Apr 26, 2023",NYK @ CLE,W,42,8,22,0.364,2,6,0.333,5,5,1.0,1,3,4,4,2,0,2,2,23,11,1,1628973
42022,1628973,0042200134,"Apr 23, 2023",NYK vs. CLE,W,43,11,22,0.5,5,9,0.556,2,2,1.0,2,4,6,6,1,1,4,1,29,9,1,1628973
42022,1628973,0042200133,"Apr 21, 2023",NYK vs. CLE,W,38,10,18,0.556,0,4,0.0,1,1,1.0,0,4,4,6,2,0,3,2,21,20,1,1628973
42022,1628973,0042200132,"Apr 18, 2023",NYK @ CLE,L,36,5,17,0.294,1,8,0.125,9,10,0.9,1,4,5,6,4,0,2,1,20,-10,1,1628973
42022,1628973,0042200131,"Apr 15, 2023",NYK @ CLE,W,29,11,24,0.458,1,4,0.25,4,4,1.0,1,1,2,2,2,0,1,3,27,2,1,1628973
42021,1628973,0042100315,"May 26, 2022",DAL @ GSW,L,30,3,10,0.3,0,2,0.0,4,6,0.667,0,2,2,4,0,0,0,3,10,-24,1,1628973
42021,1628973,0042100314,"May 24, 2022",DAL vs. GSW,W,34,5,12,0.417,1,2,0.5,4,5,0.8,1,4,5,5,0,1,0,3,15,0,1,1628973
42021,1628973,0042100313,"May 22, 2022",DAL vs. GSW,L,37,7,12,0.583,3,6,0.5,3,4,0.75,1,4,5,3,0,0,1,2,20,-7,1,1628973
42021,1628973,0042100312,"May 20, 2022",DAL @ GSW,L,36,11,19,0.579,5,7,0.714,4,6,0.667,0,7,7,5,0,0,2,3,31,2,1,1628973
42021,1628973,0042100311,"May 18, 2022",DAL @ GSW,L,32,6,16,0.375,0,5,0.0,2,4,0.5,1,3,4,4,1,0,1,1,14,-11,1,1628973
42021,1628973,0042100227,"May 15, 2022",DAL @ PHX,W,30,11,19,0.579,2,4,0.5,0,0,0.0,3,3,6,2,1,0,0,2,24,22,1,1628973
42021,1628973,0042100226,"May 12, 2022",DAL vs. PHX,W,35,6,14,0.429,0,3,0.0,6,6,1.0,0,1,1,2,3,0,0,0,18,24,1,1628973
42021,1628973,0042100225,"May 10, 2022",DAL @ PHX,L,35,9,17,0.529,0,1,0.0,3,6,0.5,0,7,7,2,1,0,4,3,21,-12,1,1628973
42021,1628973,0042100224,"May 08, 2022",DAL vs. PHX,W,38,7,17,0.412,1,3,0.333,3,4,0.75,1,3,4,4,0,0,2,2,18,15,1,1628973
42021,1628973,0042100223,"May 06, 2022",DAL vs. PHX,W,36,10,21,0.476,1,5,0.2,7,7,1.0,0,4,4,5,1,0,1,1,28,7,1,1628973
42021,1628973,0042100222,"May 04, 2022",DAL @ PHX,L,28,3,12,0.25,1,3,0.333,2,2,1.0,1,4,5,2,1,0,3,4,9,-22,1,1628973
42021,1628973,0042100221,"May 02, 2022",DAL @ PHX,L,31,6,16,0.375,0,1,0.0,1,1,1.0,2,2,4,3,1,0,1,4,13,-7,1,1628973
42021,1628973,0042100176,"Apr 28, 2022",DAL @ UTA,W,38,9,17,0.529,2,4,0.5,4,6,0.667,0,3,3,2,2,0,0,0,24,-16,1,1628973
42021,1628973,0042100175,"Apr 25, 2022",DAL vs. UTA,W,37,9,20,0.45,1,7,0.143,5,5,1.0,2,3,5,4,1,0,1,2,24,23,1,1628973
42021,1628973,0042100174,"Apr 23, 2022",DAL @ UTA,L,35,7,18,0.389,2,5,0.4,7,8,0.875,1,4,5,3,0,0,0,3,23,6,1,1628973
42021,1628973,0042100173,"Apr 21, 2022",DAL @ UTA,W,35,12,22,0.545,0,4,0.0,7,7,1.0,0,1,1,6,0,0,1,2,31,-1,1,1628973
42021,1628973,0042100172,"Apr 18, 2022",DAL vs. UTA,W,42,15,25,0.6,6,10,0.6,5,7,0.714,0,8,8,5,2,0,0,0,41,15,1,1628973
42021,1628973,0042100171,"Apr 16, 2022",DAL vs. UTA,L,41,9,24,0.375,1,3,0.333,5,6,0.833,2,5,7,5,0,0,2,3,24,-5,1,1628973
42020,1628973,0042000177,"Jun 06, 2021",DAL @ LAC,L,10,1,3,0.333,0,0,0.0,0,0,0.0,2,2,4,1,0,0,0,0,2,-11,1,1628973
42020,1628973,0042000176,"Jun 04, 2021",DAL vs. LAC,L,15,3,8,0.375,1,2,0.5,0,2,0.0,1,3,4,0,0,0,2,2,7,9,1,1628973
42020,1628973,0042000175,"Jun 02, 2021",DAL @ LAC,W,10,1,3,0.333,0,0,0.0,0,0,0.0,0,0,0,0,0,0,0,0,2,-10,1,1628973
42020,1628973,0042000174,"May 30, 2021",DAL vs. LAC,L,19,2,8,0.25,1,4,0.25,2,2,1.0,2,2,4,3,0,0,0,0,7,-9,1,1628973
42020,1628973,0042000173,"May 28, 2021",DAL vs. LAC,L,22,5,8,0.625,4,6,0.667,0,0,0.0,0,2,2,1,0,0,0,1,14,-19,1,1628973
42020,1628973,0042000172,"May 25, 2021",DAL @ LAC,W,17,4,7,0.571,0,0,0.0,1,1,1.0,0,3,3,3,0,0,1,1,9,-7,1,1628973
42020,1628973,0042000171,"May 22, 2021",DAL @ LAC,W,21,4,7,0.571,0,1,0.0,7,8,0.875,1,0,1,2,0,0,1,2,15,-9,1,1628973
42024,201566,0042400227,"May 18, 2025",DEN @ OKC,L,22,2,7,0.286,2,5,0.4,0,0,0.0,1,4,5,2,0,0,4,3,6,-34,1,201566
42024,201566,0042400226,"May 15, 2025",DEN vs. OKC,W,17,3,8,0.375,0,2,0.0,2,4,0.5,3,0,3,0,0,1,4,0,8,-9,1,201566
42024,201566,0042400225,"May 13, 2025",DEN @ OKC,L,20,1,7,0.143,0,3,0.0,2,2,1.0,1,3,4,3,1,0,2,3,4,-1,1,201566
42024,201566,0042400224,"May 11, 2025",DEN vs. OKC,L,27,2,12,0.167,2,9,0.222,0,0,0.0,2,1,3,1,1,0,1,6,6,-20,1,201566
42024,201566,0042400223,"May 09, 2025",DEN vs. OKC,W,22,3,8,0.375,1,4,0.25,1,2,0.5,0,1,1,4,2,0,0,4,8,-2,1,201566
42024,201566,0042400222,"May 07, 2025",DEN @ OKC,L,22,5,11,0.455,1,4,0.25,8,10,0.8,0,1,1,5,0,0,4,5,19,-30,1,201566
42024,201566,0042400221,"May 05, 2025",DEN @ OKC,W,30,7,13,0.538,1,5,0.2,3,5,0.6,1,1,2,2,0,0,3,5,18,4,1,201566
42024,201566,0042400177,"May 03, 2025",DEN vs. LAC,W,27,5,9,0.556,2,4,0.5,4,6,0.667,3,2,5,5,5,0,2,4,16,6,1,201566
42024,201566,0042400176,"May 01, 2025",DEN @ LAC,L,35,5,10,0.5,2,4,0.5,2,3,0.667,2,8,10,6,0,0,2,3,14,0,1,201566
42024,201566,0042400175,"Apr 29, 2025",DEN vs. LAC,W,25,8,15,0.533,3,6,0.5,2,2,1.0,0,1,1,1,0,0,4,3,21,-4,1,201566
42024,201566,0042400173,"Apr 24, 2025",DEN @ LAC,L,9,1,5,0.2,1,5,0.2,0,0,0.0,0,1,1,1,0,0,1,1,3,-16,1,201566
42024,201566,0042400172,"Apr 21, 2025",DEN vs. LAC,L,23,5,11,0.455,3,6,0.5,1,2,0.5,2,2,4,1,1,0,2,1,14,-7,1,201566
42024,201566,0042400171,"Apr 19, 2025",DEN vs. LAC,W,34,5,17,0.294,2,6,0.333,3,4,0.75,4,4,8,3,2,0,1,3,15,7,1,201566
42023,201566,0042300176,"May 03, 2024",LAC @ DAL,L,9,2,7,0.286,0,1,0.0,2,3,0.667,1,0,1,1,1,0,0,1,6,-8,1,201566
42023,201566,0042300175,"May 01, 2024",LAC vs. DAL,L,16,2,11,0.182,0,3,0.0,2,2,1.0,1,4,5,0,0,0,1,0,6,-13,1,201566
42023,201566,0042300174,"Apr 28, 2024",LAC @ DAL,W,22,2,8,0.25,1,2,0.5,0,2,0.0,0,3,3,1,2,0,2,3,5,9,1,201566
42023,201566,0042300173,"Apr 26, 2024",LAC @ DAL,L,19,0,7,0.0,0,4,0.0,1,2,0.5,0,3,3,1,1,2,2,2,1,-2,1,201566
42023,201566,0042300172,"Apr 23, 2024",LAC vs. DAL,L,24,2,9,0.222,1,3,0.333,2,2,1.0,3,6,9,3,1,1,1,2,7,8,1,201566
42023,201566,0042300171,"Apr 21, 2024",LAC vs. DAL,W,23,5,8,0.625,2,4,0.5,1,2,0.5,1,3,4,4,2,0,4,3,13,9,1,201566
42022,201566,0042200175,"Apr 25, 2023",LAC @ PHX,L,39,3,18,0.167,1,6,0.167,7,8,0.875,1,7,8,8,0,0,5,4,14,-1,1,201566
42022,201566,0042200174,"Apr 22, 2023",LAC vs. PHX,L,40,17,29,0.586,3,6,0.5,0,0,0.0,1,5,6,4,1,1,4,3,37,-8,1,201566
42022,201566,0042200173,"Apr 20, 2023",LAC vs. PHX,L,40,11,23,0.478,3,7,0.429,5,6,0.833,1,7,8,12,3,1,6,4,30,1,1,201566
42022,201566,0042200172,"Apr 18, 2023",LAC @ PHX,L,36,9,16,0.563,2,3,0.667,8,8,1.0,1,4,5,5,0,2,3,2,28,-13,1,201566
42022,201566,0042200171,"Apr 16, 2023",LAC @ PHX,W,36,3,19,0.158,1,6,0.167,2,3,0.667,5,6,11,8,2,3,2,2,9,-6,1,201566
42020,201566,0042000105,"Jun 02, 2021",WAS @ PHI,L,38,7,20,0.35,2,5,0.4,8,10,0.8,2,6,8,10,0,0,4,4,24,-21,1,201566
42020,201566,0042000104,"May 31, 2021",WAS vs. PHI,W,42,3,19,0.158,0,4,0.0,13,16,0.813,6,15,21,14,2,0,4,5,19,-2,1,201566
42020,201566,0042000103,"May 29, 2021",WAS vs. PHI,L,34,9,18,0.5,3,6,0.5,5,5,1.0,3,9,12,10,0,0,3,4,26,-15,1,201566
42020,201566,0042000102,"May 26, 2021",WAS @ PHI,L,29,2,10,0.2,0,3,0.0,6,10,0.6,2,4,6,11,0,0,4,0,10,-16,1,201566
42020,201566,0042000101,"May 23, 2021",WAS @ PHI,L,43,7,17,0.412,0,2,0.0,2,2,1.0,1,4,5,14,0,1,6,4,16,-9,1,201566
42019,201566,0041900225,"Sep 12, 2020",HOU @ LAL,L,36,4,13,0.308,0,3,0.0,2,6,0.333,1,3,4,6,2,0,3,2,10,-23,1,201566
42019,201566,0041900224,"Sep 10, 2020",HOU vs. LAL,L,41,8,16,0.5,3,8,0.375,6,9,0.667,1,2,3,3,3,1,3,4,25,-10,1,201566
42019,201566,0041900223,"Sep 08, 2020",HOU vs. LAL,L,36,13,24,0.542,2,4,0.5,2,2,1.0,1,7,8,6,2,1,3,1,30,-14,1,201566
42019,201566,0041900222,"Sep 06, 2020",HOU @ LAL,L,33,4,15,0.267,1,7,0.143,1,3,0.333,4,9,13,4,2,0,7,5,10,-14,1,201566
42019,201566,0041900221,"Sep 04, 2020",HOU @ LAL,W,32,10,24,0.417,1,5,0.2,3,6,0.5,0,9,9,6,1,0,5,2,24,15,1,201566
42019,201566,0041900177,"Sep 02, 2020",HOU vs. OKC,W,34,9,20,0.45,0,2,0.0,2,2,1.0,2,7,9,2,0,0,2,3,20,-3,1,201566
42019,201566,0041900176,"Aug 31, 2020",HOU @ OKC,L,27,8,15,0.533,1,2,0.5,0,2,0.0,0,4,4,3,1,0,7,2,17,-9,1,201566
42019,201566,0041900175,"Aug 29, 2020",HOU vs. OKC,W,24,3,13,0.231,0,2,0.0,1,2,0.5,2,4,6,7,1,0,0,4,7,21,1,201566
42024,1628983,0042400407,"Jun 22, 2025",OKC vs. IND,W,40,8,27,0.296,2,12,0.167,11,12,0.917,0,5,5,12,1,2,1,5,29,11,1,1628983
42024,1628983,0042400406,"Jun 19, 2025",OKC @ IND,L,31,7,15,0.467,0,1,0.0,7,8,0.875,0,4,4,2,0,0,8,2,21,-17,1,1628983
42024,1628983,0042400405,"Jun 16, 2025",OKC vs. IND,W,38,9,21,0.429,0,3,0.0,13,14,0.929,0,2,2,10,2,4,3,4,31,9,1,1628983
42024,1628983,0042400404,"Jun 13, 2025",OKC @ IND,W,40,12,24,0.5,1,4,0.25,10,10,1.0,0,3,3,0,3,1,2,4,35,0,1,1628983
42024,1628983,0042400403,"Jun 11, 2025",OKC @ IND,L,42,9,20,0.45,1,3,0.333,5,6,0.833,2,6,8,4,0,3,6,2,24,-3,1,1628983
42024,1628983,0042400402,"Jun 08, 2025",OKC vs. IND,W,36,11,21,0.524,1,4,0.25,11,12,0.917,0,5,5,8,4,1,2,3,34,5,1,1628983
42024,1628983,0042400401,"Jun 05, 2025",OKC vs. IND,L,40,14,30,0.467,3,6,0.5,7,8,0.875,0,5,5,3,3,0,2,2,38,3,1,1628983
42024,1628983,0042400315,"May 28, 2025",OKC vs. MIN,W,34,14,25,0.56,2,4,0.5,4,4,1.0,1,6,7,8,2,0,2,2,34,23,1,1628983
42024,1628983,0042400314,"May 26, 2025",OKC @ MIN,W,40,13,30,0.433,2,7,0.286,12,14,0.857,4,5,9,10,1,0,5,4,40,5,1,1628983
42024,1628983,0042400313,"May 24, 2025",OKC @ MIN,L,28,4,13,0.308,2,5,0.4,4,4,1.0,0,2,2,6,0,1,4,2,14,-32,1,1628983
42024,1628983,0042400312,"May 22, 2025",OKC vs. MIN,W,42,12,21,0.571,1,2,0.5,13,15,0.867,0,3,3,8,3,0,1,5,38,25,1,1628983
42024,1628983,0042400311,"May 20, 2025",OKC vs. MIN,W,38,10,27,0.37,0,4,0.0,11,14,0.786,1,4,5,9,3,0,2,1,31,22,1,1628983
42024,1628983,0042400227,"May 18, 2025",OKC vs. DEN,W,36,12,19,0.632,3,4,0.75,8,9,0.889,0,3,3,4,3,1,0,2,35,32,1,1628983
42024,1628983,0042400226,"May 15, 2025",OKC @ DEN,L,35,11,16,0.688,2,4,0.5,8,11,0.727,0,3,3,6,0,0,2,4,32,-8,1,1628983
42024,1628983,0042400225,"May 13, 2025",OKC vs. DEN,W,39,12,23,0.522,1,3,0.333,6,6,1.0,1,5,6,7,2,2,5,1,31,8,1,1628983
42024,1628983,0042400224,"May 11, 2025",OKC @ DEN,W,38,8,19,0.421,0,5,0.0,9,12,0.75,1,5,6,6,2,0,3,2,25,6,1,1628983
42024,1628983,0042400223,"May 09, 2025",OKC @ DEN,L,45,7,22,0.318,1,6,0.167,3,5,0.6,3,10,13,7,2,0,1,1,18,-4,1,1628983
42024,1628983,0042400222,"May 07, 2025",OKC vs. DEN,W,30,11,13,0.846,1,2,0.5,11,11,1.0,2,2,4,8,0,0,2,3,34,51,1,1628983
42024,1628983,0042400221,"May 05, 2025",OKC vs. DEN,L,40,12,26,0.462,2,6,0.333,7,9,0.778,3,7,10,8,2,1,1,4,33,-16,1,1628983
42024,1628983,0042400144,"Apr 26, 2025",OKC @ MEM,W,38,13,24,0.542,1,4,0.25,11,13,0.846,2,3,5,6,2,1,1,3,38,2,1,1628983
42024,1628983,0042400143,"Apr 24, 2025",OKC @ MEM,W,40,10,26,0.385,2,7,0.286,9,9,1.0,0,4,4,8,1,1,3,5,31,4,1,1628983
42024,1628983,0042400142,"Apr 22, 2025",OKC vs. MEM,W,38,10,29,0.345,3,10,0.3,4,4,1.0,3,5,8,5,2,0,2,2,27,12,1,1628983
42024,1628983,0042400141,"Apr 20, 2025",OKC vs. MEM,W,23,4,13,0.308,1,7,0.143,6,7,0.857,0,3,3,5,0,2,2,2,15,28,1,1628983
42023,1628983,0042300226,"May 18, 2024",OKC @ DAL,L,43,14,25,0.56,4,5,0.8,4,7,0.571,0,3,3,8,0,2,0,3,36,0,1,1628983
42023,1628983,0042300225,"May 15, 2024",OKC vs. DAL,L,43,12,22,0.545,2,4,0.5,4,6,0.667,0,6,6,8,2,1,3,3,30,-3,1,1628983
42023,1628983,0042300224,"May 13, 2024",OKC @ DAL,W,42,14,27,0.519,0,1,0.0,6,6,1.0,1,7,8,5,2,2,0,4,34,1,1,1628983
42023,1628983,0042300223,"May 11, 2024",OKC @ DAL,L,42,10,23,0.435,2,3,0.667,9,10,0.9,2,8,10,6,1,5,5,5,31,-9,1,1628983
42023,1628983,0042300222,"May 09, 2024",OKC vs. DAL,L,41,13,24,0.542,1,3,0.333,6,6,1.0,2,10,12,8,1,2,2,1,33,-6,1,1628983
42023,1628983,0042300221,"May 07, 2024",OKC vs. DAL,W,37,8,19,0.421,2,4,0.5,11,13,0.846,1,8,9,9,1,2,2,2,29,21,1,1628983
42023,1628983,0042300144,"Apr 29, 2024",OKC @ NOP,W,40,8,21,0.381,1,4,0.25,7,13,0.538,1,9,10,3,0,2,2,4,24,7,1,1628983
42023,1628983,0042300143,"Apr 27, 2024",OKC @ NOP,W,37,8,20,0.4,1,5,0.2,7,9,0.778,1,4,5,8,4,1,3,3,24,22,1,1628983
42023,1628983,0042300142,"Apr 24, 2024",OKC vs. NOP,W,35,13,19,0.684,3,5,0.6,4,4,1.0,0,3,3,5,2,0,2,3,33,24,1,1628983
42023,1628983,0042300141,"Apr 21, 2024",OKC vs. NOP,W,39,11,24,0.458,0,3,0.0,6,7,0.857,0,6,6,4,0,0,3,3,28,-1,1,1628983
42019,1628983,0041900177,"Sep 02, 2020",OKC @ HOU,L,41,6,11,0.545,3,4,0.75,4,4,1.0,0,3,3,4,2,0,3,2,19,-8,1,1628983
42019,1628983,0041900176,"Aug 31, 2020",OKC vs. HOU,W,39,4,11,0.364,2,5,0.4,0,0,0.0,0,2,2,6,0,1,4,4,10,-5,1,1628983
42019,1628983,0041900175,"Aug 29, 2020",OKC @ HOU,L,34,2,8,0.25,0,4,0.0,0,0,0.0,0,3,3,4,0,0,4,4,4,-27,1,1628983
42019,1628983,0041900174,"Aug 24, 2020",OKC vs. HOU,W,44,7,17,0.412,2,5,0.4,2,2,1.0,2,10,12,6,0,0,1,2,18,-1,1,1628983
42019,1628983,0041900173,"Aug 22, 2020",OKC vs. HOU,W,48,9,18,0.5,3,7,0.429,2,2,1.0,0,7,7,6,4,1,1,2,23,13,1,1628983
42019,1628983,0041900172,"Aug 20, 2020",OKC @ HOU,L,37,9,17,0.529,3,7,0.429,10,11,0.909,1,5,6,2,1,0,1,1,31,7,1,1628983
42019,1628983,0041900171,"Aug 18, 2020",OKC @ HOU,L,35,2,8,0.25,1,3,0.333,4,4,1.0,0,4,4,1,0,1,1,2,9,-3,1,1628983
42023,1630178,0042300116,"May 02, 2024",PHI vs. NYK,L,43,6,18,0.333,1,6,0.167,4,4,1.0,1,4,5,5,2,0,1,2,17,-4,1,1630178
42023,1630178,0042300115,"Apr 30, 2024",PHI @ NYK,W,52,17,30,0.567,7,12,0.583,5,8,0.625,0,5,5,9,0,0,3,5,46,3,1,1630178
42023,1630178,0042300114,"Apr 28, 2024",PHI vs. NYK,L,43,8,21,0.381,3,9,0.333,4,4,1.0,0,6,6,6,1,0,1,3,23,-4,1,1630178
42023,1630178,0042300113,"Apr 25, 2024",PHI vs. NYK,W,41,9,21,0.429,3,8,0.375,4,4,1.0,0,4,4,7,2,0,1,2,25,4,1,1630178
42023,1630178,0042300112,"Apr 22, 2024",PHI @ NYK,L,44,12,22,0.545,5,11,0.455,6,6,1.0,0,9,9,10,0,0,4,1,35,-3,1,1630178
42023,1630178,0042300111,"Apr 20, 2024",PHI @ NYK,L,44,14,26,0.538,3,9,0.333,2,2,1.0,0,2,2,4,0,2,3,3,33,-4,1,1630178
42022,1630178,0042200217,"May 14, 2023",PHI @ BOS,L,42,5,12,0.417,2,6,0.333,5,5,1.0,0,3,3,4,0,0,1,2,17,-31,1,1630178
42022,1630178,0042200216,"May 11, 2023",PHI vs. BOS,L,40,9,20,0.45,3,9,0.333,5,6,0.833,0,5,5,3,3,0,0,0,26,1,1,1630178
42022,1630178,0042200215,"May 09, 2023",PHI @ BOS,W,42,10,21,0.476,6,12,0.5,4,4,1.0,1,6,7,3,0,0,1,2,30,15,1,1630178
42022,1630178,0042200214,"May 07, 2023",PHI vs. BOS,W,45,6,17,0.353,2,6,0.333,0,0,0.0,5,3,8,1,2,1,1,1,14,0,1,1630178
42022,1630178,0042200213,"May 05, 2023",PHI vs. BOS,L,40,4,16,0.25,3,9,0.333,2,2,1.0,0,6,6,2,0,2,0,2,13,-9,1,1630178
42022,1630178,0042200212,"May 03, 2023",PHI @ BOS,L,30,6,14,0.429,1,4,0.25,0,0,0.0,0,3,3,3,0,1,1,3,13,-25,1,1630178
42022,1630178,0042200211,"May 01, 2023",PHI @ BOS,W,36,10,24,0.417,2,9,0.222,4,4,1.0,0,1,1,2,4,0,0,5,26,12,1,1630178
42022,1630178,0042200124,"Apr 22, 2023",PHI @ BKN,W,39,6,20,0.3,1,4,0.25,3,3,1.0,2,6,8,1,2,0,3,3,16,9,1,1630178
42022,1630178,0042200123,"Apr 20, 2023",PHI @ BKN,W,36,10,17,0.588,5,8,0.625,0,0,0.0,0,3,3,3,1,0,1,4,25,1,1,1630178
42022,1630178,0042200122,"Apr 17, 2023",PHI vs. BKN,W,40,13,23,0.565,6,13,0.462,1,3,0.333,0,3,3,0,0,1,0,2,33,17,1,1630178
42022,1630178,0042200121,"Apr 15, 2023",PHI vs. BKN,W,33,3,8,0.375,3,5,0.6,4,4,1.0,1,5,6,3,3,0,0,2,13,14,1,1630178
42021,1630178,0042100206,"May 12, 2022",PHI vs. MIA,L,42,9,22,0.409,1,7,0.143,1,1,1.0,1,2,3,4,0,1,4,4,20,-24,1,1630178
42021,1630178,0042100205,"May 10, 2022",PHI @ MIA,L,32,2,10,0.2,1,4,0.25,4,4,1.0,0,3,3,1,1,0,2,2,9,-25,1,1630178
42021,1630178,0042100204,"May 08, 2022",PHI vs. MIA,W,42,5,10,0.5,2,5,0.4,6,6,1.0,1,2,3,4,0,0,1,3,18,13,1,1630178
42021,1630178,0042100203,"May 06, 2022",PHI vs. MIA,W,39,7,11,0.636,5,6,0.833,2,2,1.0,0,2,2,6,2,0,2,2,21,17,1,1630178
42021,1630178,0042100202,"May 04, 2022",PHI @ MIA,L,43,12,22,0.545,1,4,0.25,9,11,0.818,1,2,3,1,2,0,0,1,34,-10,1,1630178
42021,1630178,0042100201,"May 02, 2022",PHI @ MIA,L,35,6,15,0.4,1,6,0.167,6,6,1.0,0,0,0,2,0,0,2,0,19,-25,1,1630178
42021,1630178,0042100136,"Apr 28, 2022",PHI @ TOR,W,44,8,16,0.5,5,12,0.417,4,4,1.0,0,3,3,8,0,0,2,3,25,32,1,1630178
42021,1630178,0042100135,"Apr 25, 2022",PHI vs. TOR,L,42,5,14,0.357,0,3,0.0,2,2,1.0,0,2,2,4,1,0,1,2,12,-16,1,1630178
42021,1630178,0042100134,"Apr 23, 2022",PHI @ TOR,L,39,4,12,0.333,1,3,0.333,2,3,0.667,0,6,6,6,1,0,1,2,11,-12,1,1630178
42021,1630178,0042100133,"Apr 20, 2022",PHI @ TOR,W,47,8,18,0.444,1,5,0.2,2,2,1.0,1,3,4,1,1,0,5,3,19,8,1,1630178
42021,1630178,0042100132,"Apr 18, 2022",PHI vs. TOR,W,41,8,11,0.727,3,6,0.5,4,4,1.0,1,8,9,8,1,1,1,2,23,22,1,1630178
42021,1630178,0042100131,"Apr 16, 2022",PHI vs. TOR,W,38,14,21,0.667,5,8,0.625,5,5,1.0,1,3,4,2,0,0,0,0,38,20,1,1630178
42020,1630178,0042000207,"Jun 20, 2021",PHI vs. ATL,L,15,0,2,0.0,0,1,0.0,2,2,1.0,0,1,1,3,0,0,2,2,2,-7,1,1630178
42020,1630178,0042000206,"Jun 18, 2021",PHI @ ATL,W,29,5,12,0.417,1,2,0.5,5,8,0.625,1,6,7,1,1,1,0,1,16,12,1,1630178
42020,1630178,0042000205,"Jun 16, 2021",PHI vs. ATL,L,1,0,0,0.0,0,0,0.0,0,0,0.0,0,0,0,0,0,0,0,0,0,-5,1,1630178
42020,1630178,0042000204,"Jun 14, 2021",PHI @ ATL,L,7,1,1,1.0,1,1,1.0,0,0,0.0,0,1,1,0,0,0,0,1,3,7,1,1630178
42020,1630178,0042000203,"Jun 11, 2021",PHI @ ATL,W,6,2,3,0.667,0,0,0.0,0,0,0.0,0,0,0,2,0,0,0,1,4,0,1,1630178
42020,1630178,0042000202,"Jun 08, 2021",PHI vs. ATL,W,5,0,2,0.0,0,1,0.0,0,0,0.0,0,1,1,2,0,0,0,0,0,-4,1,1630178
42020,1630178,0042000201,"Jun 06, 2021",PHI vs. ATL,L,14,2,8,0.25,0,2,0.0,2,4,0.5,0,2,2,0,0,0,1,3,6,-9,1,1630178
42020,1630178,0042000105,"Jun 02, 2021",PHI vs. WAS,W,26,6,14,0.429,0,2,0.0,1,2,0.5,0,6,6,2,1,0,0,2,13,14,1,1630178
42020,1630178,0042000104,"May 31, 2021",PHI @ WAS,L,22,6,12,0.5,2,3,0.667,1,2,0.5,0,1,1,2,1,1,1,4,15,-8,1,1630178
42020,1630178,0042000103,"May 29, 2021",PHI @ WAS,W,11,2,4,0.5,0,0,0.0,0,0,0.0,0,1,1,2,0,1,0,2,4,4,1,1630178
42020,1630178,0042000102,"May 26, 2021",PHI vs. WAS,W,14,4,7,0.571,0,0,0.0,2,3,0.667,0,2,2,2,0,3,1,0,10,8,1,1630178
42020,1630178,0042000101,"May 23, 2021",PHI vs. WAS,W,7,1,1,1.0,0,0,0.0,1,1,1.0,0,0,0,0,0,0,0,0,3,-1,1,1630178
42024,1630558,0042400104,"Apr 28, 2025",MIA vs. CLE,L,35,3,9,0.333,1,5,0.2,1,2,0.5,0,0,0,5,0,0,3,1,8,-37,1,1630558
42024,1630558,0042400103,"Apr 26, 2025",MIA vs. CLE,L,37,7,11,0.636,2,2,1.0,0,1,0.0,0,4,4,5,1,1,0,3,16,-20,1,1630558
42024,1630558,0042400102,"Apr 23, 2025",MIA @ CLE,L,36,7,9,0.778,2,4,0.5,2,4,0.5,0,1,1,6,1,0,2,3,18,-6,1,1630558
42024,1630558,0042400101,"Apr 20, 2025",MIA @ CLE,L,34,8,12,0.667,2,3,0.667,0,0,0.0,2,2,4,9,1,0,3,4,18,-20,1,1630558
42022,1630558,0042200167,"Apr 30, 2023",SAC vs. GSW,L,8,0,2,0.0,0,2,0.0,1,2,0.5,0,0,0,0,0,0,0,0,1,-4,1,1630558
42022,1630558,0042200166,"Apr 28, 2023",SAC @ GSW,W,11,2,7,0.286,0,2,0.0,1,1,1.0,0,3,3,2,2,0,0,0,5,-1,1,1630558
42022,1630558,0042200165,"Apr 26, 2023",SAC vs. GSW,L,24,4,10,0.4,2,8,0.25,0,0,0.0,1,0,1,1,0,0,2,1,10,-4,1,1630558
42022,1630558,0042200164,"Apr 23, 2023",SAC @ GSW,L,28,5,8,0.625,1,2,0.5,1,1,1.0,1,0,1,1,1,0,1,1,12,-10,1,1630558
42022,1630558,0042200163,"Apr 20, 2023",SAC @ GSW,L,18,2,6,0.333,1,5,0.2,0,0,0.0,0,1,1,1,0,0,1,0,5,-10,1,1630558
42022,1630558,0042200162,"Apr 17, 2023",SAC vs. GSW,W,28,5,10,0.5,2,6,0.333,2,2,1.0,1,1,2,3,2,0,0,2,14,2,1,1630558
42022,1630558,0042200161,"Apr 15, 2023",SAC vs. GSW,W,22,1,3,0.333,1,2,0.5,0,0,0.0,0,1,1,4,1,1,2,3,3,4,1,1630558
42024,1630578,0042400157,"May 04, 2025",HOU vs. GSW,L,40,9,23,0.391,1,1,1.0,2,4,0.5,3,11,14,5,1,1,3,5,21,-12,1,1630578
42024,1630578,0042400156,"May 02, 2025",HOU @ GSW,W,37,8,20,0.4,0,2,0.0,5,7,0.714,3,11,14,6,3,0,2,3,21,7,1,1630578
42024,1630578,0042400155,"Apr 30, 2025",HOU vs. GSW,W,31,6,9,0.667,0,0,0.0,3,4,0.75,1,8,9,9,2,2,1,6,15,23,1,1630578
42024,1630578,0042400154,"Apr 28, 2025",HOU @ GSW,L,42,12,28,0.429,0,1,0.0,7,10,0.7,4,6,10,5,2,0,0,2,31,4,1,1630578
42024,1630578,0042400153,"Apr 26, 2025",HOU @ GSW,L,33,7,18,0.389,0,0,0.0,1,6,0.167,2,9,11,4,0,0,1,4,15,-10,1,1630578
42024,1630578,0042400152,"Apr 23, 2025",HOU vs. GSW,W,37,6,15,0.4,1,2,0.5,4,5,0.8,6,10,16,7,2,0,3,4,17,28,1,1630578
42024,1630578,0042400151,"Apr 20, 2025",HOU vs. GSW,L,36,11,18,0.611,1,2,0.5,3,4,0.75,2,7,9,1,3,0,5,2,26,-7,1,1630578
42022,1628368,0042200167,"Apr 30, 2023",SAC vs. GSW,L,37,5,19,0.263,3,10,0.3,3,4,0.75,2,1,3,6,0,1,5,5,16,-20,1,1628368
42022,1628368,0042200166,"Apr 28, 2023",SAC @ GSW,W,37,10,18,0.556,2,5,0.4,4,4,1.0,1,3,4,11,3,1,5,2,26,20,1,1628368
42022,1628368,0042200165,"Apr 26, 2023",SAC vs. GSW,L,42,9,25,0.36,3,10,0.3,3,3,1.0,2,5,7,9,2,1,6,3,24,-4,1,1628368
42022,1628368,0042200164,"Apr 23, 2023",SAC @ GSW,L,40,14,31,0.452,4,11,0.364,6,8,0.75,3,6,9,5,1,0,3,4,38,-4,1,1628368
42022,1628368,0042200163,"Apr 20, 2023",SAC @ GSW,L,38,9,22,0.409,3,9,0.333,5,8,0.625,3,6,9,9,2,0,4,3,26,-17,1,1628368
42022,1628368,0042200162,"Apr 17, 2023",SAC vs. GSW,W,36,10,23,0.435,2,10,0.2,2,2,1.0,0,5,5,9,4,1,2,3,24,1,1,1628368
42022,1628368,0042200161,"Apr 15, 2023",SAC vs. GSW,W,40,13,27,0.481,4,8,0.5,8,12,0.667,1,0,1,5,3,0,3,3,38,4,1,1628368
42023,1626164,0042300164,"Apr 28, 2024",PHX vs. MIN,L,45,13,21,0.619,3,5,0.6,20,21,0.952,0,5,5,6,2,1,2,5,49,0,1,1626164
42023,1626164,0042300163,"Apr 26, 2024",PHX vs. MIN,L,42,8,15,0.533,1,3,0.333,6,6,1.0,0,3,3,8,2,0,2,3,23,-8,1,1626164
42023,1626164,0042300162,"Apr 23, 2024",PHX @ MIN,L,42,6,13,0.462,1,6,0.167,7,8,0.875,1,2,3,5,2,0,6,6,20,-24,1,1626164
42023,1626164,0042300161,"Apr 20, 2024",PHX @ MIN,L,38,5,16,0.313,2,6,0.333,6,6,1.0,0,2,2,5,1,0,1,4,18,-15,1,1626164
42022,1626164,0042200226,"May 11, 2023",PHX vs. DEN,L,36,4,13,0.308,1,3,0.333,3,4,0.75,0,1,1,8,1,1,2,4,12,-27,1,1626164
42022,1626164,0042200225,"May 09, 2023",PHX @ DEN,L,41,8,19,0.421,4,7,0.571,8,9,0.889,0,6,6,4,0,0,2,4,28,-19,1,1626164
42022,1626164,0042200224,"May 07, 2023",PHX vs. DEN,W,40,14,18,0.778,3,4,0.75,5,6,0.833,3,3,6,12,1,0,5,5,36,-1,1,1626164
42022,1626164,0042200223,"May 05, 2023",PHX vs. DEN,W,42,20,25,0.8,5,8,0.625,2,2,1.0,0,6,6,9,3,1,3,5,47,7,1,1626164
42022,1626164,0042200222,"May 01, 2023",PHX @ DEN,L,45,14,29,0.483,4,8,0.5,3,3,1.0,0,5,5,6,0,0,2,4,35,-7,1,1626164
42022,1626164,0042200221,"Apr 29, 2023",PHX @ DEN,L,40,10,19,0.526,0,1,0.0,7,8,0.875,2,2,4,8,1,2,3,1,27,-18,1,1626164
42022,1626164,0042200175,"Apr 25, 2023",PHX vs. LAC,W,42,19,27,0.704,4,7,0.571,5,6,0.833,2,6,8,10,2,0,3,4,47,11,1,1626164
42022,1626164,0042200174,"Apr 22, 2023",PHX @ LAC,W,41,10,21,0.476,3,6,0.5,7,8,0.875,3,6,9,7,3,0,4,1,30,5,1,1626164
42022,1626164,0042200173,"Apr 20, 2023",PHX @ LAC,W,45,18,29,0.621,3,7,0.429,6,7,0.857,1,5,6,3,3,2,0,2,45,3,1,1626164
42022,1626164,0042200172,"Apr 18, 2023",PHX vs. LAC,W,45,14,22,0.636,4,7,0.571,6,6,1.0,0,1,1,9,1,0,3,4,38,15,1,1626164
42022,1626164,0042200171,"Apr 16, 2023",PHX vs. LAC,L,43,10,19,0.526,0,3,0.0,6,8,0.75,1,0,1,3,4,3,5,3,26,-6,1,1626164
42021,1626164,0042100227,"May 15, 2022",PHX vs. DAL,L,37,3,14,0.214,0,4,0.0,5,6,0.833,1,2,3,2,1,0,4,3,11,-41,1,1626164
42021,1626164,0042100226,"May 12, 2022",PHX @ DAL,L,39,6,17,0.353,0,4,0.0,7,7,1.0,2,6,8,3,1,1,8,4,19,-19,1,1626164
42021,1626164,0042100225,"May 10, 2022",PHX vs. DAL,W,35,11,20,0.55,3,7,0.429,3,4,0.75,1,6,7,2,2,0,2,3,28,25,1,1626164
42021,1626164,0042100224,"May 08, 2022",PHX @ DAL,L,43,10,22,0.455,3,6,0.5,12,13,0.923,1,3,4,7,0,1,5,4,35,-12,1,1626164
42021,1626164,0042100223,"May 06, 2022",PHX @ DAL,L,40,6,13,0.462,4,6,0.667,2,4,0.5,0,2,2,6,0,0,5,1,18,-12,1,1626164
42021,1626164,0042100222,"May 04, 2022",PHX vs. DAL,W,36,11,19,0.579,5,8,0.625,3,3,1.0,1,3,4,4,0,1,2,4,30,21,1,1626164
42021,1626164,0042100221,"May 02, 2022",PHX vs. DAL,W,38,7,20,0.35,1,5,0.2,8,8,1.0,3,6,9,8,0,1,1,1,23,6,1,1626164
42021,1626164,0042100146,"Apr 28, 2022",PHX @ NOP,W,32,5,12,0.417,1,6,0.167,2,2,1.0,0,5,5,3,0,0,2,0,13,9,1,1626164
42021,1626164,0042100142,"Apr 19, 2022",PHX vs. NOP,L,25,12,19,0.632,7,11,0.636,0,0,0.0,1,1,2,1,0,0,2,3,31,-6,1,1626164
42021,1626164,0042100141,"Apr 17, 2022",PHX vs. NOP,W,41,8,19,0.421,4,8,0.5,5,6,0.833,0,4,4,8,1,0,1,2,25,7,1,1626164
42020,1626164,0042000406,"Jul 20, 2021",PHX @ MIL,L,46,8,22,0.364,0,7,0.0,3,3,1.0,0,3,3,5,0,0,6,4,19,-15,1,1626164
42020,1626164,0042000405,"Jul 17, 2021",PHX vs. MIL,L,42,17,33,0.515,2,4,0.5,4,5,0.8,1,3,4,3,2,1,2,5,40,12,1,1626164
42020,1626164,0042000404,"Jul 14, 2021",PHX @ MIL,L,39,17,28,0.607,0,3,0.0,8,9,0.889,1,0,1,2,0,1,4,5,42,0,1,1626164
42020,1626164,0042000403,"Jul 11, 2021",PHX @ MIL,L,29,3,14,0.214,1,7,0.143,3,5,0.6,2,4,6,2,0,0,1,2,10,-13,1,1626164
42020,1626164,0042000402,"Jul 08, 2021",PHX vs. MIL,W,44,12,25,0.48,7,12,0.583,0,0,0.0,2,3,5,6,0,0,3,4,31,10,1,1626164
42020,1626164,0042000401,"Jul 06, 2021",PHX vs. MIL,W,42,8,21,0.381,1,8,0.125,10,10,1.0,0,2,2,6,3,0,3,3,27,18,1,1626164
42020,1626164,0042000316,"Jun 30, 2021",PHX @ LAC,W,42,10,26,0.385,1,7,0.143,1,1,1.0,0,7,7,4,1,1,3,2,22,23,1,1626164
42020,1626164,0042000315,"Jun 28, 2021",PHX vs. LAC,L,43,9,22,0.409,4,6,0.667,9,11,0.818,0,4,4,3,2,0,3,2,31,-10,1,1626164
42020,1626164,0042000314,"Jun 26, 2021",PHX @ LAC,W,38,8,22,0.364,0,5,0.0,9,11,0.818,0,2,2,0,2,0,5,6,25,5,1,1626164
42020,1626164,0042000313,"Jun 24, 2021",PHX @ LAC,L,40,5,21,0.238,1,7,0.143,4,4,1.0,1,4,5,5,1,0,4,4,15,-15,1,1626164
42020,1626164,0042000312,"Jun 22, 2021",PHX vs. LAC,W,41,5,16,0.313,1,3,0.333,9,9,1.0,0,4,4,5,0,0,8,5,20,4,1,1626164
42020,1626164,0042000311,"Jun 20, 2021",PHX vs. LAC,W,44,15,29,0.517,3,7,0.429,7,7,1.0,1,12,13,11,0,0,2,3,40,6,1,1626164
42020,1626164,0042000234,"Jun 13, 2021",PHX @ DEN,W,42,11,25,0.44,2,8,0.25,10,11,0.909,2,9,11,4,1,0,3,3,34,10,1,1626164
42020,1626164,0042000233,"Jun 11, 2021",PHX @ DEN,W,40,11,23,0.478,2,7,0.286,4,4,1.0,1,5,6,4,1,0,4,3,28,19,1,1626164
42020,1626164,0042000232,"Jun 09, 2021",PHX vs. DEN,W,33,6,14,0.429,3,7,0.429,3,3,1.0,0,10,10,2,1,0,2,1,18,16,1,1626164
42020,1626164,0042000231,"Jun 07, 2021",PHX vs. DEN,W,38,8,12,0.667,1,4,0.25,4,6,0.667,0,4,4,8,1,0,5,3,21,12,1,1626164
42020,1626164,0042000156,"Jun 03, 2021",PHX @ LAL,W,46,15,22,0.682,8,10,0.8,9,9,1.0,0,11,11,3,0,1,3,2,47,10,1,1626164
42020,1626164,0042000155,"Jun 01, 2021",PHX vs. LAL,W,33,13,23,0.565,2,6,0.333,2,2,1.0,0,7,7,5,1,0,1,3,30,22,1,1626164
42020,1626164,0042000154,"May 30, 2021",PHX @ LAL,W,39,5,14,0.357,1,5,0.2,6,7,0.857,2,5,7,5,1,0,5,3,17,12,1,1626164
42020,1626164,0042000153,"May 27, 2021",PHX @ LAL,L,41,6,19,0.316,1,4,0.25,6,7,0.857,1,3,4,6,0,0,4,6,19,-7,1,1626164
42020,1626164,0042000152,"May 25, 2021",PHX vs. LAL,L,40,7,17,0.412,0,3,0.0,17,17,1.0,0,1,1,3,0,0,4,3,31,-16,1,1626164
42020,1626164,0042000151,"May 23, 2021",PHX vs. LAL,W,45,13,26,0.5,3,7,0.429,5,6,0.833,1,6,7,8,1,0,6,4,34,9,1,1626164
42022,1630193,0042200203,"May 06, 2023",NYK @ MIA,L,20,4,12,0.333,2,8,0.25,2,2,1.0,1,0,1,0,1,0,1,0,12,-8,1,1630193
42022,1630193,0042200202,"May 02, 2023",NYK vs. MIA,W,9,3,7,0.429,0,4,0.0,0,0,0.0,0,1,1,0,0,0,2,2,6,-6,1,1630193
42022,1630193,0042200201,"Apr 30, 2023",NYK vs. MIA,L,27,3,9,0.333,1,4,0.25,2,2,1.0,1,1,2,1,1,0,1,2,9,-4,1,1630193
42022,1630193,0042200135,"Apr 26, 2023",NYK @ CLE,W,29,5,15,0.333,3,10,0.3,6,6,1.0,0,2,2,1,0,0,0,3,19,-3,1,1630193
42022,1630193,0042200134,"Apr 23, 2023",NYK vs. CLE,W,19,0,4,0.0,0,2,0.0,0,0,0.0,0,2,2,1,0,0,0,1,0,11,1,1630193
42022,1630193,0042200133,"Apr 21, 2023",NYK vs. CLE,W,23,4,6,0.667,2,3,0.667,1,2,0.5,0,1,1,2,0,0,1,0,11,27,1,1630193
42022,1630193,0042200132,"Apr 18, 2023",NYK @ CLE,L,23,4,8,0.5,1,4,0.25,3,4,0.75,0,1,1,1,2,0,1,3,12,-5,1,1630193
42022,1630193,0042200131,"Apr 15, 2023",NYK @ CLE,W,24,0,5,0.0,0,2,0.0,3,4,0.75,0,3,3,2,0,0,3,0,3,8,1,1630193
42020,1630193,0042000135,"Jun 02, 2021",NYK vs. ATL,L,13,2,6,0.333,2,2,1.0,5,6,0.833,0,0,0,0,2,0,3,0,11,-10,1,1630193
42020,1630193,0042000134,"May 30, 2021",NYK @ ATL,L,13,0,3,0.0,0,2,0.0,0,0,0.0,0,2,2,1,0,0,0,0,0,-1,1,1630193
42020,1630193,0042000133,"May 28, 2021",NYK @ ATL,L,15,2,8,0.25,0,1,0.0,0,1,0.0,0,0,0,0,0,0,0,2,4,-3,1,1630193
42020,1630193,0042000132,"May 26, 2021",NYK vs. ATL,W,15,2,9,0.222,0,4,0.0,0,0,0.0,0,3,3,1,1,0,1,2,4,8,1,1630193
42020,1630193,0042000131,"May 23, 2021",NYK vs. ATL,L,21,4,7,0.571,2,2,1.0,0,0,0.0,0,2,2,3,0,0,2,4,10,6,1,1630193
42021,1630567,0042100136,"Apr 28, 2022",TOR vs. PHI,L,35,8,20,0.4,2,7,0.286,0,0,0.0,4,3,7,3,1,0,2,5,18,-33,1,1630567
42021,1630567,0042100135,"Apr 25, 2022",TOR @ PHI,W,41,5,10,0.5,0,1,0.0,2,2,1.0,1,7,8,4,3,0,1,3,12,13,1,1630567
42021,1630567,0042100134,"Apr 23, 2022",TOR vs. PHI,W,26,1,6,0.167,0,4,0.0,4,5,0.8,0,11,11,2,0,0,0,3,6,3,1,1630567
42021,1630567,0042100131,"Apr 16, 2022",TOR @ PHI,L,32,4,6,0.667,0,0,0.0,7,9,0.778,2,8,10,8,0,1,2,1,15,-10,1,1630567
42023,1630700,0042300143,"Apr 27, 2024",NOP vs. OKC,L,7,2,4,0.5,0,1,0.0,0,0,0.0,0,1,1,0,2,0,1,0,4,-5,1,1630700
42023,1630700,0042300142,"Apr 24, 2024",NOP @ OKC,L,8,0,2,0.0,0,1,0.0,0,0,0.0,0,1,1,0,0,0,0,0,0,-6,1,1630700
42023,1630700,0042300141,"Apr 21, 2024",NOP @ OKC,L,3,0,0,0.0,0,0,0.0,0,0,0.0,0,0,0,0,0,0,0,0,0,-2,1,1630700
42024,1628378,0042400205,"May 13, 2025",CLE vs. IND,L,38,8,25,0.32,4,13,0.308,15,21,0.714,2,7,9,1,4,1,2,2,35,-3,1,1628378
42024,1628378,0042400204,"May 11, 2025",CLE @ IND,L,20,3,11,0.273,1,5,0.2,5,6,0.833,1,0,1,0,1,1,2,0,12,-35,1,1628378
42024,1628378,0042400203,"May 09, 2025",CLE @ IND,W,37,14,29,0.483,5,13,0.385,10,14,0.714,5,4,9,5,1,0,2,4,43,35,1,1628378
42024,1628378,0042400202,"May 06, 2025",CLE vs. IND,L,36,15,30,0.5,1,7,0.143,17,21,0.81,2,3,5,9,4,1,5,4,48,13,1,1628378
42024,1628378,0042400201,"May 04, 2025",CLE vs. IND,L,34,13,30,0.433,1,11,0.091,6,9,0.667,0,5,5,4,1,0,0,2,33,-19,1,1628378
42024,1628378,0042400104,"Apr 28, 2025",CLE @ MIA,W,25,8,15,0.533,4,8,0.5,2,2,1.0,0,0,0,5,1,0,2,1,22,31,1,1628378
42024,1628378,0042400103,"Apr 26, 2025",CLE @ MIA,W,30,4,14,0.286,3,8,0.375,2,5,0.4,1,1,2,1,0,0,1,1,13,9,1,1628378
42024,1628378,0042400102,"Apr 23, 2025",CLE vs. MIA,W,36,10,21,0.476,7,10,0.7,3,4,0.75,0,6,6,6,1,0,1,2,30,4,1,1628378
42024,1628378,0042400101,"Apr 20, 2025",CLE vs. MIA,W,33,11,19,0.579,2,9,0.222,6,7,0.857,0,5,5,4,4,0,2,2,30,10,1,1628378
42023,1628378,0042300203,"May 11, 2024",CLE vs. BOS,L,43,12,22,0.545,7,12,0.583,2,3,0.667,0,6,6,3,2,0,0,2,33,-10,1,1628378
42023,1628378,0042300202,"May 09, 2024",CLE @ BOS,W,39,10,19,0.526,5,7,0.714,4,6,0.667,0,7,7,8,0,0,1,2,29,38,1,1628378
42023,1628378,0042300201,"May 07, 2024",CLE @ BOS,L,37,12,25,0.48,4,11,0.364,5,5,1.0,0,6,6,5,1,0,3,2,33,-11,1,1628378
42023,1628378,0042300137,"May 05, 2024",CLE vs. ORL,W,45,11,27,0.407,2,8,0.25,15,17,0.882,1,8,9,5,1,1,1,3,39,17,1,1628378
42023,1628378,0042300136,"May 03, 2024",CLE @ ORL,L,42,22,36,0.611,3,9,0.333,3,6,0.5,1,3,4,4,0,1,4,4,50,-3,1,1628378
42023,1628378,0042300135,"Apr 30, 2024",CLE vs. ORL,W,40,9,23,0.391,1,7,0.143,9,10,0.9,1,5,6,2,2,0,4,5,28,-11,1,1628378
42023,1628378,0042300134,"Apr 27, 2024",CLE @ ORL,L,36,5,14,0.357,1,4,0.25,7,7,1.0,0,1,1,6,3,0,6,4,18,-16,1,1628378
42023,1628378,0042300133,"Apr 25, 2024",CLE @ ORL,L,27,6,16,0.375,1,6,0.167,0,1,0.0,0,5,5,7,0,0,2,1,13,-25,1,1628378
42023,1628378,0042300132,"Apr 22, 2024",CLE vs. ORL,W,36,9,22,0.409,2,10,0.2,3,5,0.6,1,7,8,4,1,1,3,5,23,10,1,1628378
42023,1628378,0042300131,"Apr 20, 2024",CLE vs. ORL,W,36,11,21,0.524,3,8,0.375,5,5,1.0,2,0,2,3,3,0,4,1,30,10,1,1628378
42022,1628378,0042200135,"Apr 26, 2023",CLE vs. NYK,L,44,11,26,0.423,3,12,0.25,3,3,1.0,0,7,7,5,2,1,3,2,28,-8,1,1628378
42022,1628378,0042200134,"Apr 23, 2023",CLE @ NYK,L,42,5,18,0.278,0,4,0.0,1,2,0.5,0,4,4,5,1,0,6,4,11,-8,1,1628378
42022,1628378,0042200133,"Apr 21, 2023",CLE @ NYK,L,38,9,19,0.474,2,8,0.25,2,3,0.667,1,6,7,5,2,0,6,3,22,-19,1,1628378
42022,1628378,0042200132,"Apr 18, 2023",CLE vs. NYK,W,39,6,11,0.545,2,5,0.4,3,4,0.75,1,1,2,13,2,1,2,4,17,24,1,1628378
42022,1628378,0042200131,"Apr 15, 2023",CLE vs. NYK,L,44,14,30,0.467,6,16,0.375,4,6,0.667,1,4,5,8,3,1,2,1,38,2,1,1628378
42021,1628378,0042100176,"Apr 28, 2022",UTA vs. DAL,L,39,9,17,0.529,2,7,0.286,3,4,0.75,1,7,8,9,0,1,5,2,23,3,1,1628378
42021,1628378,0042100175,"Apr 25, 2022",UTA @ DAL,L,32,4,15,0.267,0,7,0.0,1,1,1.0,0,2,2,1,1,0,4,1,9,-38,1,1628378
42021,1628378,0042100174,"Apr 23, 2022",UTA vs. DAL,W,38,7,21,0.333,2,10,0.2,7,9,0.778,1,5,6,7,2,0,1,3,23,-4,1,1628378
42021,1628378,0042100173,"Apr 21, 2022",UTA vs. DAL,L,39,10,21,0.476,1,8,0.125,11,12,0.917,0,2,2,6,0,1,2,4,32,4,1,1628378
42021,1628378,0042100172,"Apr 18, 2022",UTA @ DAL,L,41,13,30,0.433,3,10,0.3,5,5,1.0,2,0,2,5,0,0,1,1,34,-14,1,1628378
42021,1628378,0042100171,"Apr 16, 2022",UTA @ DAL,W,42,10,29,0.345,2,6,0.333,10,11,0.909,2,4,6,6,1,1,3,3,32,10,1,1628378
42020,1628378,0042000226,"Jun 18, 2021",UTA @ LAC,L,40,12,27,0.444,9,15,0.6,6,9,0.667,1,8,9,9,1,0,2,3,39,-9,1,1628378
42020,1628378,0042000225,"Jun 16, 2021",UTA vs. LAC,L,38,6,19,0.316,4,14,0.286,5,6,0.833,0,5,5,5,1,0,2,1,21,0,1,1628378
42020,1628378,0042000224,"Jun 14, 2021",UTA @ LAC,L,40,9,26,0.346,6,15,0.4,13,15,0.867,1,4,5,5,1,0,5,5,37,-15,1,1628378
42020,1628378,0042000223,"Jun 12, 2021",UTA @ LAC,L,32,11,24,0.458,5,9,0.556,3,5,0.6,0,5,5,4,2,0,2,3,30,-10,1,1628378
42020,1628378,0042000222,"Jun 10, 2021",UTA vs. LAC,W,39,15,29,0.517,6,12,0.5,1,2,0.5,0,3,3,4,0,0,3,1,37,-2,1,1628378
42020,1628378,0042000221,"Jun 08, 2021",UTA vs. LAC,W,37,16,30,0.533,6,15,0.4,7,8,0.875,0,3,3,5,1,1,3,0,45,5,1,1628378
42020,1628378,0042000145,"Jun 02, 2021",UTA vs. MEM,W,29,11,16,0.688,5,8,0.625,3,3,1.0,0,6,6,10,1,0,3,3,30,30,1,1628378
42020,1628378,0042000144,"May 31, 2021",UTA @ MEM,W,35,8,22,0.364,2,7,0.286,12,13,0.923,1,1,2,8,2,1,4,2,30,3,1,1628378
42020,1628378,0042000143,"May 29, 2021",UTA @ MEM,W,30,9,23,0.391,2,10,0.2,9,11,0.818,0,2,2,5,1,0,2,0,29,8,1,1628378
42020,1628378,0042000142,"May 26, 2021",UTA vs. MEM,W,26,8,19,0.421,5,10,0.5,4,4,1.0,0,2,2,0,1,0,2,2,25,9,1,1628378
42019,1628378,0041900167,"Sep 01, 2020",UTA @ DEN,L,43,9,22,0.409,2,8,0.25,2,2,1.0,1,8,9,1,0,1,9,3,22,3,1,1628378
42019,1628378,0041900166,"Aug 30, 2020",UTA vs. DEN,L,40,14,25,0.56,9,13,0.692,7,7,1.0,2,4,6,5,3,0,4,1,44,2,1,1628378
42019,1628378,0041900165,"Aug 25, 2020",UTA @ DEN,L,38,11,23,0.478,4,8,0.5,4,5,0.8,0,2,2,5,1,0,4,2,30,-3,1,1628378
42019,1628378,0041900164,"Aug 23, 2020",UTA vs. DEN,W,38,15,27,0.556,4,7,0.571,17,18,0.944,1,3,4,7,0,0,4,2,51,5,1,1628378
42019,1628378,0041900163,"Aug 21, 2020",UTA vs. DEN,W,28,5,13,0.385,2,6,0.333,8,9,0.889,0,4,4,1,1,1,0,0,20,19,1,1628378
42019,1628378,0041900162,"Aug 19, 2020",UTA @ DEN,W,34,10,14,0.714,6,7,0.857,4,4,1.0,0,1,1,8,1,0,3,1,30,23,1,1628378
42019,1628378,0041900161,"Aug 17, 2020",UTA @ DEN,L,43,19,33,0.576,6,15,0.4,13,13,1.0,2,7,9,7,1,0,5,2,57,-11,1,1628378
42024,1631157,0042400134,"Apr 27, 2025",MIL vs. IND,L,8,2,4,0.5,1,2,0.5,0,0,0.0,0,0,0,1,0,0,0,2,5,-7,1,1631157
42024,1631157,0042400133,"Apr 25, 2025",MIL vs. IND,W,2,0,1,0.0,0,1,0.0,0,0,0.0,0,0,0,0,0,0,0,0,0,-4,1,1631157
42024,1631157,0042400131,"Apr 19, 2025",MIL @ IND,L,19,2,8,0.25,1,4,0.25,0,0,0.0,1,1,2,3,1,0,0,2,5,-13,1,1631157
42024,203110,0042400235,"May 14, 2025",GSW @ MIN,L,36,4,11,0.364,1,6,0.167,1,2,0.5,2,4,6,6,1,0,3,4,10,-9,1,203110
42024,203110,0042400234,"May 12, 2025",GSW vs. MIN,L,34,6,14,0.429,2,6,0.333,0,0,0.0,1,6,7,2,0,0,2,4,14,-18,1,203110
42024,203110,0042400233,"May 10, 2025",GSW vs. MIN,L,29,1,4,0.25,0,1,0.0,0,0,0.0,0,2,2,4,2,0,5,6,2,-5,1,203110
42024,203110,0042400232,"May 08, 2025",GSW @ MIN,L,29,3,10,0.3,1,6,0.167,2,2,1.0,0,4,4,5,1,1,2,1,9,-3,1,203110
42024,203110,0042400231,"May 06, 2025",GSW @ MIN,W,35,6,13,0.462,4,10,0.4,2,2,1.0,0,8,8,6,2,0,4,5,18,11,1,203110
42024,203110,0042400157,"May 04, 2025",GSW @ HOU,W,40,7,15,0.467,2,8,0.25,0,0,0.0,0,6,6,5,1,2,1,4,16,18,1,203110
42024,203110,0042400156,"May 02, 2025",GSW vs. HOU,L,37,3,8,0.375,1,4,0.25,1,2,0.5,2,3,5,7,0,3,4,3,8,-8,1,203110
42024,203110,0042400155,"Apr 30, 2025",GSW @ HOU,L,18,3,4,0.75,1,2,0.5,0,0,0.0,0,1,1,1,2,0,2,1,7,-29,1,203110
42024,203110,0042400154,"Apr 28, 2025",GSW vs. HOU,W,31,2,7,0.286,2,5,0.4,0,0,0.0,1,7,8,2,0,0,1,5,6,17,1,203110
42024,203110,0042400153,"Apr 26, 2025",GSW vs. HOU,W,34,3,11,0.273,0,4,0.0,1,1,1.0,1,7,8,4,2,3,5,4,7,12,1,203110
42024,203110,0042400152,"Apr 23, 2025",GSW @ HOU,L,31,2,6,0.333,2,6,0.333,2,4,0.5,1,4,5,1,3,1,5,3,8,-13,1,203110
42024,203110,0042400151,"Apr 20, 2025",GSW @ HOU,W,36,2,5,0.4,0,2,0.0,0,0,0.0,1,5,6,3,3,1,2,4,4,4,1,203110
42022,203110,0042200236,"May 12, 2023",GSW @ LAL,L,24,4,8,0.5,1,3,0.333,0,0,0.0,4,5,9,3,0,1,2,5,9,-26,1,203110
42022,203110,0042200235,"May 10, 2023",GSW vs. LAL,W,30,7,11,0.636,1,2,0.5,5,5,1.0,1,9,10,4,2,1,5,3,20,13,1,203110
42022,203110,0042200234,"May 08, 2023",GSW @ LAL,L,37,3,5,0.6,0,1,0.0,2,2,1.0,3,7,10,7,1,1,5,3,8,-10,1,203110
42022,203110,0042200233,"May 06, 2023",GSW @ LAL,L,23,1,4,0.25,0,1,0.0,0,0,0.0,1,1,2,4,1,1,0,5,2,-27,1,203110
42022,203110,0042200232,"May 04, 2023",GSW vs. LAL,W,28,5,10,0.5,0,1,0.0,1,4,0.25,2,9,11,9,1,0,2,3,11,15,1,203110
42022,203110,0042200231,"May 02, 2023",GSW vs. LAL,L,34,3,9,0.333,0,1,0.0,0,0,0.0,1,3,4,7,1,3,0,4,6,-8,1,203110
42022,203110,0042200167,"Apr 30, 2023",GSW @ SAC,W,38,3,7,0.429,1,4,0.25,1,2,0.5,1,5,6,8,2,0,0,4,8,25,1,203110
42022,203110,0042200166,"Apr 28, 2023",GSW vs. SAC,L,26,1,2,0.5,0,0,0.0,2,2,1.0,0,4,4,10,1,2,1,5,4,-13,1,203110
42022,203110,0042200165,"Apr 26, 2023",GSW @ SAC,W,32,8,10,0.8,1,2,0.5,4,8,0.5,0,4,4,7,4,1,3,4,21,13,1,203110
42022,203110,0042200164,"Apr 23, 2023",GSW vs. SAC,W,31,3,14,0.214,0,2,0.0,6,6,1.0,4,6,10,7,2,1,1,4,12,8,1,203110
42022,203110,0042200162,"Apr 17, 2023",GSW @ SAC,L,31,3,6,0.5,1,2,0.5,1,2,0.5,0,4,4,5,1,0,5,5,8,-1,1,203110
42022,203110,0042200161,"Apr 15, 2023",GSW @ SAC,L,33,1,5,0.2,0,1,0.0,2,2,1.0,2,7,9,11,2,1,3,3,4,-1,1,203110
42021,203110,0042100406,"Jun 16, 2022",GSW @ BOS,W,42,5,10,0.5,2,5,0.4,0,0,0.0,4,8,12,8,2,2,5,1,12,16,1,203110
42021,203110,0042100405,"Jun 13, 2022",GSW vs. BOS,W,35,3,6,0.5,0,2,0.0,2,2,1.0,1,6,7,6,1,0,2,6,8,11,1,203110
42021,203110,0042100404,"Jun 10, 2022",GSW @ BOS,W,33,1,7,0.143,0,2,0.0,0,0,0.0,5,4,9,8,4,0,2,3,2,0,1,203110
42021,203110,0042100403,"Jun 08, 2022",GSW @ BOS,L,35,1,4,0.25,0,2,0.0,0,0,0.0,1,3,4,3,0,1,2,6,2,-13,1,203110
42021,203110,0042100402,"Jun 05, 2022",GSW vs. BOS,W,35,2,3,0.667,0,1,0.0,5,7,0.714,0,5,5,7,1,1,1,3,9,7,1,203110
42021,203110,0042100401,"Jun 02, 2022",GSW vs. BOS,L,38,2,12,0.167,0,4,0.0,0,3,0.0,3,8,11,5,2,0,3,6,4,-1,1,203110
42021,203110,0042100315,"May 26, 2022",GSW vs. DAL,W,31,6,7,0.857,1,1,1.0,4,4,1.0,1,5,6,9,0,1,3,5,17,11,1,203110
42021,203110,0042100314,"May 24, 2022",GSW @ DAL,L,26,4,8,0.5,0,2,0.0,2,5,0.4,0,6,6,6,0,2,1,1,10,-18,1,203110
42021,203110,0042100313,"May 22, 2022",GSW @ DAL,W,37,5,10,0.5,0,0,0.0,0,0,0.0,1,4,5,5,2,1,3,4,10,19,1,203110
42021,203110,0042100312,"May 20, 2022",GSW vs. DAL,W,28,2,6,0.333,1,2,0.5,1,2,0.5,0,6,6,5,0,0,4,6,6,-19,1,203110
42021,203110,0042100311,"May 18, 2022",GSW vs. DAL,W,29,4,6,0.667,0,1,0.0,2,3,0.667,1,8,9,3,2,1,1,4,10,25,1,203110
42021,203110,0042100236,"May 13, 2022",GSW vs. MEM,W,39,6,14,0.429,0,3,0.0,2,2,1.0,3,12,15,8,1,0,4,4,14,19,1,203110
42021,203110,0042100235,"May 11, 2022",GSW @ MEM,L,22,2,4,0.5,0,2,0.0,1,2,0.5,2,5,7,5,0,1,5,3,5,-32,1,203110
42021,203110,0042100234,"May 09, 2022",GSW vs. MEM,W,33,1,2,0.5,0,0,0.0,0,0,0.0,1,10,11,5,0,1,2,5,2,6,1,203110
42021,203110,0042100233,"May 07, 2022",GSW vs. MEM,W,27,2,3,0.667,0,0,0.0,1,2,0.5,0,5,5,8,0,1,4,4,5,19,1,203110
42021,203110,0042100232,"May 03, 2022",GSW @ MEM,L,32,3,5,0.6,0,1,0.0,0,0,0.0,1,9,10,7,0,1,4,5,6,-10,1,203110
42021,203110,0042100231,"May 01, 2022",GSW @ MEM,W,17,2,3,0.667,0,0,0.0,2,3,0.667,1,3,4,3,3,1,5,1,6,2,1,203110
42021,203110,0042100165,"Apr 27, 2022",GSW vs. DEN,W,36,4,10,0.4,1,2,0.5,2,2,1.0,0,2,2,6,1,3,1,3,11,12,1,203110
42021,203110,0042100164,"Apr 24, 2022",GSW @ DEN,L,34,5,6,0.833,0,1,0.0,3,3,1.0,0,11,11,6,2,0,2,6,13,18,1,203110
42021,203110,0042100163,"Apr 21, 2022",GSW @ DEN,W,35,2,6,0.333,1,3,0.333,1,4,0.25,0,5,5,10,2,1,4,5,6,4,1,203110
42021,203110,0042100162,"Apr 18, 2022",GSW vs. DEN,W,30,2,5,0.4,1,3,0.333,1,2,0.5,0,3,3,6,2,1,1,4,6,20,1,203110
42021,203110,0042100161,"Apr 16, 2022",GSW vs. DEN,W,29,5,7,0.714,1,2,0.5,1,1,1.0,1,5,6,9,0,3,0,2,12,21,1,203110
42024,1628401,0042400216,"May 16, 2025",BOS @ NYK,L,30,3,11,0.273,2,8,0.25,0,0,0.0,0,1,1,2,1,0,1,2,8,-45,1,1628401
42024,1628401,0042400215,"May 14, 2025",BOS vs. NYK,W,40,9,16,0.563,7,13,0.538,9,11,0.818,0,3,3,2,0,3,2,3,34,26,1,1628401
42024,1628401,0042400214,"May 12, 2025",BOS @ NYK,L,44,6,12,0.5,6,11,0.545,5,7,0.714,2,1,3,2,0,0,2,0,23,-10,1,1628401
42024,1628401,0042400213,"May 10, 2025",BOS @ NYK,W,34,6,10,0.6,3,6,0.5,2,2,1.0,3,2,5,2,1,1,0,4,17,29,1,1628401
42024,1628401,0042400212,"May 07, 2025",BOS vs. NYK,L,40,6,17,0.353,3,11,0.273,5,5,1.0,3,6,9,5,0,2,0,2,20,-2,1,1628401
42024,1628401,0042400211,"May 05, 2025",BOS vs. NYK,L,44,6,18,0.333,5,16,0.313,2,2,1.0,1,10,11,2,0,2,2,2,19,0,1,1628401
42024,1628401,0042400115,"Apr 29, 2025",BOS vs. ORL,W,31,2,6,0.333,0,3,0.0,1,1,1.0,0,4,4,5,1,0,1,3,5,8,1,1628401
42024,1628401,0042400114,"Apr 27, 2025",BOS @ ORL,W,39,7,11,0.636,2,6,0.333,2,3,0.667,2,5,7,7,0,1,1,1,18,0,1,1628401
42024,1628401,0042400113,"Apr 25, 2025",BOS @ ORL,L,40,7,14,0.5,2,8,0.25,0,0,0.0,0,3,3,5,2,1,0,0,16,4,1,1628401
42024,1628401,0042400112,"Apr 23, 2025",BOS vs. ORL,W,38,6,14,0.429,3,10,0.3,2,2,1.0,2,4,6,5,1,0,2,5,17,4,1,1628401
42024,1628401,0042400111,"Apr 20, 2025",BOS vs. ORL,W,36,10,18,0.556,7,12,0.583,3,3,1.0,1,3,4,2,1,2,2,0,30,7,1,1628401
42023,1628401,0042300405,"Jun 17, 2024",BOS vs. DAL,W,38,4,10,0.4,4,8,0.5,2,2,1.0,4,4,8,1,2,1,2,0,14,1,1,1628401
42023,1628401,0042300404,"Jun 14, 2024",BOS @ DAL,L,31,2,8,0.25,2,8,0.25,0,0,0.0,0,4,4,1,0,0,0,2,6,-29,1,1628401
42023,1628401,0042300403,"Jun 12, 2024",BOS @ DAL,W,42,4,10,0.4,4,9,0.444,4,4,1.0,0,5,5,4,0,2,1,4,16,3,1,1628401
42023,1628401,0042300402,"Jun 09, 2024",BOS vs. DAL,W,38,6,15,0.4,4,10,0.4,2,2,1.0,2,3,5,2,3,2,1,2,18,8,1,1628401
42023,1628401,0042300401,"Jun 06, 2024",BOS vs. DAL,W,35,5,11,0.455,3,8,0.375,2,2,1.0,1,1,2,5,1,0,2,3,15,3,1,1628401
42023,1628401,0042300304,"May 27, 2024",BOS @ IND,W,42,7,14,0.5,2,9,0.222,0,0,0.0,1,3,4,4,5,3,0,3,16,5,1,1628401
42023,1628401,0042300303,"May 25, 2024",BOS @ IND,W,35,3,11,0.273,2,8,0.25,5,6,0.833,1,4,5,7,0,4,0,4,13,4,1,1628401
42023,1628401,0042300302,"May 23, 2024",BOS vs. IND,W,36,8,15,0.533,4,8,0.5,3,3,1.0,2,2,4,6,1,1,0,4,23,11,1,1628401
42023,1628401,0042300301,"May 21, 2024",BOS vs. IND,W,42,5,13,0.385,3,8,0.375,2,2,1.0,2,4,6,9,2,1,2,3,15,12,1,1628401
42023,1628401,0042300205,"May 15, 2024",BOS vs. CLE,W,36,7,17,0.412,4,9,0.444,0,0,0.0,1,4,5,6,0,2,0,4,18,17,1,1628401
42023,1628401,0042300204,"May 13, 2024",BOS @ CLE,W,30,1,6,0.167,1,4,0.25,2,2,1.0,1,6,7,3,1,0,0,2,5,5,1,1628401
42023,1628401,0042300203,"May 11, 2024",BOS @ CLE,W,37,4,13,0.308,3,8,0.375,1,1,1.0,0,3,3,3,1,1,1,1,12,13,1,1628401
42023,1628401,0042300202,"May 09, 2024",BOS vs. CLE,L,30,3,11,0.273,1,8,0.125,3,4,0.75,0,4,4,5,0,1,1,3,10,-27,1,1628401
42023,1628401,0042300201,"May 07, 2024",BOS vs. CLE,W,33,9,16,0.563,7,12,0.583,0,0,0.0,0,1,1,5,0,0,0,1,25,6,1,1628401
42023,1628401,0042300105,"May 01, 2024",BOS vs. MIA,W,29,8,13,0.615,5,10,0.5,4,5,0.8,0,5,5,2,1,0,1,2,25,17,1,1628401
42023,1628401,0042300104,"Apr 29, 2024",BOS @ MIA,W,41,15,26,0.577,8,15,0.533,0,0,0.0,1,3,4,3,0,3,1,3,38,10,1,1628401
42023,1628401,0042300103,"Apr 27, 2024",BOS @ MIA,W,31,7,14,0.5,2,7,0.286,0,0,0.0,3,2,5,3,0,0,0,0,16,7,1,1628401
42023,1628401,0042300102,"Apr 24, 2024",BOS vs. MIA,L,36,5,8,0.625,2,4,0.5,1,1,1.0,0,1,1,4,1,1,1,2,13,-23,1,1628401
42023,1628401,0042300101,"Apr 21, 2024",BOS vs. MIA,W,33,6,10,0.6,4,8,0.5,4,4,1.0,0,3,3,4,0,1,3,1,20,24,1,1628401
42022,1628401,0042200307,"May 29, 2023",BOS vs. MIA,L,36,5,12,0.417,2,9,0.222,6,7,0.857,1,1,2,1,1,0,2,0,18,-7,1,1628401
42022,1628401,0042200306,"May 27, 2023",BOS @ MIA,W,42,4,10,0.4,3,7,0.429,0,0,0.0,1,3,4,6,1,3,0,1,11,3,1,1628401
42022,1628401,0042200305,"May 25, 2023",BOS vs. MIA,W,37,8,11,0.727,6,8,0.75,2,3,0.667,1,2,3,1,2,0,1,3,24,18,1,1628401
42022,1628401,0042200304,"May 23, 2023",BOS @ MIA,W,27,5,10,0.5,3,7,0.429,3,3,1.0,1,1,2,2,2,2,1,3,16,7,1,1628401
42022,1628401,0042200303,"May 21, 2023",BOS @ MIA,L,26,3,9,0.333,3,6,0.5,0,0,0.0,1,3,4,2,1,2,1,3,9,-12,1,1628401
42022,1628401,0042200302,"May 19, 2023",BOS vs. MIA,L,23,4,6,0.667,3,5,0.6,0,0,0.0,0,1,1,1,0,2,1,1,11,8,1,1628401
42022,1628401,0042200301,"May 17, 2023",BOS vs. MIA,L,21,4,6,0.667,3,5,0.6,0,0,0.0,1,1,2,1,1,0,0,4,11,-5,1,1628401
42022,1628401,0042200217,"May 14, 2023",BOS vs. PHI,W,12,1,4,0.25,1,2,0.5,0,0,0.0,0,0,0,0,0,1,0,3,3,-8,1,1628401
42022,1628401,0042200216,"May 11, 2023",BOS @ PHI,W,19,3,6,0.5,3,5,0.6,0,0,0.0,0,2,2,1,1,1,1,0,9,-7,1,1628401
42022,1628401,0042200215,"May 09, 2023",BOS vs. PHI,L,34,2,6,0.333,0,2,0.0,3,3,1.0,2,3,5,0,0,0,0,1,7,-15,1,1628401
42022,1628401,0042200214,"May 07, 2023",BOS @ PHI,L,31,5,11,0.455,2,4,0.5,0,0,0.0,1,1,2,0,0,1,0,1,12,-8,1,1628401
42022,1628401,0042200213,"May 05, 2023",BOS @ PHI,W,32,4,9,0.444,2,5,0.4,3,3,1.0,1,5,6,2,0,0,1,1,13,5,1,1628401
42022,1628401,0042200212,"May 03, 2023",BOS vs. PHI,W,30,5,9,0.556,3,6,0.5,2,2,1.0,1,0,1,1,0,0,0,1,15,23,1,1628401
42022,1628401,0042200211,"May 01, 2023",BOS vs. PHI,L,27,1,5,0.2,0,4,0.0,2,2,1.0,0,2,2,3,1,0,2,2,4,-15,1,1628401
42022,1628401,0042200116,"Apr 27, 2023",BOS @ ATL,W,30,3,9,0.333,1,5,0.2,0,0,0.0,1,1,2,2,0,1,1,3,7,-1,1,1628401
42022,1628401,0042200115,"Apr 25, 2023",BOS vs. ATL,L,31,7,11,0.636,2,5,0.4,2,2,1.0,0,5,5,4,0,2,0,1,18,9,1,1628401
42022,1628401,0042200114,"Apr 23, 2023",BOS @ ATL,W,32,7,14,0.5,4,9,0.444,0,0,0.0,0,2,2,2,0,0,2,3,18,7,1,1628401
42022,1628401,0042200113,"Apr 21, 2023",BOS @ ATL,L,30,4,7,0.571,3,4,0.75,0,0,0.0,0,2,2,4,1,0,0,5,11,-14,1,1628401
42022,1628401,0042200112,"Apr 18, 2023",BOS vs. ATL,W,34,11,16,0.688,2,5,0.4,2,2,1.0,0,7,7,2,1,3,3,1,26,2,1,1628401
42022,1628401,0042200111,"Apr 15, 2023",BOS vs. ATL,W,39,7,13,0.538,4,7,0.571,6,7,0.857,1,4,5,7,0,2,2,1,24,13,1,1628401
42021,1628401,0042100406,"Jun 16, 2022",BOS vs. GSW,L,16,1,6,0.167,0,2,0.0,0,0,0.0,0,1,1,2,0,0,1,1,2,-26,1,1628401
42021,1628401,0042100405,"Jun 13, 2022",BOS @ GSW,L,21,0,4,0.0,0,3,0.0,1,2,0.5,0,1,1,3,1,0,0,1,1,-13,1,1628401
42021,1628401,0042100404,"Jun 10, 2022",BOS vs. GSW,L,36,4,12,0.333,3,5,0.6,5,5,1.0,0,1,1,1,1,0,3,0,16,-19,1,1628401
42021,1628401,0042100403,"Jun 08, 2022",BOS vs. GSW,W,24,3,9,0.333,0,3,0.0,1,1,1.0,0,1,1,2,1,1,1,2,7,-12,1,1628401
42021,1628401,0042100402,"Jun 05, 2022",BOS @ GSW,L,30,4,13,0.308,2,4,0.5,2,2,1.0,1,3,4,2,1,2,3,2,12,-17,1,1628401
42021,1628401,0042100401,"Jun 02, 2022",BOS @ GSW,W,32,6,11,0.545,5,8,0.625,4,4,1.0,0,1,1,3,0,0,2,3,21,25,1,1628401
42021,1628401,0042100307,"May 29, 2022",BOS @ MIA,W,19,3,8,0.375,2,3,0.667,0,0,0.0,1,2,3,1,0,1,3,3,8,-8,1,1628401
42021,1628401,0042100306,"May 27, 2022",BOS vs. MIA,L,33,7,14,0.5,4,7,0.571,4,5,0.8,0,3,3,5,3,1,0,4,22,5,1,1628401
42021,1628401,0042100305,"May 25, 2022",BOS @ MIA,W,29,6,8,0.75,0,2,0.0,2,3,0.667,0,1,1,5,2,1,3,4,14,8,1,1628401
42021,1628401,0042100304,"May 23, 2022",BOS vs. MIA,W,41,4,14,0.286,1,8,0.125,4,6,0.667,0,8,8,6,3,1,3,0,13,15,1,1628401
42021,1628401,0042100303,"May 21, 2022",BOS vs. MIA,L,14,0,2,0.0,0,0,0.0,0,0,0.0,1,1,2,1,0,2,0,1,0,-2,1,1628401
42021,1628401,0042100301,"May 17, 2022",BOS @ MIA,L,29,1,4,0.25,0,1,0.0,1,2,0.5,0,0,0,4,0,1,2,4,3,-11,1,1628401
42021,1628401,0042100217,"May 15, 2022",BOS vs. MIL,W,18,1,10,0.1,1,6,0.167,0,0,0.0,0,2,2,1,1,0,0,0,3,10,1,1628401
42021,1628401,0042100216,"May 13, 2022",BOS @ MIL,W,30,3,9,0.333,1,5,0.2,2,2,1.0,2,3,5,2,2,0,0,3,9,9,1,1628401
42021,1628401,0042100215,"May 11, 2022",BOS vs. MIL,L,32,4,5,0.8,1,2,0.5,0,0,0.0,0,5,5,6,0,2,1,2,9,8,1,1628401
42021,1628401,0042100214,"May 09, 2022",BOS @ MIL,W,34,4,6,0.667,1,3,0.333,2,2,1.0,1,3,4,3,0,1,0,2,11,18,1,1628401
42021,1628401,0042100213,"May 07, 2022",BOS @ MIL,L,21,3,6,0.5,2,3,0.667,6,8,0.75,0,2,2,0,1,0,0,0,14,9,1,1628401
42021,1628401,0042100212,"May 03, 2022",BOS vs. MIL,W,28,0,6,0.0,0,4,0.0,0,0,0.0,1,3,4,5,1,0,2,5,0,22,1,1628401
42021,1628401,0042100211,"May 01, 2022",BOS vs. MIL,L,16,2,6,0.333,2,3,0.667,4,4,1.0,0,4,4,1,0,0,2,2,10,-8,1,1628401
42021,1628401,0042100114,"Apr 25, 2022",BOS @ BKN,W,27,4,10,0.4,0,4,0.0,1,1,1.0,0,6,6,2,0,0,0,1,9,-2,1,1628401
42021,1628401,0042100113,"Apr 23, 2022",BOS @ BKN,W,14,1,3,0.333,0,2,0.0,0,0,0.0,0,6,6,1,1,0,1,1,2,5,1,1628401
42021,1628401,0042100112,"Apr 20, 2022",BOS vs. BKN,W,13,0,2,0.0,0,1,0.0,3,4,0.75,1,2,3,1,0,0,0,3,3,-4,1,1628401
42021,1628401,0042100111,"Apr 17, 2022",BOS vs. BKN,W,28,3,8,0.375,1,4,0.25,0,0,0.0,0,3,3,4,3,0,2,2,7,-3,1,1628401
42024,1641708,0042400157,"May 04, 2025",HOU vs. GSW,L,37,9,16,0.563,0,1,0.0,6,6,1.0,3,6,9,3,1,1,0,2,24,-11,1,1641708
42024,1641708,0042400156,"May 02, 2025",HOU @ GSW,W,36,5,13,0.385,0,1,0.0,4,6,0.667,0,7,7,2,3,0,2,2,14,10,1,1641708
42024,1641708,0042400155,"Apr 30, 2025",HOU vs. GSW,W,35,8,12,0.667,1,1,1.0,8,9,0.889,4,2,6,3,5,3,3,2,25,32,1,1641708
42024,1641708,0042400154,"Apr 28, 2025",HOU @ GSW,L,31,7,12,0.583,0,0,0.0,3,5,0.6,1,8,9,2,1,0,1,3,17,-17,1,1641708
42024,1641708,0042400153,"Apr 26, 2025",HOU @ GSW,L,37,5,16,0.313,0,0,0.0,1,2,0.5,5,2,7,4,1,1,4,2,11,-9,1,1641708
42024,1641708,0042400152,"Apr 23, 2025",HOU vs. GSW,W,23,4,7,0.571,0,1,0.0,3,4,0.75,0,1,1,3,0,0,0,3,11,15,1,1641708
42024,1641708,0042400151,"Apr 20, 2025",HOU vs. GSW,L,33,4,9,0.444,0,0,0.0,0,4,0.0,6,3,9,6,1,1,2,4,8,-16,1,1641708
42024,1631094,0042400115,"Apr 29, 2025",ORL @ BOS,L,30,6,15,0.4,2,4,0.5,5,7,0.714,2,7,9,6,0,0,3,5,19,-15,1,1631094
42024,1631094,0042400114,"Apr 27, 2025",ORL vs. BOS,L,40,12,32,0.375,2,6,0.333,5,9,0.556,3,4,7,3,0,1,4,5,31,-8,1,1631094
42024,1631094,0042400113,"Apr 25, 2025",ORL vs. BOS,W,42,10,25,0.4,2,4,0.5,7,8,0.875,2,4,6,1,2,0,4,4,29,-3,1,1631094
42024,1631094,0042400112,"Apr 23, 2025",ORL @ BOS,L,43,12,25,0.48,2,6,0.333,6,11,0.545,2,7,9,7,0,2,0,4,32,-6,1,1631094
42024,1631094,0042400111,"Apr 20, 2025",ORL @ BOS,L,42,14,27,0.519,4,7,0.571,4,6,0.667,3,8,11,4,1,1,4,0,36,-4,1,1631094
42023,1631094,0042300137,"May 05, 2024",ORL @ CLE,L,42,10,28,0.357,3,6,0.5,15,18,0.833,4,12,16,2,3,1,5,3,38,-7,1,1631094
42023,1631094,0042300136,"May 03, 2024",ORL vs. CLE,W,42,9,20,0.45,2,5,0.4,7,10,0.7,1,7,8,4,1,0,3,0,27,3,1,1631094
42023,1631094,0042300135,"Apr 30, 2024",ORL @ CLE,L,38,14,24,0.583,4,7,0.571,7,8,0.875,0,8,8,4,0,0,5,2,39,4,1,1631094
42023,1631094,0042300134,"Apr 27, 2024",ORL vs. CLE,W,29,4,14,0.286,0,2,0.0,1,1,1.0,0,4,4,5,1,2,4,2,9,7,1,1631094
42023,1631094,0042300133,"Apr 25, 2024",ORL vs. CLE,W,29,13,26,0.5,4,9,0.444,1,2,0.5,7,7,14,5,1,0,0,3,31,28,1,1631094
42023,1631094,0042300132,"Apr 22, 2024",ORL @ CLE,L,41,9,20,0.45,1,4,0.25,2,2,1.0,1,2,3,3,2,1,6,1,21,-4,1,1631094
42023,1631094,0042300131,"Apr 20, 2024",ORL @ CLE,L,41,9,17,0.529,2,7,0.286,4,8,0.5,1,6,7,5,0,0,9,3,24,-11,1,1631094
42024,1630202,0042400216,"May 16, 2025",BOS @ NYK,L,28,5,10,0.5,1,4,0.25,0,0,0.0,0,2,2,4,0,0,0,2,11,-17,1,1630202
42024,1630202,0042400215,"May 14, 2025",BOS vs. NYK,W,39,6,17,0.353,5,14,0.357,0,0,0.0,3,2,5,3,1,0,0,0,17,24,1,1630202
42024,1630202,0042400214,"May 12, 2025",BOS @ NYK,L,20,4,10,0.4,2,7,0.286,2,2,1.0,0,0,0,0,1,0,1,0,12,2,1,1630202
42024,1630202,0042400213,"May 10, 2025",BOS @ NYK,W,35,8,16,0.5,5,10,0.5,2,2,1.0,2,2,4,2,1,0,0,3,23,8,1,1630202
42024,1630202,0042400212,"May 07, 2025",BOS vs. NYK,L,22,3,9,0.333,3,9,0.333,0,0,0.0,1,2,3,1,0,0,1,0,9,1,1,1630202
42024,1630202,0042400211,"May 05, 2025",BOS vs. NYK,L,24,3,6,0.5,2,5,0.4,5,5,1.0,0,3,3,1,0,0,1,2,13,1,1,1630202
42024,1630202,0042400115,"Apr 29, 2025",BOS vs. ORL,W,25,4,8,0.5,2,4,0.5,0,0,0.0,1,2,3,1,0,0,2,2,10,29,1,1630202
42024,1630202,0042400114,"Apr 27, 2025",BOS @ ORL,W,26,0,2,0.0,0,2,0.0,0,0,0.0,1,0,1,2,0,0,0,3,0,11,1,1630202
42024,1630202,0042400113,"Apr 25, 2025",BOS @ ORL,L,26,1,2,0.5,0,0,0.0,1,2,0.5,1,0,1,0,2,0,3,3,3,-6,1,1630202
42024,1630202,0042400112,"Apr 23, 2025",BOS vs. ORL,W,33,5,11,0.455,3,6,0.5,1,3,0.333,0,3,3,0,1,0,1,3,14,6,1,1630202
42024,1630202,0042400111,"Apr 20, 2025",BOS vs. ORL,W,25,6,8,0.75,4,6,0.667,3,3,1.0,0,0,0,3,0,0,0,1,19,13,1,1630202
42023,1630202,0042300405,"Jun 17, 2024",BOS vs. DAL,W,1,1,1,1.0,1,1,1.0,0,0,0.0,0,0,0,0,0,0,0,0,3,1,1,1630202
42023,1630202,0042300404,"Jun 14, 2024",BOS @ DAL,L,22,5,14,0.357,1,6,0.167,0,0,0.0,0,3,3,3,0,0,2,2,11,-6,1,1630202
42023,1630202,0042300403,"Jun 12, 2024",BOS @ DAL,W,11,0,4,0.0,0,2,0.0,0,0,0.0,0,1,1,1,0,0,0,2,0,-1,1,1630202
42023,1630202,0042300402,"Jun 09, 2024",BOS vs. DAL,W,12,1,2,0.5,1,2,0.5,0,0,0.0,1,0,1,2,1,0,0,0,3,4,1,1630202
42023,1630202,0042300401,"Jun 06, 2024",BOS vs. DAL,W,16,0,7,0.0,0,5,0.0,0,0,0.0,1,1,2,2,0,0,1,2,0,4,1,1630202
42023,1630202,0042300304,"May 27, 2024",BOS @ IND,W,9,1,2,0.5,1,2,0.5,2,2,1.0,1,0,1,0,0,0,0,1,5,-9,1,1630202
42023,1630202,0042300303,"May 25, 2024",BOS @ IND,W,14,1,3,0.333,0,2,0.0,0,0,0.0,0,2,2,3,0,0,1,1,2,-8,1,1630202
42023,1630202,0042300302,"May 23, 2024",BOS vs. IND,W,19,4,6,0.667,2,2,1.0,2,2,1.0,1,1,2,2,0,0,1,1,12,4,1,1630202
42023,1630202,0042300301,"May 21, 2024",BOS vs. IND,W,23,3,4,0.75,2,3,0.667,0,0,0.0,0,0,0,2,0,0,0,1,8,-15,1,1630202
42023,1630202,0042300205,"May 15, 2024",BOS vs. CLE,W,21,4,7,0.571,3,4,0.75,0,0,0.0,0,1,1,0,0,0,0,0,11,-10,1,1630202
42023,1630202,0042300204,"May 13, 2024",BOS @ CLE,W,26,3,5,0.6,3,4,0.75,2,2,1.0,1,0,1,1,0,0,1,1,11,4,1,1630202
42023,1630202,0042300203,"May 11, 2024",BOS @ CLE,W,22,2,4,0.5,1,2,0.5,0,0,0.0,1,2,3,3,0,0,1,1,5,-4,1,1630202
42023,1630202,0042300202,"May 09, 2024",BOS vs. CLE,L,20,6,10,0.6,1,4,0.25,0,0,0.0,2,0,2,4,1,0,0,0,13,-4,1,1630202
42023,1630202,0042300201,"May 07, 2024",BOS vs. CLE,W,24,5,12,0.417,4,10,0.4,2,2,1.0,1,4,5,2,1,0,3,0,16,19,1,1630202
42023,1630202,0042300105,"May 01, 2024",BOS vs. MIA,W,27,2,8,0.25,0,3,0.0,3,4,0.75,0,3,3,3,0,0,1,1,7,19,1,1630202
42023,1630202,0042300104,"Apr 29, 2024",BOS @ MIA,W,18,0,4,0.0,0,1,0.0,0,0,0.0,2,0,2,3,1,0,1,1,0,10,1,1630202
42023,1630202,0042300103,"Apr 27, 2024",BOS @ MIA,W,25,3,5,0.6,1,2,0.5,0,0,0.0,2,1,3,1,0,0,2,3,7,6,1,1630202
42023,1630202,0042300102,"Apr 24, 2024",BOS vs. MIA,L,20,0,0,0.0,0,0,0.0,0,0,0.0,0,1,1,3,0,0,0,4,0,-5,1,1630202
42023,1630202,0042300101,"Apr 21, 2024",BOS vs. MIA,W,24,3,7,0.429,2,5,0.4,0,0,0.0,1,3,4,5,0,0,0,1,8,19,1,1630202
42022,1630202,0042200307,"May 29, 2023",BOS vs. MIA,L,4,0,1,0.0,0,1,0.0,0,0,0.0,0,0,0,0,0,0,0,0,0,-1,1,1630202
42022,1630202,0042200305,"May 25, 2023",BOS vs. MIA,W,5,0,2,0.0,0,2,0.0,0,0,0.0,0,1,1,1,0,0,1,0,0,-8,1,1630202
42022,1630202,0042200304,"May 23, 2023",BOS @ MIA,W,1,1,1,1.0,0,0,0.0,2,2,1.0,0,0,0,0,0,0,0,0,4,0,1,1630202
42022,1630202,0042200303,"May 21, 2023",BOS @ MIA,L,12,5,8,0.625,1,2,0.5,1,2,0.5,0,2,2,5,0,0,1,2,12,4,1,1630202
42022,1630202,0042200301,"May 17, 2023",BOS vs. MIA,L,12,0,2,0.0,0,2,0.0,0,0,0.0,0,0,0,1,0,0,0,0,0,-3,1,1630202
42022,1630202,0042200217,"May 14, 2023",BOS vs. PHI,W,2,0,0,0.0,0,0,0.0,0,0,0.0,0,0,0,0,0,0,1,0,0,-4,1,1630202
42022,1630202,0042200215,"May 09, 2023",BOS vs. PHI,L,9,3,5,0.6,2,2,1.0,0,0,0.0,0,1,1,1,0,0,0,0,8,14,1,1630202
42022,1630202,0042200212,"May 03, 2023",BOS vs. PHI,W,12,3,3,1.0,1,1,1.0,1,1,1.0,0,2,2,3,1,0,2,1,8,7,1,1630202
42022,1630202,0042200116,"Apr 27, 2023",BOS @ ATL,W,0,0,0,0.0,0,0,0.0,0,0,0.0,0,0,0,0,0,0,0,0,0,2,1,1630202
42022,1630202,0042200114,"Apr 23, 2023",BOS @ ATL,W,0,0,0,0.0,0,0,0.0,0,0,0.0,0,0,0,0,0,0,0,0,0,-3,1,1630202
42021,1630202,0042100406,"Jun 16, 2022",BOS vs. GSW,L,8,0,2,0.0,0,2,0.0,0,0,0.0,1,0,1,1,0,0,1,0,0,-20,1,1630202
42021,1630202,0042100405,"Jun 13, 2022",BOS @ GSW,L,5,0,3,0.0,0,3,0.0,0,0,0.0,0,1,1,0,0,0,1,0,0,0,1,1630202
42021,1630202,0042100404,"Jun 10, 2022",BOS vs. GSW,L,10,0,2,0.0,0,2,0.0,1,2,0.5,0,1,1,0,0,0,1,0,1,0,1,1630202
42021,1630202,0042100403,"Jun 08, 2022",BOS vs. GSW,W,10,1,2,0.5,1,1,1.0,0,0,0.0,0,0,0,1,0,0,1,0,3,15,1,1630202
42021,1630202,0042100402,"Jun 05, 2022",BOS @ GSW,L,19,2,7,0.286,0,3,0.0,0,0,0.0,2,2,4,2,1,0,1,0,4,-7,1,1630202
42021,1630202,0042100401,"Jun 02, 2022",BOS @ GSW,W,16,3,4,0.75,2,3,0.667,0,0,0.0,1,5,6,2,0,0,0,1,8,14,1,1630202
42021,1630202,0042100307,"May 29, 2022",BOS @ MIA,W,2,0,0,0.0,0,0,0.0,0,0,0.0,0,0,0,0,0,0,0,1,0,-3,1,1630202
42021,1630202,0042100306,"May 27, 2022",BOS vs. MIA,L,4,0,1,0.0,0,1,0.0,0,0,0.0,0,0,0,0,0,0,0,1,0,-1,1,1630202
42021,1630202,0042100305,"May 25, 2022",BOS @ MIA,W,6,0,2,0.0,0,2,0.0,0,0,0.0,0,1,1,0,0,0,0,0,0,-4,1,1630202
42021,1630202,0042100304,"May 23, 2022",BOS vs. MIA,W,25,5,8,0.625,3,6,0.5,1,2,0.5,0,2,2,3,1,1,1,4,14,-6,1,1630202
42021,1630202,0042100303,"May 21, 2022",BOS vs. MIA,L,13,1,1,1.0,1,1,1.0,0,0,0.0,0,0,0,4,0,0,0,1,3,8,1,1630202
42021,1630202,0042100302,"May 19, 2022",BOS @ MIA,W,23,4,8,0.5,2,6,0.333,0,0,0.0,0,2,2,2,1,0,0,2,10,39,1,1630202
42021,1630202,0042100301,"May 17, 2022",BOS @ MIA,L,30,6,16,0.375,4,11,0.364,2,2,1.0,1,4,5,4,1,0,1,2,18,-1,1,1630202
42021,1630202,0042100217,"May 15, 2022",BOS vs. MIL,W,17,5,7,0.714,4,6,0.667,0,0,0.0,2,3,5,3,0,0,0,0,14,14,1,1630202
42021,1630202,0042100216,"May 13, 2022",BOS @ MIL,W,7,0,2,0.0,0,1,0.0,0,0,0.0,0,0,0,1,0,1,0,1,0,-2,1,1630202
42021,1630202,0042100215,"May 11, 2022",BOS vs. MIL,L,10,2,3,0.667,0,1,0.0,0,0,0.0,0,2,2,1,0,0,0,0,4,3,1,1630202
42021,1630202,0042100214,"May 09, 2022",BOS @ MIL,W,13,0,2,0.0,0,2,0.0,0,0,0.0,1,2,3,4,1,0,0,2,0,14,1,1630202
42021,1630202,0042100213,"May 07, 2022",BOS @ MIL,L,11,0,3,0.0,0,2,0.0,0,0,0.0,1,1,2,3,0,0,0,2,0,5,1,1630202
42021,1630202,0042100212,"May 03, 2022",BOS vs. MIL,W,24,2,6,0.333,2,4,0.5,0,0,0.0,0,3,3,3,0,0,1,1,6,-2,1,1630202
42021,1630202,0042100211,"May 01, 2022",BOS vs. MIL,L,11,2,8,0.25,2,8,0.25,0,0,0.0,1,1,2,0,0,0,0,1,6,-17,1,1630202
42021,1630202,0042100114,"Apr 25, 2022",BOS @ BKN,W,9,0,2,0.0,0,1,0.0,0,0,0.0,0,1,1,2,0,0,0,1,0,-8,1,1630202
42021,1630202,0042100113,"Apr 23, 2022",BOS @ BKN,W,12,4,5,0.8,2,3,0.667,0,0,0.0,0,0,0,1,1,0,0,2,10,8,1,1630202
42021,1630202,0042100112,"Apr 20, 2022",BOS vs. BKN,W,16,5,7,0.714,0,2,0.0,0,0,0.0,0,4,4,1,0,0,1,1,10,15,1,1630202
42021,1630202,0042100111,"Apr 17, 2022",BOS vs. BKN,W,8,1,1,1.0,1,1,1.0,0,0,0.0,0,1,1,0,0,0,0,0,3,-7,1,1630202
42020,1630202,0042000115,"Jun 01, 2021",BOS @ BKN,L,18,1,2,0.5,1,2,0.5,0,0,0.0,1,3,4,4,0,0,1,1,3,-11,1,1630202
42020,1630202,0042000114,"May 30, 2021",BOS vs. BKN,L,24,5,9,0.556,2,4,0.5,0,0,0.0,1,1,2,3,1,0,1,0,12,-1,1,1630202
42020,1630202,0042000113,"May 28, 2021",BOS vs. BKN,W,6,0,0,0.0,0,0,0.0,0,0,0.0,0,0,0,0,0,0,0,1,0,3,1,1630202
42020,1630202,0042000112,"May 25, 2021",BOS @ BKN,L,13,0,5,0.0,0,3,0.0,2,2,1.0,0,3,3,4,1,0,1,1,2,-4,1,1630202
42020,1630202,0042000111,"May 22, 2021",BOS @ BKN,L,7,0,1,0.0,0,1,0.0,0,0,0.0,0,0,0,1,0,0,0,1,0,0,1,1630202
42024,1627759,0042400216,"May 16, 2025",BOS @ NYK,L,32,8,20,0.4,3,9,0.333,1,2,0.5,0,6,6,6,1,1,7,6,20,-30,1,1627759
42024,1627759,0042400215,"May 14, 2025",BOS vs. NYK,W,37,9,17,0.529,3,5,0.6,5,8,0.625,2,6,8,12,1,0,2,2,26,28,1,1627759
42024,1627759,0042400214,"May 12, 2025",BOS @ NYK,L,33,7,16,0.438,2,8,0.25,4,6,0.667,1,6,7,2,0,0,4,5,20,-1,1,1627759
42024,1627759,0042400213,"May 10, 2025",BOS @ NYK,W,36,7,18,0.389,2,6,0.333,3,4,0.75,1,5,6,5,1,1,2,3,19,29,1,1627759
42024,1627759,0042400212,"May 07, 2025",BOS vs. NYK,L,41,8,23,0.348,2,7,0.286,2,4,0.5,4,2,6,1,2,0,6,2,20,3,1,1627759
42024,1627759,0042400211,"May 05, 2025",BOS vs. NYK,L,45,7,20,0.35,1,10,0.1,8,10,0.8,2,5,7,5,0,0,2,3,23,1,1,1627759
42024,1627759,0042400115,"Apr 29, 2025",BOS vs. ORL,W,32,9,18,0.5,2,4,0.5,3,5,0.6,1,5,6,3,0,0,2,3,23,11,1,1627759
42024,1627759,0042400114,"Apr 27, 2025",BOS @ ORL,W,41,6,16,0.375,0,3,0.0,9,10,0.9,0,11,11,1,2,0,4,3,21,7,1,1627759
42024,1627759,0042400113,"Apr 25, 2025",BOS @ ORL,L,34,7,14,0.5,1,2,0.5,4,5,0.8,0,6,6,1,1,1,6,5,19,-8,1,1627759
42024,1627759,0042400112,"Apr 23, 2025",BOS vs. ORL,W,42,12,19,0.632,5,7,0.714,7,8,0.875,0,10,10,5,1,0,3,1,36,9,1,1627759
42024,1627759,0042400111,"Apr 20, 2025",BOS vs. ORL,W,30,6,14,0.429,0,2,0.0,4,4,1.0,2,3,5,2,2,0,1,2,16,11,1,1627759
42023,1627759,0042300405,"Jun 17, 2024",BOS vs. DAL,W,44,7,23,0.304,2,9,0.222,5,6,0.833,0,8,8,6,2,0,1,4,21,20,1,1627759
42023,1627759,0042300404,"Jun 14, 2024",BOS @ DAL,L,27,3,12,0.25,1,5,0.2,3,4,0.75,0,1,1,2,0,0,2,3,10,-28,1,1627759
42023,1627759,0042300403,"Jun 12, 2024",BOS @ DAL,W,41,12,22,0.545,2,9,0.222,4,5,0.8,1,7,8,8,0,1,3,3,30,13,1,1627759
42023,1627759,0042300402,"Jun 09, 2024",BOS vs. DAL,W,42,8,15,0.533,1,5,0.2,4,4,1.0,2,2,4,7,3,0,6,3,21,-3,1,1627759
42023,1627759,0042300401,"Jun 06, 2024",BOS vs. DAL,W,37,7,12,0.583,2,6,0.333,6,11,0.545,1,5,6,2,3,3,2,3,22,12,1,1627759
42023,1627759,0042300304,"May 27, 2024",BOS @ IND,W,44,11,22,0.5,4,8,0.5,3,6,0.5,2,4,6,2,3,1,3,3,29,6,1,1627759
42023,1627759,0042300303,"May 25, 2024",BOS @ IND,W,38,10,18,0.556,1,5,0.2,3,4,0.75,0,2,2,3,1,1,1,3,24,-1,1,1627759
42023,1627759,0042300302,"May 23, 2024",BOS vs. IND,W,37,14,27,0.519,4,10,0.4,8,11,0.727,2,3,5,2,1,0,2,4,40,18,1,1627759
42023,1627759,0042300301,"May 21, 2024",BOS vs. IND,W,44,10,20,0.5,1,4,0.25,5,8,0.625,1,6,7,5,3,1,3,1,26,4,1,1627759
42023,1627759,0042300205,"May 15, 2024",BOS vs. CLE,W,41,4,9,0.444,1,3,0.333,2,4,0.5,0,4,4,7,1,1,3,3,11,14,1,1627759
42023,1627759,0042300204,"May 13, 2024",BOS @ CLE,W,34,9,15,0.6,2,3,0.667,7,9,0.778,1,7,8,1,0,0,5,4,27,3,1,1627759
42023,1627759,0042300203,"May 11, 2024",BOS @ CLE,W,41,13,17,0.765,2,3,0.667,0,2,0.0,2,7,9,3,1,0,2,4,28,18,1,1627759
42023,1627759,0042300202,"May 09, 2024",BOS vs. CLE,L,31,7,17,0.412,0,6,0.0,5,5,1.0,0,4,4,1,0,0,1,2,19,-29,1,1627759
42023,1627759,0042300201,"May 07, 2024",BOS vs. CLE,W,34,12,18,0.667,4,6,0.667,4,4,1.0,1,5,6,2,0,1,1,2,32,9,1,1627759
42023,1627759,0042300105,"May 01, 2024",BOS vs. MIA,W,26,11,19,0.579,1,7,0.143,2,5,0.4,0,6,6,2,0,0,5,2,25,14,1,1627759
42023,1627759,0042300104,"Apr 29, 2024",BOS @ MIA,W,39,7,18,0.389,1,3,0.333,2,4,0.5,2,3,5,2,2,0,6,3,17,17,1,1627759
42023,1627759,0042300103,"Apr 27, 2024",BOS @ MIA,W,33,11,20,0.55,0,4,0.0,0,1,0.0,2,6,8,3,2,1,1,2,22,6,1,1627759
42023,1627759,0042300102,"Apr 24, 2024",BOS vs. MIA,L,37,13,23,0.565,4,9,0.444,3,6,0.5,3,5,8,1,1,1,3,1,33,-22,1,1627759
42023,1627759,0042300101,"Apr 21, 2024",BOS vs. MIA,W,34,6,12,0.5,3,5,0.6,2,4,0.5,2,6,8,3,0,1,1,1,17,17,1,1627759
42022,1627759,0042200307,"May 29, 2023",BOS vs. MIA,L,43,8,23,0.348,1,9,0.111,2,2,1.0,0,8,8,5,1,2,8,5,19,-17,1,1627759
42022,1627759,0042200306,"May 27, 2023",BOS @ MIA,W,39,9,16,0.563,0,4,0.0,8,10,0.8,5,5,10,3,2,0,4,4,26,7,1,1627759
42022,1627759,0042200305,"May 25, 2023",BOS vs. MIA,W,37,9,18,0.5,3,5,0.6,0,0,0.0,2,0,2,2,3,0,1,1,21,16,1,1627759
42022,1627759,0042200304,"May 23, 2023",BOS @ MIA,W,37,7,16,0.438,1,5,0.2,2,5,0.4,0,4,4,4,2,0,1,5,17,9,1,1627759
42022,1627759,0042200303,"May 21, 2023",BOS @ MIA,L,28,6,17,0.353,0,7,0.0,0,0,0.0,2,4,6,2,0,0,3,3,12,-28,1,1627759
42022,1627759,0042200302,"May 19, 2023",BOS vs. MIA,L,38,7,23,0.304,1,7,0.143,1,2,0.5,3,1,4,3,0,0,2,3,16,-24,1,1627759
42022,1627759,0042200301,"May 17, 2023",BOS vs. MIA,L,39,10,21,0.476,1,6,0.167,1,2,0.5,1,8,9,5,0,0,6,2,22,3,1,1627759
42022,1627759,0042200217,"May 14, 2023",BOS vs. PHI,W,41,9,19,0.474,3,6,0.5,4,4,1.0,1,5,6,2,2,2,3,1,25,25,1,1627759
42022,1627759,0042200216,"May 11, 2023",BOS @ PHI,W,39,6,13,0.462,1,3,0.333,4,5,0.8,0,6,6,4,0,0,4,4,17,8,1,1627759
42022,1627759,0042200215,"May 09, 2023",BOS vs. PHI,L,34,9,16,0.563,3,6,0.5,3,8,0.375,0,6,6,2,0,0,3,5,24,-15,1,1627759
42022,1627759,0042200214,"May 07, 2023",BOS @ PHI,L,44,10,16,0.625,3,8,0.375,0,2,0.0,1,2,3,5,0,0,1,3,23,5,1,1627759
42022,1627759,0042200213,"May 05, 2023",BOS @ PHI,W,34,8,18,0.444,0,4,0.0,7,7,1.0,2,5,7,5,1,1,4,5,23,11,1,1627759
42022,1627759,0042200212,"May 03, 2023",BOS vs. PHI,W,30,9,17,0.529,3,6,0.5,4,4,1.0,0,3,3,4,2,0,1,1,25,18,1,1627759
42022,1627759,0042200211,"May 01, 2023",BOS vs. PHI,L,42,8,10,0.8,3,4,0.75,4,4,1.0,1,5,6,4,1,0,4,1,23,-2,1,1627759
42022,1627759,0042200116,"Apr 27, 2023",BOS @ ATL,W,40,13,25,0.52,6,8,0.75,0,0,0.0,0,5,5,2,0,1,2,3,32,7,1,1627759
42022,1627759,0042200115,"Apr 25, 2023",BOS vs. ATL,L,38,15,23,0.652,4,7,0.571,1,5,0.2,1,6,7,5,0,0,4,3,35,1,1,1627759
42022,1627759,0042200114,"Apr 23, 2023",BOS @ ATL,W,42,12,22,0.545,3,4,0.75,4,5,0.8,1,3,4,3,0,0,2,4,31,6,1,1627759
42022,1627759,0042200113,"Apr 21, 2023",BOS @ ATL,L,33,7,15,0.467,0,4,0.0,1,2,0.5,0,1,1,3,3,0,3,5,15,-4,1,1627759
42022,1627759,0042200112,"Apr 18, 2023",BOS vs. ATL,W,36,7,14,0.5,2,4,0.5,2,4,0.5,1,2,3,2,3,2,4,0,18,5,1,1627759
42022,1627759,0042200111,"Apr 15, 2023",BOS vs. ATL,W,37,12,23,0.522,2,6,0.333,3,3,1.0,4,8,12,3,1,0,6,3,29,11,1,1627759
42021,1627759,0042100406,"Jun 16, 2022",BOS vs. GSW,L,44,12,23,0.522,5,11,0.455,5,6,0.833,1,6,7,3,1,0,5,2,34,1,1,1627759
42021,1627759,0042100405,"Jun 13, 2022",BOS @ GSW,L,44,5,18,0.278,0,5,0.0,8,10,0.8,3,6,9,4,1,0,5,2,18,-19,1,1627759
42021,1627759,0042100404,"Jun 10, 2022",BOS vs. GSW,L,40,9,19,0.474,2,6,0.333,1,2,0.5,2,4,6,2,1,0,2,5,21,0,1,1627759
42021,1627759,0042100403,"Jun 08, 2022",BOS vs. GSW,W,40,9,16,0.563,4,8,0.5,5,6,0.833,3,6,9,5,0,1,2,2,27,7,1,1627759
42021,1627759,0042100402,"Jun 05, 2022",BOS @ GSW,L,28,5,17,0.294,3,9,0.333,4,5,0.8,0,6,6,3,0,0,2,3,17,-10,1,1627759
42021,1627759,0042100401,"Jun 02, 2022",BOS @ GSW,W,38,10,23,0.435,2,8,0.25,2,2,1.0,2,5,7,5,2,1,4,1,24,22,1,1627759
42021,1627759,0042100307,"May 29, 2022",BOS @ MIA,W,44,8,15,0.533,1,5,0.2,7,8,0.875,1,5,6,6,0,0,4,5,24,8,1,1627759
42021,1627759,0042100306,"May 27, 2022",BOS vs. MIA,L,41,6,13,0.462,1,3,0.333,7,9,0.778,2,4,6,5,2,0,4,6,20,-9,1,1627759
42021,1627759,0042100305,"May 25, 2022",BOS @ MIA,W,40,10,19,0.526,5,9,0.556,0,1,0.0,0,4,4,1,1,1,4,3,25,20,1,1627759
42021,1627759,0042100304,"May 23, 2022",BOS vs. MIA,W,29,5,20,0.25,1,6,0.167,1,2,0.5,2,5,7,2,0,0,1,5,12,23,1,1627759
42021,1627759,0042100303,"May 21, 2022",BOS vs. MIA,L,42,14,20,0.7,3,9,0.333,9,12,0.75,2,7,9,1,1,1,7,2,40,-6,1,1627759
42021,1627759,0042100302,"May 19, 2022",BOS @ MIA,W,33,9,17,0.529,4,7,0.571,2,2,1.0,2,6,8,3,0,0,1,4,24,13,1,1627759
42021,1627759,0042100301,"May 17, 2022",BOS @ MIA,L,43,7,17,0.412,4,8,0.5,6,10,0.6,2,8,10,3,1,0,2,3,24,-10,1,1627759
42021,1627759,0042100217,"May 15, 2022",BOS vs. MIL,W,37,8,16,0.5,2,5,0.4,1,4,0.25,1,7,8,0,2,0,2,2,19,15,1,1627759
42021,1627759,0042100216,"May 13, 2022",BOS @ MIL,W,41,7,16,0.438,4,7,0.571,4,7,0.571,2,3,5,4,0,1,2,2,22,2,1,1627759
42021,1627759,0042100215,"May 11, 2022",BOS vs. MIL,L,35,9,19,0.474,3,7,0.429,5,6,0.833,2,6,8,6,0,1,2,3,26,-7,1,1627759
42021,1627759,0042100214,"May 09, 2022",BOS @ MIL,W,32,5,11,0.455,2,5,0.4,6,6,1.0,0,3,3,1,1,0,2,5,18,5,1,1627759
42021,1627759,0042100213,"May 07, 2022",BOS @ MIL,L,40,8,16,0.5,1,5,0.2,10,11,0.909,0,12,12,4,0,1,4,3,27,-4,1,1627759
42021,1627759,0042100212,"May 03, 2022",BOS vs. MIL,W,38,11,18,0.611,6,10,0.6,2,2,1.0,2,4,6,6,2,1,2,1,30,16,1,1627759
42021,1627759,0042100211,"May 01, 2022",BOS vs. MIL,L,38,4,13,0.308,3,9,0.333,1,2,0.5,2,7,9,4,2,0,7,4,12,-12,1,1627759
42021,1627759,0042100114,"Apr 25, 2022",BOS @ BKN,W,38,9,20,0.45,0,5,0.0,4,5,0.8,0,8,8,3,1,0,1,1,22,4,1,1627759
42021,1627759,0042100113,"Apr 23, 2022",BOS @ BKN,W,38,9,16,0.563,1,4,0.25,4,4,1.0,1,3,4,5,2,0,3,1,23,3,1,1627759
42021,1627759,0042100112,"Apr 20, 2022",BOS vs. BKN,W,39,9,18,0.5,2,6,0.333,2,3,0.667,0,4,4,6,3,0,4,2,22,1,1,1627759
42021,1627759,0042100111,"Apr 17, 2022",BOS vs. BKN,W,40,9,19,0.474,1,4,0.25,4,6,0.667,1,4,5,3,4,2,2,4,23,10,1,1627759
42019,1627759,0041900306,"Sep 27, 2020",BOS @ MIA,L,40,10,17,0.588,3,7,0.429,3,3,1.0,2,6,8,4,3,0,2,0,26,-17,1,1627759
42019,1627759,0041900305,"Sep 25, 2020",BOS vs. MIA,W,39,12,23,0.522,4,10,0.4,0,1,0.0,3,5,8,2,1,0,4,1,28,11,1,1627759
42019,1627759,0041900304,"Sep 23, 2020",BOS @ MIA,L,40,8,14,0.571,4,7,0.571,1,2,0.5,0,9,9,2,1,1,4,5,21,1,1,1627759
42019,1627759,0041900303,"Sep 19, 2020",BOS @ MIA,W,43,11,17,0.647,1,2,0.5,3,5,0.6,2,5,7,5,3,1,2,4,26,15,1,1627759
42019,1627759,0041900302,"Sep 17, 2020",BOS vs. MIA,L,39,8,14,0.571,2,4,0.5,3,4,0.75,3,3,6,2,0,0,1,4,21,-2,1,1627759
42019,1627759,0041900301,"Sep 15, 2020",BOS vs. MIA,L,44,6,14,0.429,3,4,0.75,2,2,1.0,4,1,5,2,1,0,1,3,17,-6,1,1627759
42019,1627759,0041900217,"Sep 11, 2020",BOS @ TOR,W,43,10,17,0.588,1,7,0.143,0,1,0.0,2,6,8,2,4,0,2,0,21,14,1,1627759
42019,1627759,0041900216,"Sep 09, 2020",BOS vs. TOR,L,51,11,30,0.367,4,13,0.308,5,5,1.0,4,12,16,2,2,0,3,5,31,4,1,1627759
42019,1627759,0041900215,"Sep 07, 2020",BOS @ TOR,W,37,10,18,0.556,3,7,0.429,4,4,1.0,0,6,6,0,3,0,1,2,27,19,1,1627759
42019,1627759,0041900214,"Sep 05, 2020",BOS vs. TOR,L,37,4,18,0.222,2,11,0.182,4,4,1.0,0,6,6,0,1,0,1,4,14,-14,1,1627759
42019,1627759,0041900213,"Sep 03, 2020",BOS vs. TOR,L,40,9,15,0.6,0,2,0.0,1,2,0.5,0,12,12,2,0,4,4,1,19,-6,1,1627759
42019,1627759,0041900212,"Sep 01, 2020",BOS @ TOR,W,36,5,13,0.385,3,8,0.375,3,3,1.0,0,8,8,2,3,2,4,4,16,1,1,1627759
42019,1627759,0041900211,"Aug 30, 2020",BOS @ TOR,W,31,6,18,0.333,3,9,0.333,2,3,0.667,0,5,5,4,0,0,2,5,17,10,1,1627759
42019,1627759,0041900124,"Aug 23, 2020",BOS @ PHI,W,41,6,15,0.4,2,9,0.222,2,3,0.667,0,5,5,2,1,0,5,3,16,-2,1,1627759
42019,1627759,0041900123,"Aug 21, 2020",BOS @ PHI,W,42,6,16,0.375,1,5,0.2,8,9,0.889,0,7,7,3,0,0,3,1,21,10,1,1627759
42019,1627759,0041900122,"Aug 19, 2020",BOS vs. PHI,W,28,6,13,0.462,2,7,0.286,6,6,1.0,2,3,5,1,0,1,0,2,20,10,1,1627759
42019,1627759,0041900121,"Aug 17, 2020",BOS vs. PHI,W,39,9,16,0.563,5,8,0.625,6,6,1.0,2,4,6,4,3,0,2,4,29,-1,1,1627759
42024,203944,0042400315,"May 28, 2025",MIN @ OKC,L,31,8,14,0.571,4,6,0.667,4,5,0.8,1,4,5,3,1,0,4,2,24,-28,1,203944
42024,203944,0042400314,"May 26, 2025",MIN vs. OKC,L,28,1,7,0.143,0,3,0.0,3,4,0.75,3,4,7,3,1,0,5,2,5,-2,1,203944
42024,203944,0042400313,"May 24, 2025",MIN vs. OKC,W,30,9,15,0.6,2,5,0.4,4,4,1.0,0,4,4,3,0,0,0,4,24,38,1,203944
42024,203944,0042400312,"May 22, 2025",MIN @ OKC,L,32,2,11,0.182,0,3,0.0,2,2,1.0,3,2,5,5,1,0,4,2,6,-15,1,203944
42024,203944,0042400311,"May 20, 2025",MIN @ OKC,L,36,9,13,0.692,5,6,0.833,5,6,0.833,4,4,8,1,1,0,5,3,28,-17,1,203944
42024,203944,0042400235,"May 14, 2025",MIN vs. GSW,W,43,13,18,0.722,2,6,0.333,1,1,1.0,2,6,8,5,0,0,5,1,29,4,1,203944
42024,203944,0042400234,"May 12, 2025",MIN @ GSW,W,41,11,21,0.524,4,8,0.5,5,6,0.833,0,5,5,3,1,1,4,2,31,11,1,203944
42024,203944,0042400233,"May 10, 2025",MIN @ GSW,W,40,10,23,0.435,1,6,0.167,3,3,1.0,3,7,10,12,3,0,4,3,24,14,1,203944
42024,203944,0042400232,"May 08, 2025",MIN vs. GSW,W,33,10,17,0.588,1,4,0.25,3,3,1.0,2,5,7,11,0,0,2,3,24,17,1,203944
42024,203944,0042400231,"May 06, 2025",MIN vs. GSW,L,31,4,11,0.364,0,3,0.0,10,10,1.0,1,2,3,6,0,0,3,4,18,-4,1,203944
42024,203944,0042400165,"Apr 30, 2025",MIN @ LAL,W,32,8,16,0.5,1,6,0.167,6,7,0.857,3,2,5,4,1,0,3,4,23,-2,1,203944
42024,203944,0042400164,"Apr 27, 2025",MIN vs. LAL,W,43,9,22,0.409,3,8,0.375,4,4,1.0,2,5,7,3,1,0,0,4,25,8,1,203944
42024,203944,0042400163,"Apr 25, 2025",MIN vs. LAL,W,41,6,13,0.462,1,4,0.25,9,10,0.9,0,5,5,4,1,0,2,2,22,11,1,203944
42024,203944,0042400162,"Apr 22, 2025",MIN @ LAL,L,39,9,17,0.529,2,4,0.5,7,9,0.778,1,3,4,6,1,1,1,5,27,-14,1,203944
42024,203944,0042400161,"Apr 19, 2025",MIN @ LAL,W,35,6,11,0.545,4,6,0.667,0,1,0.0,2,3,5,5,0,0,7,4,16,19,1,203944
42022,203944,0042200206,"May 12, 2023",NYK @ MIA,L,36,3,14,0.214,1,7,0.143,8,9,0.889,2,9,11,3,0,2,3,2,15,3,1,203944
42022,203944,0042200205,"May 10, 2023",NYK vs. MIA,W,36,7,13,0.538,4,7,0.571,6,10,0.6,2,3,5,5,1,0,4,1,24,0,1,203944
42022,203944,0042200204,"May 08, 2023",NYK @ MIA,L,39,8,13,0.615,1,4,0.25,3,5,0.6,1,8,9,3,0,0,6,6,20,-1,1,203944
42022,203944,0042200203,"May 06, 2023",NYK @ MIA,L,38,4,15,0.267,0,5,0.0,2,5,0.4,4,10,14,2,0,0,4,4,10,-6,1,203944
42022,203944,0042200202,"May 02, 2023",NYK vs. MIA,W,38,8,18,0.444,3,9,0.333,6,6,1.0,1,11,12,8,0,0,3,1,25,14,1,203944
42022,203944,0042200135,"Apr 26, 2023",NYK @ CLE,W,16,4,9,0.444,0,3,0.0,5,6,0.833,1,3,4,6,0,0,1,1,13,3,1,203944
42022,203944,0042200134,"Apr 23, 2023",NYK vs. CLE,W,27,3,10,0.3,0,4,0.0,1,3,0.333,0,2,2,1,0,1,1,1,7,-2,1,203944
42022,203944,0042200133,"Apr 21, 2023",NYK vs. CLE,W,33,3,15,0.2,2,10,0.2,3,4,0.75,0,8,8,3,1,0,2,2,11,19,1,203944
42022,203944,0042200132,"Apr 18, 2023",NYK @ CLE,L,33,8,20,0.4,3,7,0.429,3,3,1.0,4,4,8,1,1,0,6,2,22,-7,1,203944
42022,203944,0042200131,"Apr 15, 2023",NYK @ CLE,W,34,7,20,0.35,3,10,0.3,2,4,0.5,2,8,10,4,2,0,5,4,19,-8,1,203944
42020,203944,0042000135,"Jun 02, 2021",NYK vs. ATL,L,37,8,21,0.381,3,9,0.333,4,4,1.0,3,10,13,3,0,0,8,3,23,-14,1,203944
42020,203944,0042000134,"May 30, 2021",NYK @ ATL,L,36,7,19,0.368,2,4,0.5,7,9,0.778,3,7,10,7,2,0,5,5,23,-17,1,203944
42020,203944,0042000133,"May 28, 2021",NYK @ ATL,L,35,2,15,0.133,2,7,0.286,8,8,1.0,2,9,11,2,0,0,3,5,14,-9,1,203944
42020,203944,0042000132,"May 26, 2021",NYK vs. ATL,W,36,5,16,0.313,2,7,0.286,3,4,0.75,1,11,12,4,1,0,4,3,15,3,1,203944
42020,203944,0042000131,"May 23, 2021",NYK vs. ATL,L,36,6,23,0.261,2,6,0.333,1,2,0.5,2,10,12,4,0,0,3,2,15,-5,1,203944
42024,203471,0042400126,"May 01, 2025",DET vs. NYK,L,30,3,9,0.333,1,4,0.25,2,2,1.0,1,3,4,9,1,0,1,2,9,7,1,203471
42024,203471,0042400125,"Apr 29, 2025",DET @ NYK,W,22,6,13,0.462,1,4,0.25,1,2,0.5,0,0,0,3,1,0,2,3,14,-17,1,203471
42024,203471,0042400124,"Apr 27, 2025",DET vs. NYK,L,27,2,4,0.5,0,0,0.0,2,2,1.0,2,1,3,2,3,0,0,1,6,-4,1,203471
42024,203471,0042400123,"Apr 24, 2025",DET vs. NYK,L,30,6,9,0.667,4,6,0.667,2,2,1.0,1,4,5,2,0,0,0,2,18,0,1,203471
42024,203471,0042400122,"Apr 21, 2025",DET @ NYK,W,29,6,10,0.6,3,5,0.6,5,6,0.833,0,2,2,3,0,0,2,2,20,2,1,203471
42024,203471,0042400121,"Apr 19, 2025",DET @ NYK,L,26,3,8,0.375,1,2,0.5,1,2,0.5,0,0,0,3,2,1,2,2,8,-2,1,203471
42022,203471,0042200314,"May 22, 2023",LAL vs. DEN,L,38,5,13,0.385,3,6,0.5,0,0,0.0,0,2,2,5,2,0,1,3,13,-3,1,203471
42022,203471,0042200313,"May 20, 2023",LAL vs. DEN,L,25,2,5,0.4,0,2,0.0,1,2,0.5,0,0,0,1,1,0,1,6,5,-6,1,203471
42022,203471,0042200312,"May 18, 2023",LAL @ DEN,L,30,2,9,0.222,0,3,0.0,0,0,0.0,1,5,6,0,1,0,1,2,4,5,1,203471
42022,203471,0042200311,"May 16, 2023",LAL @ DEN,L,32,2,3,0.667,2,2,1.0,0,0,0.0,0,3,3,5,0,0,2,3,6,-6,1,203471
42022,203471,0042200236,"May 12, 2023",LAL vs. GSW,W,25,1,6,0.167,1,2,0.5,0,0,0.0,0,2,2,5,0,1,0,4,3,16,1,203471
42022,203471,0042200235,"May 10, 2023",LAL @ GSW,L,29,6,11,0.545,2,5,0.4,0,0,0.0,0,2,2,4,0,0,2,3,14,14,1,203471
42022,203471,0042200234,"May 08, 2023",LAL vs. GSW,W,35,5,9,0.556,0,2,0.0,0,0,0.0,0,3,3,3,1,0,2,2,10,14,1,203471
42022,203471,0042200233,"May 06, 2023",LAL vs. GSW,W,20,4,9,0.444,3,6,0.5,1,4,0.25,0,0,0,1,1,0,1,2,12,13,1,203471
42022,203471,0042200232,"May 04, 2023",LAL @ GSW,L,19,0,3,0.0,0,1,0.0,4,4,1.0,1,2,3,2,2,0,1,3,4,-18,1,203471
42022,203471,0042200231,"May 02, 2023",LAL @ GSW,W,31,5,10,0.5,0,1,0.0,9,10,0.9,0,2,2,3,1,0,0,2,19,1,1,203471
42022,203471,0042200156,"Apr 28, 2023",LAL vs. MEM,W,23,1,4,0.25,0,1,0.0,0,0,0.0,0,4,4,5,2,0,0,3,2,13,1,203471
42022,203471,0042200155,"Apr 26, 2023",LAL @ MEM,L,19,0,2,0.0,0,1,0.0,0,0,0.0,1,0,1,1,1,0,0,0,0,-20,1,203471
42022,203471,0042200154,"Apr 24, 2023",LAL vs. MEM,W,30,3,5,0.6,0,1,0.0,6,6,1.0,0,0,0,1,2,2,3,1,12,24,1,203471
42022,203471,0042200153,"Apr 22, 2023",LAL vs. MEM,W,24,3,6,0.5,1,3,0.333,0,0,0.0,0,1,1,3,2,0,2,1,7,4,1,203471
42022,203471,0042200152,"Apr 19, 2023",LAL @ MEM,L,16,0,3,0.0,0,0,0.0,0,0,0.0,0,1,1,3,0,0,2,2,0,-13,1,203471
42022,203471,0042200151,"Apr 16, 2023",LAL @ MEM,W,20,2,5,0.4,1,3,0.333,2,2,1.0,0,1,1,4,0,0,2,3,7,6,1,203471
42020,203471,0042000156,"Jun 03, 2021",LAL vs. PHX,L,38,6,14,0.429,2,6,0.333,6,6,1.0,0,3,3,3,1,0,1,2,20,-9,1,203471
42020,203471,0042000155,"Jun 01, 2021",LAL @ PHX,L,26,0,9,0.0,0,4,0.0,0,0,0.0,0,4,4,1,0,0,0,2,0,-17,1,203471
42020,203471,0042000154,"May 30, 2021",LAL vs. PHX,L,32,3,13,0.231,2,6,0.333,0,0,0.0,0,4,4,3,0,0,1,2,8,-8,1,203471
42020,203471,0042000153,"May 27, 2021",LAL vs. PHX,W,33,6,11,0.545,1,4,0.25,7,8,0.875,1,2,3,4,2,0,3,1,20,6,1,203471
42020,203471,0042000152,"May 25, 2021",LAL @ PHX,W,34,8,16,0.5,2,4,0.5,6,6,1.0,0,3,3,3,1,0,1,3,24,16,1,203471
42020,203471,0042000151,"May 23, 2021",LAL @ PHX,L,34,5,7,0.714,1,2,0.5,3,6,0.5,0,1,1,3,2,1,4,3,14,-8,1,203471
42019,203471,0041900177,"Sep 02, 2020",OKC @ HOU,L,35,5,17,0.294,2,6,0.333,0,0,0.0,0,6,6,5,0,0,1,2,12,12,1,203471
42019,203471,0041900176,"Aug 31, 2020",OKC vs. HOU,W,37,5,16,0.313,0,5,0.0,2,2,1.0,1,7,8,2,1,0,3,2,12,6,1,203471
42019,203471,0041900175,"Aug 29, 2020",OKC @ HOU,L,21,6,13,0.462,3,8,0.375,4,5,0.8,0,1,1,1,1,1,2,1,19,0,1,203471
42019,203471,0041900174,"Aug 24, 2020",OKC vs. HOU,W,31,10,16,0.625,4,7,0.571,6,7,0.857,0,1,1,3,0,0,2,2,30,11,1,203471
42019,203471,0041900173,"Aug 22, 2020",OKC vs. HOU,W,39,10,23,0.435,2,10,0.2,7,9,0.778,1,4,5,5,2,0,3,2,29,10,1,203471
42019,203471,0041900172,"Aug 20, 2020",OKC @ HOU,L,32,5,12,0.417,2,4,0.5,1,2,0.5,0,5,5,5,0,0,4,4,13,0,1,203471
42019,203471,0041900171,"Aug 18, 2020",OKC @ HOU,L,32,3,12,0.25,0,5,0.0,0,0,0.0,0,0,0,4,0,0,2,2,6,-19,1,203471
42024,1628404,0042400306,"May 31, 2025",NYK @ IND,L,22,1,6,0.167,0,2,0.0,2,3,0.667,2,4,6,1,3,0,1,3,4,-6,1,1628404
42024,1628404,0042400305,"May 29, 2025",NYK vs. IND,W,34,4,8,0.5,0,2,0.0,4,6,0.667,3,7,10,4,2,0,3,3,12,-1,1,1628404
42024,1628404,0042400304,"May 27, 2025",NYK @ IND,L,36,3,5,0.6,1,2,0.5,5,6,0.833,4,7,11,1,0,0,5,6,12,-1,1,1628404
42024,1628404,0042400303,"May 25, 2025",NYK @ IND,W,34,1,3,0.333,0,2,0.0,6,6,1.0,3,7,10,4,1,0,1,4,8,5,1,1628404
42024,1628404,0042400302,"May 23, 2025",NYK vs. IND,L,29,2,3,0.667,0,0,0.0,2,2,1.0,2,4,6,1,1,1,2,3,6,-10,1,1628404
42024,1628404,0042400301,"May 21, 2025",NYK vs. IND,L,44,3,6,0.5,1,3,0.333,1,2,0.5,2,11,13,7,1,0,1,4,8,-4,1,1628404
42024,1628404,0042400216,"May 16, 2025",NYK vs. BOS,W,33,3,8,0.375,1,3,0.333,3,4,0.75,3,8,11,11,0,0,2,4,10,24,1,1628404
42024,1628404,0042400215,"May 14, 2025",NYK @ BOS,L,36,7,15,0.467,5,9,0.556,5,6,0.833,1,6,7,2,0,0,1,2,24,-24,1,1628404
42024,1628404,0042400214,"May 12, 2025",NYK vs. BOS,W,30,2,7,0.286,1,3,0.333,1,2,0.5,2,7,9,5,1,0,3,5,6,8,1,1628404
42024,1628404,0042400213,"May 10, 2025",NYK vs. BOS,L,34,3,9,0.333,0,3,0.0,4,4,1.0,1,5,6,3,0,2,1,1,10,-23,1,1628404
42024,1628404,0042400212,"May 07, 2025",NYK @ BOS,W,43,9,15,0.6,3,6,0.5,2,2,1.0,3,3,6,3,0,2,2,4,23,-7,1,1628404
42024,1628404,0042400211,"May 05, 2025",NYK @ BOS,W,45,5,9,0.556,1,5,0.2,3,6,0.5,5,6,11,3,2,0,1,4,14,5,1,1628404
42024,1628404,0042400126,"May 01, 2025",NYK @ DET,W,35,3,5,0.6,1,1,1.0,6,6,1.0,2,8,10,4,0,1,3,5,13,13,1,1628404
42024,1628404,0042400125,"Apr 29, 2025",NYK vs. DET,L,36,7,13,0.538,1,4,0.25,0,0,0.0,2,5,7,6,2,2,3,4,15,3,1,1628404
42024,1628404,0042400124,"Apr 27, 2025",NYK @ DET,W,42,4,9,0.444,3,5,0.6,3,6,0.5,2,8,10,5,4,0,2,1,14,2,1,1628404
42024,1628404,0042400123,"Apr 24, 2025",NYK @ DET,W,41,3,7,0.429,0,1,0.0,0,0,0.0,4,7,11,9,2,1,1,2,6,5,1,1628404
42024,1628404,0042400122,"Apr 21, 2025",NYK vs. DET,L,40,2,6,0.333,1,2,0.5,5,6,0.833,1,6,7,5,1,0,1,4,10,-5,1,1628404
42024,1628404,0042400121,"Apr 19, 2025",NYK vs. DET,W,30,6,10,0.6,1,1,1.0,0,0,0.0,2,5,7,6,0,1,2,3,13,20,1,1628404
42023,1628404,0042300217,"May 19, 2024",NYK vs. IND,L,37,3,9,0.333,0,4,0.0,4,4,1.0,3,5,8,5,2,0,0,6,10,-15,1,1628404
42023,1628404,0042300216,"May 17, 2024",NYK @ IND,L,31,2,8,0.25,1,4,0.25,0,0,0.0,4,4,8,3,0,1,2,2,5,-15,1,1628404
42023,1628404,0042300215,"May 14, 2024",NYK vs. IND,W,39,7,16,0.438,2,7,0.286,2,2,1.0,2,9,11,3,1,1,3,2,18,21,1,1628404
42023,1628404,0042300214,"May 12, 2024",NYK @ IND,L,24,1,6,0.167,0,2,0.0,0,0,0.0,0,3,3,2,0,0,2,1,2,-29,1,1628404
42023,1628404,0042300213,"May 10, 2024",NYK @ IND,L,43,4,7,0.571,1,1,1.0,1,2,0.5,0,18,18,4,2,0,4,5,10,-8,1,1628404
42023,1628404,0042300212,"May 08, 2024",NYK vs. IND,W,48,8,12,0.667,1,3,0.333,2,2,1.0,2,13,15,7,1,1,5,3,19,9,1,1628404
42023,1628404,0042300211,"May 06, 2024",NYK vs. IND,W,48,9,13,0.692,1,1,1.0,5,8,0.625,4,9,13,8,3,1,5,3,24,4,1,1628404
42023,1628404,0042300116,"May 02, 2024",NYK @ PHI,W,46,5,11,0.455,3,5,0.6,3,3,1.0,6,8,14,7,0,0,2,2,16,7,1,1628404
42023,1628404,0042300115,"Apr 30, 2024",NYK vs. PHI,L,53,7,17,0.412,1,6,0.167,3,5,0.6,0,9,9,4,0,1,2,2,18,-6,1,1628404
42023,1628404,0042300114,"Apr 28, 2024",NYK @ PHI,W,46,0,7,0.0,0,3,0.0,4,8,0.5,5,12,17,5,0,3,5,5,4,2,1,1628404
42023,1628404,0042300113,"Apr 25, 2024",NYK @ PHI,L,43,8,16,0.5,4,8,0.5,0,0,0.0,3,3,6,6,1,0,0,4,20,-13,1,1628404
42023,1628404,0042300112,"Apr 22, 2024",NYK vs. PHI,W,48,7,16,0.438,4,7,0.571,3,4,0.75,4,11,15,3,2,2,2,2,21,3,1,1628404
42023,1628404,0042300111,"Apr 20, 2024",NYK vs. PHI,W,42,5,12,0.417,4,8,0.5,8,10,0.8,4,9,13,2,1,0,2,4,22,-5,1,1628404
42022,1628404,0042200206,"May 12, 2023",NYK @ MIA,L,33,5,10,0.5,1,4,0.25,0,0,0.0,1,6,7,1,1,1,2,5,11,-4,1,1628404
42022,1628404,0042200205,"May 10, 2023",NYK vs. MIA,W,9,1,2,0.5,0,1,0.0,0,0,0.0,1,1,2,1,0,0,2,4,2,-11,1,1628404
42022,1628404,0042200204,"May 08, 2023",NYK @ MIA,L,22,2,6,0.333,0,2,0.0,0,1,0.0,0,2,2,0,0,0,2,6,4,-7,1,1628404
42022,1628404,0042200203,"May 06, 2023",NYK @ MIA,L,38,5,12,0.417,2,6,0.333,3,5,0.6,1,11,12,2,1,0,2,2,15,-6,1,1628404
42022,1628404,0042200202,"May 02, 2023",NYK vs. MIA,W,33,4,11,0.364,2,4,0.5,4,7,0.571,1,10,11,9,1,0,1,3,14,16,1,1628404
42022,1628404,0042200201,"Apr 30, 2023",NYK vs. MIA,L,43,5,12,0.417,0,4,0.0,0,0,0.0,2,6,8,4,0,1,1,5,10,-8,1,1628404
42022,1628404,0042200135,"Apr 26, 2023",NYK @ CLE,W,47,2,6,0.333,0,2,0.0,0,0,0.0,3,9,12,2,0,1,1,2,4,7,1,1628404
42022,1628404,0042200134,"Apr 23, 2023",NYK vs. CLE,W,40,7,16,0.438,1,4,0.25,4,5,0.8,2,5,7,2,2,0,3,2,19,5,1,1628404
42022,1628404,0042200133,"Apr 21, 2023",NYK vs. CLE,W,29,4,5,0.8,2,2,1.0,3,4,0.75,1,5,6,1,2,0,4,3,13,13,1,1628404
42022,1628404,0042200132,"Apr 18, 2023",NYK @ CLE,L,27,2,3,0.667,1,1,1.0,0,0,0.0,1,3,4,0,1,0,1,2,5,-29,1,1628404
42022,1628404,0042200131,"Apr 15, 2023",NYK @ CLE,W,33,8,11,0.727,1,2,0.5,0,0,0.0,5,5,10,2,1,0,2,4,17,5,1,1628404
42023,201142,0042300164,"Apr 28, 2024",PHX vs. MIN,L,46,12,17,0.706,2,3,0.667,7,9,0.778,1,8,9,5,0,4,1,2,33,-7,1,201142
42023,201142,0042300163,"Apr 26, 2024",PHX vs. MIN,L,42,8,18,0.444,1,5,0.2,8,9,0.889,0,4,4,5,0,0,2,2,25,-20,1,201142
42023,201142,0042300162,"Apr 23, 2024",PHX @ MIN,L,41,6,15,0.4,0,2,0.0,6,7,0.857,0,6,6,2,1,1,2,3,18,-24,1,201142
42023,201142,0042300161,"Apr 20, 2024",PHX @ MIN,L,39,11,17,0.647,2,2,1.0,7,9,0.778,0,7,7,1,1,1,5,1,31,-20,1,201142
42022,201142,0042200226,"May 11, 2023",PHX vs. DEN,L,37,8,19,0.421,0,0,0.0,7,7,1.0,0,5,5,5,0,1,4,2,23,-13,1,201142
42022,201142,0042200225,"May 09, 2023",PHX @ DEN,L,42,10,24,0.417,0,3,0.0,6,9,0.667,2,9,11,7,0,1,5,4,26,-19,1,201142
42022,201142,0042200224,"May 07, 2023",PHX vs. DEN,W,44,11,19,0.579,2,4,0.5,12,13,0.923,0,11,11,6,2,1,5,2,36,0,1,201142
42022,201142,0042200223,"May 05, 2023",PHX vs. DEN,W,43,12,31,0.387,1,5,0.2,14,16,0.875,0,9,9,8,0,2,0,4,39,11,1,201142
42022,201142,0042200222,"May 01, 2023",PHX @ DEN,L,44,10,27,0.37,2,12,0.167,2,2,1.0,1,7,8,3,1,2,2,4,24,-4,1,201142
42022,201142,0042200221,"Apr 29, 2023",PHX @ DEN,L,36,12,19,0.632,1,3,0.333,4,4,1.0,1,13,14,1,1,3,7,1,29,-20,1,201142
42022,201142,0042200175,"Apr 25, 2023",PHX vs. LAC,W,44,10,19,0.526,4,6,0.667,7,7,1.0,0,6,6,4,1,1,1,3,31,13,1,201142
42022,201142,0042200174,"Apr 22, 2023",PHX @ LAC,W,45,9,17,0.529,3,4,0.75,10,11,0.909,1,10,11,6,0,0,3,3,31,12,1,201142
42022,201142,0042200173,"Apr 20, 2023",PHX @ LAC,W,42,8,15,0.533,1,3,0.333,11,11,1.0,0,6,6,5,2,0,6,0,28,1,1,201142
42022,201142,0042200172,"Apr 18, 2023",PHX vs. LAC,W,44,10,19,0.526,0,4,0.0,5,6,0.833,1,5,6,5,1,2,5,2,25,10,1,201142
42022,201142,0042200171,"Apr 16, 2023",PHX vs. LAC,L,45,7,15,0.467,3,7,0.429,10,10,1.0,1,8,9,11,1,2,1,4,27,4,1,201142
42021,201142,0042100114,"Apr 25, 2022",BKN vs. BOS,L,47,13,31,0.419,3,11,0.273,10,11,0.909,1,6,7,9,1,0,4,4,39,-6,1,201142
42021,201142,0042100113,"Apr 23, 2022",BKN vs. BOS,L,46,6,11,0.545,2,3,0.667,2,2,1.0,1,7,8,8,1,0,5,3,16,-2,1,201142
42021,201142,0042100112,"Apr 20, 2022",BKN @ BOS,L,42,4,17,0.235,1,2,0.5,18,20,0.9,0,4,4,5,1,0,6,5,27,-10,1,201142
42021,201142,0042100111,"Apr 17, 2022",BKN @ BOS,L,41,9,24,0.375,1,5,0.2,4,5,0.8,0,4,4,3,1,1,6,3,23,-13,1,201142
42020,201142,0042000217,"Jun 19, 2021",BKN vs. MIL,L,53,17,36,0.472,4,11,0.364,10,11,0.909,1,8,9,6,1,1,3,4,48,-4,1,201142
42020,201142,0042000216,"Jun 17, 2021",BKN @ MIL,L,40,15,30,0.5,2,8,0.25,0,2,0.0,0,11,11,3,0,0,7,2,32,-25,1,201142
42020,201142,0042000215,"Jun 15, 2021",BKN vs. MIL,W,48,16,23,0.696,4,9,0.444,13,16,0.813,0,17,17,10,3,2,3,3,49,6,1,201142
42020,201142,0042000214,"Jun 13, 2021",BKN @ MIL,L,42,9,25,0.36,1,8,0.125,9,10,0.9,0,13,13,5,1,1,5,3,28,-23,1,201142
42020,201142,0042000213,"Jun 10, 2021",BKN @ MIL,L,43,11,28,0.393,3,8,0.375,5,6,0.833,0,10,10,5,4,1,4,0,30,-6,1,201142
42020,201142,0042000212,"Jun 07, 2021",BKN vs. MIL,W,33,12,18,0.667,4,6,0.667,4,5,0.8,0,4,4,6,1,1,3,2,32,27,1,201142
42020,201142,0042000211,"Jun 05, 2021",BKN vs. MIL,W,40,12,25,0.48,1,4,0.25,4,4,1.0,1,9,10,3,1,2,3,5,29,14,1,201142
42020,201142,0042000115,"Jun 01, 2021",BKN vs. BOS,W,37,8,16,0.5,4,6,0.667,4,4,1.0,0,4,4,3,0,3,2,3,24,16,1,201142
42020,201142,0042000114,"May 30, 2021",BKN @ BOS,W,40,14,20,0.7,3,3,1.0,11,11,1.0,1,3,4,5,1,2,1,4,42,3,1,201142
42020,201142,0042000113,"May 28, 2021",BKN @ BOS,L,40,13,24,0.542,4,9,0.444,9,12,0.75,0,9,9,1,4,1,3,1,39,-1,1,201142
42020,201142,0042000112,"May 25, 2021",BKN vs. BOS,W,29,8,12,0.667,2,2,1.0,8,8,1.0,1,7,8,5,1,4,4,1,26,19,1,201142
42020,201142,0042000111,"May 22, 2021",BKN vs. BOS,W,39,10,25,0.4,1,8,0.125,11,12,0.917,1,11,12,1,1,1,4,3,32,8,1,201142
42024,1631170,0042400104,"Apr 28, 2025",MIA vs. CLE,L,13,1,5,0.2,0,1,0.0,2,2,1.0,3,1,4,1,0,0,0,1,4,-10,1,1631170
42024,1631170,0042400103,"Apr 26, 2025",MIA vs. CLE,L,5,0,0,0.0,0,0,0.0,0,0,0.0,0,0,0,0,0,0,1,0,0,-8,1,1631170
42024,1631170,0042400101,"Apr 20, 2025",MIA @ CLE,L,1,0,1,0.0,0,1,0.0,0,0,0.0,0,0,0,0,0,0,0,0,0,0,1,1631170
42023,1631170,0042300104,"Apr 29, 2024",MIA vs. BOS,L,22,4,10,0.4,0,2,0.0,1,1,1.0,0,2,2,2,1,1,1,1,9,-3,1,1631170
42023,1631170,0042300103,"Apr 27, 2024",MIA vs. BOS,L,34,5,13,0.385,0,3,0.0,2,2,1.0,1,4,5,5,0,1,3,2,12,-12,1,1631170
42023,1631170,0042300102,"Apr 24, 2024",MIA @ BOS,W,31,4,13,0.308,3,6,0.5,3,4,0.75,0,2,2,1,1,0,1,2,14,-1,1,1631170
42023,1631170,0042300101,"Apr 21, 2024",MIA @ BOS,L,36,8,16,0.5,0,2,0.0,0,0,0.0,1,3,4,4,1,0,2,1,16,-7,1,1631170
42024,1630217,0042400144,"Apr 26, 2025",MEM vs. OKC,L,38,7,20,0.35,2,8,0.25,7,8,0.875,1,4,5,5,0,0,5,5,23,-1,1,1630217
42024,1630217,0042400143,"Apr 24, 2025",MEM vs. OKC,L,37,3,14,0.214,2,11,0.182,2,2,1.0,2,6,8,4,2,1,5,2,10,-10,1,1630217
42024,1630217,0042400142,"Apr 22, 2025",MEM @ OKC,L,37,7,17,0.412,2,7,0.286,3,3,1.0,2,10,12,4,1,1,1,2,19,-4,1,1630217
42024,1630217,0042400141,"Apr 20, 2025",MEM @ OKC,L,27,3,12,0.25,1,6,0.167,2,2,1.0,0,2,2,0,0,0,4,0,9,-51,1,1630217
42022,1630217,0042200156,"Apr 28, 2023",MEM @ LAL,L,37,5,16,0.313,2,6,0.333,3,4,0.75,2,3,5,2,1,0,2,2,15,-30,1,1630217
42022,1630217,0042200155,"Apr 26, 2023",MEM vs. LAL,W,43,12,21,0.571,4,9,0.444,5,6,0.833,1,9,10,5,0,0,2,1,33,18,1,1630217
42022,1630217,0042200154,"Apr 24, 2023",MEM @ LAL,L,47,13,29,0.448,3,12,0.25,7,7,1.0,2,5,7,3,1,0,3,4,36,-4,1,1630217
42022,1630217,0042200153,"Apr 22, 2023",MEM @ LAL,L,33,7,14,0.5,3,7,0.429,1,1,1.0,1,4,5,2,1,0,4,3,18,-9,1,1630217
42022,1630217,0042200152,"Apr 19, 2023",MEM vs. LAL,W,35,6,18,0.333,1,6,0.167,4,4,1.0,0,4,4,1,0,0,5,4,17,8,1,1630217
42022,1630217,0042200151,"Apr 16, 2023",MEM vs. LAL,L,37,6,18,0.333,3,10,0.3,7,7,1.0,1,4,5,6,0,0,1,5,22,-15,1,1630217
42021,1630217,0042100236,"May 13, 2022",MEM @ GSW,L,44,9,16,0.563,4,7,0.571,3,4,0.75,1,6,7,2,0,1,0,3,25,-7,1,1630217
42021,1630217,0042100235,"May 11, 2022",MEM vs. GSW,W,24,6,12,0.5,4,6,0.667,5,5,1.0,0,1,1,2,1,0,0,1,21,46,1,1630217
42021,1630217,0042100234,"May 09, 2022",MEM @ GSW,L,37,3,8,0.375,2,4,0.5,0,0,0.0,0,1,1,6,3,0,1,2,8,8,1,1630217
42021,1630217,0042100233,"May 07, 2022",MEM @ GSW,L,30,5,10,0.5,4,7,0.571,2,3,0.667,1,3,4,2,0,1,1,4,16,-15,1,1630217
42021,1630217,0042100232,"May 03, 2022",MEM vs. GSW,W,32,2,7,0.286,1,4,0.25,0,0,0.0,1,5,6,0,0,0,2,0,5,11,1,1630217
42021,1630217,0042100231,"May 01, 2022",MEM vs. GSW,L,32,3,10,0.3,1,5,0.2,2,3,0.667,1,0,1,1,2,0,1,1,9,1,1,1630217
42021,1630217,0042100156,"Apr 29, 2022",MEM @ MIN,W,43,9,14,0.643,5,8,0.625,0,0,0.0,1,5,6,1,1,1,5,2,23,22,1,1630217
42021,1630217,0042100155,"Apr 26, 2022",MEM vs. MIN,W,45,9,20,0.45,3,8,0.375,4,4,1.0,0,4,4,1,2,3,2,3,25,3,1,1630217
42021,1630217,0042100154,"Apr 23, 2022",MEM @ MIN,L,35,11,18,0.611,8,12,0.667,4,5,0.8,0,2,2,4,1,0,2,5,34,10,1,1630217
42021,1630217,0042100153,"Apr 21, 2022",MEM @ MIN,W,40,8,19,0.421,7,15,0.467,3,4,0.75,0,6,6,2,1,2,1,1,26,14,1,1630217
42021,1630217,0042100152,"Apr 19, 2022",MEM vs. MIN,W,31,5,10,0.5,1,4,0.25,5,5,1.0,0,4,4,4,0,0,0,1,16,21,1,1630217
42021,1630217,0042100151,"Apr 16, 2022",MEM vs. MIN,L,33,6,15,0.4,3,8,0.375,2,2,1.0,0,3,3,1,0,1,1,0,17,0,1,1630217
42020,1630217,0042000145,"Jun 02, 2021",MEM @ UTA,L,23,2,6,0.333,1,5,0.2,0,0,0.0,0,3,3,4,2,0,2,0,5,-8,1,1630217
42020,1630217,0042000144,"May 31, 2021",MEM vs. UTA,L,18,3,3,1.0,1,1,1.0,0,0,0.0,0,3,3,2,1,1,0,3,7,-11,1,1630217
42020,1630217,0042000143,"May 29, 2021",MEM vs. UTA,L,16,1,2,0.5,1,2,0.5,0,0,0.0,1,2,3,0,0,0,0,0,3,-12,1,1630217
42020,1630217,0042000142,"May 26, 2021",MEM @ UTA,L,24,2,4,0.5,1,1,1.0,0,0,0.0,0,4,4,3,1,1,0,3,5,-14,1,1630217
42020,1630217,0042000141,"May 23, 2021",MEM @ UTA,W,18,3,4,0.75,2,3,0.667,0,0,0.0,1,3,4,1,0,0,1,0,8,23,1,1630217
42021,201942,0042100125,"Apr 27, 2022",CHI @ MIL,L,43,5,10,0.5,0,0,0.0,1,2,0.5,0,2,2,7,3,0,2,2,11,-15,1,201942
42021,201942,0042100124,"Apr 24, 2022",CHI vs. MIL,L,41,8,20,0.4,0,5,0.0,7,8,0.875,0,5,5,3,1,0,1,2,23,-24,1,201942
42021,201942,0042100123,"Apr 22, 2022",CHI vs. MIL,L,32,4,9,0.444,0,0,0.0,3,5,0.6,0,5,5,4,1,0,3,2,11,-23,1,201942
42021,201942,0042100122,"Apr 20, 2022",CHI @ MIL,W,44,16,31,0.516,0,2,0.0,9,9,1.0,0,7,7,4,1,2,2,3,41,2,1,201942
42021,201942,0042100121,"Apr 17, 2022",CHI @ MIL,L,43,6,25,0.24,0,2,0.0,6,6,1.0,1,7,8,6,3,0,3,3,18,-5,1,201942
42023,203468,0042300144,"Apr 29, 2024",NOP vs. OKC,L,37,9,16,0.563,2,7,0.286,0,0,0.0,1,5,6,2,1,1,3,4,20,-14,1,203468
42023,203468,0042300143,"Apr 27, 2024",NOP vs. OKC,L,35,7,22,0.318,2,8,0.25,0,0,0.0,0,5,5,7,2,1,6,2,16,-13,1,203468
42023,203468,0042300142,"Apr 24, 2024",NOP @ OKC,L,36,6,14,0.429,1,5,0.2,2,2,1.0,1,4,5,4,2,0,4,3,15,-27,1,203468
42023,203468,0042300141,"Apr 21, 2024",NOP @ OKC,L,39,9,22,0.409,2,9,0.222,0,0,0.0,0,3,3,6,2,1,3,5,20,1,1,203468
42021,203468,0042100146,"Apr 28, 2022",NOP vs. PHX,L,33,7,16,0.438,1,5,0.2,1,1,1.0,1,2,3,1,0,0,3,5,16,0,1,203468
42021,203468,0042100145,"Apr 26, 2022",NOP @ PHX,L,40,7,22,0.318,1,8,0.125,6,7,0.857,1,7,8,5,0,2,2,4,21,-7,1,203468
42021,203468,0042100144,"Apr 24, 2022",NOP vs. PHX,W,36,8,21,0.381,2,9,0.222,0,0,0.0,4,5,9,2,1,0,2,1,18,4,1,203468
42021,203468,0042100143,"Apr 22, 2022",NOP vs. PHX,L,41,11,23,0.478,4,11,0.364,4,8,0.5,0,4,4,6,2,1,2,2,30,-8,1,203468
42021,203468,0042100142,"Apr 19, 2022",NOP @ PHX,W,40,7,18,0.389,6,10,0.6,3,4,0.75,2,6,8,9,0,1,3,1,23,11,1,203468
42021,203468,0042100141,"Apr 17, 2022",NOP @ PHX,L,43,9,25,0.36,3,8,0.375,4,6,0.667,3,5,8,6,1,1,3,2,25,-10,1,203468
42020,203468,0042000166,"Jun 03, 2021",POR vs. DEN,L,38,9,21,0.429,2,8,0.25,1,2,0.5,1,3,4,3,0,1,1,5,21,-8,1,203468
42020,203468,0042000165,"Jun 01, 2021",POR @ DEN,L,51,7,22,0.318,2,8,0.25,2,2,1.0,1,6,7,7,1,2,3,6,18,-7,1,203468
42020,203468,0042000164,"May 29, 2021",POR vs. DEN,W,35,9,19,0.474,2,6,0.333,1,1,1.0,0,4,4,8,0,0,2,2,21,22,1,203468
42020,203468,0042000163,"May 27, 2021",POR vs. DEN,L,41,8,20,0.4,3,10,0.3,3,4,0.75,4,5,9,3,1,0,1,5,22,6,1,203468
42020,203468,0042000162,"May 24, 2021",POR @ DEN,L,38,9,12,0.75,2,3,0.667,1,2,0.5,0,6,6,2,0,0,5,5,21,-23,1,203468
42020,203468,0042000161,"May 22, 2021",POR @ DEN,W,36,8,20,0.4,3,7,0.429,2,2,1.0,0,6,6,3,0,1,0,2,21,3,1,203468
42019,203468,0041900145,"Aug 29, 2020",POR @ LAL,L,46,13,25,0.52,3,7,0.429,7,8,0.875,3,3,6,7,1,0,6,2,36,-15,1,203468
42019,203468,0041900144,"Aug 24, 2020",POR vs. LAL,L,33,5,13,0.385,2,3,0.667,6,8,0.75,1,4,5,2,2,1,1,2,18,-25,1,203468
42019,203468,0041900143,"Aug 22, 2020",POR vs. LAL,L,43,12,25,0.48,4,12,0.333,0,0,0.0,0,8,8,4,2,1,2,2,28,4,1,203468
42019,203468,0041900142,"Aug 20, 2020",POR @ LAL,L,33,6,16,0.375,1,5,0.2,0,2,0.0,1,4,5,3,0,0,1,1,13,-28,1,203468
42019,203468,0041900141,"Aug 18, 2020",POR @ LAL,W,42,8,20,0.4,3,8,0.375,2,4,0.5,0,5,5,0,1,0,5,3,21,7,1,203468
42024,1628978,0042400315,"May 28, 2025",MIN @ OKC,L,22,2,4,0.5,2,4,0.5,0,0,0.0,0,6,6,2,1,0,2,2,6,-21,1,1628978
42024,1628978,0042400314,"May 26, 2025",MIN vs. OKC,L,28,7,11,0.636,5,8,0.625,2,2,1.0,2,1,3,5,1,0,2,2,21,-7,1,1628978
42024,1628978,0042400313,"May 24, 2025",MIN vs. OKC,W,16,2,2,1.0,2,2,1.0,0,0,0.0,0,1,1,3,0,0,0,2,6,24,1,1628978
42024,1628978,0042400312,"May 22, 2025",MIN @ OKC,L,22,3,8,0.375,2,6,0.333,0,0,0.0,1,2,3,3,0,0,4,2,8,-27,1,1628978
42024,1628978,0042400311,"May 20, 2025",MIN @ OKC,L,30,3,14,0.214,3,12,0.25,0,0,0.0,0,1,1,2,2,1,1,3,9,-20,1,1628978
42024,1628978,0042400235,"May 14, 2025",MIN vs. GSW,W,26,5,7,0.714,2,4,0.5,1,2,0.5,0,2,2,6,4,0,1,3,13,7,1,1628978
42024,1628978,0042400234,"May 12, 2025",MIN @ GSW,W,26,2,7,0.286,2,4,0.5,3,4,0.75,0,3,3,3,1,0,2,4,9,-9,1,1628978
42024,1628978,0042400233,"May 10, 2025",MIN @ GSW,W,16,1,3,0.333,0,2,0.0,0,0,0.0,1,1,2,0,0,0,3,4,2,-14,1,1628978
42024,1628978,0042400232,"May 08, 2025",MIN vs. GSW,W,26,3,9,0.333,3,8,0.375,0,0,0.0,3,0,3,5,1,0,2,3,9,18,1,1628978
42024,1628978,0042400231,"May 06, 2025",MIN vs. GSW,L,33,3,11,0.273,1,7,0.143,0,0,0.0,1,2,3,4,1,0,4,3,7,-6,1,1628978
42024,1628978,0042400165,"Apr 30, 2025",MIN @ LAL,W,32,3,13,0.231,2,12,0.167,1,2,0.5,1,3,4,5,2,0,3,3,9,3,1,1628978
42024,1628978,0042400164,"Apr 27, 2025",MIN vs. LAL,W,29,3,11,0.273,1,4,0.25,1,1,1.0,1,1,2,2,5,0,0,4,8,2,1,1628978
42024,1628978,0042400163,"Apr 25, 2025",MIN vs. LAL,W,31,4,13,0.308,2,8,0.25,0,0,0.0,1,4,5,4,1,3,1,4,10,5,1,1628978
42024,1628978,0042400162,"Apr 22, 2025",MIN @ LAL,L,16,1,4,0.25,0,2,0.0,2,2,1.0,0,3,3,2,0,0,2,4,4,-17,1,1628978
42024,1628978,0042400161,"Apr 19, 2025",MIN @ LAL,W,25,4,9,0.444,1,5,0.2,0,0,0.0,1,4,5,4,2,0,1,2,9,0,1,1628978
42023,1628978,0042300217,"May 19, 2024",NYK vs. IND,L,41,11,21,0.524,9,15,0.6,8,10,0.8,1,3,4,1,2,0,4,1,39,-20,1,1628978
42023,1628978,0042300216,"May 17, 2024",NYK @ IND,L,39,6,14,0.429,3,8,0.375,2,3,0.667,1,3,4,2,2,1,0,2,17,-17,1,1628978
42023,1628978,0042300215,"May 14, 2024",NYK vs. IND,W,30,4,14,0.286,0,6,0.0,0,0,0.0,3,4,7,4,3,1,1,5,8,16,1,1628978
42023,1628978,0042300214,"May 12, 2024",NYK @ IND,L,32,3,13,0.231,1,6,0.167,0,0,0.0,1,4,5,4,1,1,2,2,7,-40,1,1628978
42023,1628978,0042300213,"May 10, 2024",NYK @ IND,L,44,12,26,0.462,7,11,0.636,4,4,1.0,1,2,3,2,1,1,1,2,35,-10,1,1628978
42023,1628978,0042300212,"May 08, 2024",NYK vs. IND,W,44,10,20,0.5,6,12,0.5,2,2,1.0,2,4,6,4,1,0,1,1,28,15,1,1628978
42023,1628978,0042300211,"May 06, 2024",NYK vs. IND,W,44,10,17,0.588,5,9,0.556,0,0,0.0,0,3,3,1,0,2,2,5,25,10,1,1628978
42023,1628978,0042300116,"May 02, 2024",NYK @ PHI,W,48,8,18,0.444,5,9,0.556,2,2,1.0,2,2,4,7,2,3,1,1,23,3,1,1628978
42023,1628978,0042300115,"Apr 30, 2024",NYK vs. PHI,L,26,3,10,0.3,1,7,0.143,2,2,1.0,0,4,4,1,0,2,0,3,9,3,1,1628978
42023,1628978,0042300114,"Apr 28, 2024",NYK @ PHI,W,28,3,11,0.273,2,7,0.286,0,0,0.0,0,2,2,0,0,0,0,1,8,-7,1,1628978
42023,1628978,0042300113,"Apr 25, 2024",NYK @ PHI,L,28,2,7,0.286,0,3,0.0,1,2,0.5,1,3,4,3,1,0,1,2,5,0,1,1628978
42023,1628978,0042300112,"Apr 22, 2024",NYK vs. PHI,W,37,5,10,0.5,4,8,0.5,5,5,1.0,1,3,4,3,2,0,1,4,19,11,1,1628978
42023,1628978,0042300111,"Apr 20, 2024",NYK vs. PHI,W,24,3,10,0.3,2,5,0.4,0,0,0.0,0,2,2,2,1,1,2,0,8,-23,1,1628978
42022,1628978,0042200236,"May 12, 2023",GSW @ LAL,L,26,6,12,0.5,4,8,0.5,0,2,0.0,1,3,4,0,1,0,2,4,16,1,1,1628978
42022,1628978,0042200235,"May 10, 2023",GSW vs. LAL,W,13,0,1,0.0,0,0,0.0,0,0,0.0,0,2,2,2,1,0,2,1,0,-2,1,1628978
42022,1628978,0042200234,"May 08, 2023",GSW @ LAL,L,15,4,6,0.667,2,4,0.5,0,0,0.0,0,1,1,1,0,0,1,0,10,-1,1,1628978
42022,1628978,0042200233,"May 06, 2023",GSW @ LAL,L,22,2,8,0.25,1,5,0.2,0,0,0.0,2,3,5,4,0,1,1,2,5,-8,1,1628978
42022,1628978,0042200232,"May 04, 2023",GSW vs. LAL,W,28,3,9,0.333,2,8,0.25,0,0,0.0,0,4,4,4,0,1,4,0,8,8,1,1628978
42022,1628978,0042200231,"May 02, 2023",GSW vs. LAL,L,12,0,1,0.0,0,1,0.0,0,0,0.0,0,3,3,2,2,0,0,1,0,-7,1,1628978
42022,1628978,0042200167,"Apr 30, 2023",GSW @ SAC,W,8,1,1,1.0,1,1,1.0,0,0,0.0,1,1,2,1,0,0,0,0,3,-6,1,1628978
42022,1628978,0042200166,"Apr 28, 2023",GSW vs. SAC,L,18,1,5,0.2,1,3,0.333,5,6,0.833,3,1,4,2,1,0,2,3,8,5,1,1628978
42022,1628978,0042200165,"Apr 26, 2023",GSW @ SAC,W,17,1,5,0.2,0,3,0.0,0,0,0.0,0,0,0,3,1,1,0,2,2,-11,1,1628978
42022,1628978,0042200164,"Apr 23, 2023",GSW vs. SAC,W,16,1,3,0.333,1,2,0.5,0,0,0.0,0,2,2,4,1,0,0,1,3,-11,1,1628978
42022,1628978,0042200163,"Apr 20, 2023",GSW vs. SAC,W,27,2,8,0.25,1,5,0.2,1,2,0.5,3,4,7,8,4,0,2,1,6,5,1,1628978
42022,1628978,0042200162,"Apr 17, 2023",GSW @ SAC,L,13,0,0,0.0,0,0,0.0,0,0,0.0,0,2,2,1,0,0,2,2,0,-13,1,1628978
42022,1628978,0042200161,"Apr 15, 2023",GSW @ SAC,L,20,3,5,0.6,2,4,0.5,2,2,1.0,1,2,3,4,0,0,1,3,10,2,1,1628978
42020,1628978,0042000123,"May 27, 2021",MIL @ MIA,W,9,0,4,0.0,0,2,0.0,0,0,0.0,0,2,2,0,0,0,0,0,0,5,1,1628978
42020,1628978,0042000122,"May 24, 2021",MIL vs. MIA,W,23,2,7,0.286,1,6,0.167,0,0,0.0,2,5,7,4,2,0,3,3,5,13,1,1628978
42020,1628978,0042000121,"May 22, 2021",MIL vs. MIA,W,37,1,5,0.2,1,4,0.25,0,0,0.0,0,10,10,4,1,1,3,1,3,-6,1,1628978
42019,1628978,0041900205,"Sep 08, 2020",MIL vs. MIA,L,28,5,9,0.556,3,6,0.5,4,5,0.8,2,2,4,1,1,0,2,6,17,-8,1,1628978
42019,1628978,0041900204,"Sep 06, 2020",MIL @ MIA,W,27,4,7,0.571,0,2,0.0,2,3,0.667,0,5,5,2,1,1,1,3,10,22,1,1628978
42019,1628978,0041900203,"Sep 04, 2020",MIL @ MIA,L,21,4,8,0.5,2,4,0.5,0,0,0.0,0,2,2,0,1,0,1,3,10,2,1,1628978
42019,1628978,0041900202,"Sep 02, 2020",MIL vs. MIA,L,8,0,1,0.0,0,1,0.0,0,0,0.0,1,0,1,2,1,0,0,2,0,-10,1,1628978
42019,1628978,0041900201,"Aug 31, 2020",MIL vs. MIA,L,14,0,1,0.0,0,0,0.0,1,2,0.5,2,2,4,2,0,0,1,1,1,-1,1,1628978
42019,1628978,0041900105,"Aug 29, 2020",MIL vs. ORL,W,12,1,2,0.5,1,1,1.0,1,2,0.5,0,2,2,1,0,1,1,2,4,-7,1,1628978
42019,1628978,0041900104,"Aug 24, 2020",MIL @ ORL,W,12,1,2,0.5,0,1,0.0,3,4,0.75,0,5,5,1,1,0,0,2,5,1,1,1628978
42019,1628978,0041900103,"Aug 22, 2020",MIL @ ORL,W,19,3,6,0.5,0,2,0.0,0,0,0.0,0,2,2,1,1,1,2,1,6,-16,1,1628978
42019,1628978,0041900102,"Aug 20, 2020",MIL vs. ORL,W,11,4,9,0.444,1,2,0.5,2,4,0.5,2,1,3,1,1,0,2,1,11,7,1,1628978
42019,1628978,0041900101,"Aug 18, 2020",MIL vs. ORL,L,13,1,6,0.167,0,2,0.0,0,0,0.0,1,3,4,1,0,0,0,0,2,-2,1,1628978
42024,1627783,0042400407,"Jun 22, 2025",IND @ OKC,L,37,5,13,0.385,2,5,0.4,4,7,0.571,1,3,4,2,1,1,1,2,16,-4,1,1627783
42024,1627783,0042400406,"Jun 19, 2025",IND vs. OKC,W,32,6,14,0.429,1,3,0.333,3,3,1.0,5,8,13,3,0,1,1,2,16,13,1,1627783
42024,1627783,0042400405,"Jun 16, 2025",IND @ OKC,L,33,9,15,0.6,3,6,0.5,7,8,0.875,2,4,6,5,3,2,6,3,28,-5,1,1627783
42024,1627783,0042400404,"Jun 13, 2025",IND vs. OKC,L,35,6,15,0.4,2,6,0.333,6,8,0.75,0,8,8,5,5,1,1,3,20,7,1,1627783
42024,1627783,0042400403,"Jun 11, 2025",IND vs. OKC,W,32,8,14,0.571,0,2,0.0,5,6,0.833,0,6,6,4,2,1,0,3,21,8,1,1627783
42024,1627783,0042400402,"Jun 08, 2025",IND @ OKC,L,30,3,11,0.273,1,4,0.25,8,9,0.889,4,3,7,4,0,2,2,4,15,-15,1,1627783
42024,1627783,0042400401,"Jun 05, 2025",IND @ OKC,W,35,7,15,0.467,1,2,0.5,4,6,0.667,4,6,10,3,0,1,1,1,19,-10,1,1627783
42024,1627783,0042400306,"May 31, 2025",IND vs. NYK,W,36,10,18,0.556,3,5,0.6,8,11,0.727,2,3,5,3,1,3,2,1,31,25,1,1627783
42024,1627783,0042400305,"May 29, 2025",IND @ NYK,L,34,5,13,0.385,1,3,0.333,4,8,0.5,1,5,6,5,3,0,2,2,15,-1,1,1627783
42024,1627783,0042400304,"May 27, 2025",IND vs. NYK,W,35,11,21,0.524,3,4,0.75,5,6,0.833,3,2,5,2,1,1,1,4,30,9,1,1627783
42024,1627783,0042400303,"May 25, 2025",IND vs. NYK,L,35,7,14,0.5,0,1,0.0,3,5,0.6,1,3,4,2,0,0,0,2,17,-21,1,1627783
42024,1627783,0042400302,"May 23, 2025",IND @ NYK,W,33,15,23,0.652,3,5,0.6,6,8,0.75,0,5,5,3,1,0,1,4,39,16,1,1627783
42024,1627783,0042400301,"May 21, 2025",IND @ NYK,W,43,7,16,0.438,0,2,0.0,3,5,0.6,1,4,5,6,2,0,0,2,17,8,1,1627783
42024,1627783,0042400205,"May 13, 2025",IND @ CLE,W,40,8,20,0.4,2,5,0.4,3,5,0.6,0,8,8,5,1,1,0,4,21,10,1,1627783
42024,1627783,0042400204,"May 11, 2025",IND vs. CLE,W,21,9,10,0.9,2,2,1.0,1,1,1.0,1,5,6,3,1,0,1,2,21,29,1,1627783
42024,1627783,0042400203,"May 09, 2025",IND vs. CLE,L,28,8,14,0.571,1,4,0.25,1,3,0.333,2,2,4,3,0,0,1,2,18,-14,1,1627783
42024,1627783,0042400202,"May 06, 2025",IND @ CLE,W,30,5,8,0.625,0,0,0.0,2,5,0.4,0,6,6,4,0,0,2,4,12,1,1,1627783
42024,1627783,0042400201,"May 04, 2025",IND @ CLE,W,34,6,15,0.4,2,5,0.4,3,3,1.0,1,7,8,4,1,0,2,1,17,16,1,1627783
42024,1627783,0042400135,"Apr 29, 2025",IND vs. MIL,W,41,5,12,0.417,0,2,0.0,0,2,0.0,0,4,4,1,0,0,2,5,10,1,1,1627783
42024,1627783,0042400134,"Apr 27, 2025",IND @ MIL,W,29,5,10,0.5,0,2,0.0,2,2,1.0,0,3,3,4,0,1,1,4,12,3,1,1627783
42024,1627783,0042400133,"Apr 25, 2025",IND @ MIL,L,31,12,19,0.632,3,4,0.75,1,3,0.333,0,5,5,2,2,0,0,3,28,-9,1,1627783
42024,1627783,0042400132,"Apr 22, 2025",IND vs. MIL,W,34,8,16,0.5,2,5,0.4,6,6,1.0,2,9,11,3,3,0,2,4,24,8,1,1627783
42024,1627783,0042400131,"Apr 19, 2025",IND vs. MIL,W,33,10,15,0.667,3,5,0.6,2,2,1.0,0,7,7,2,1,1,1,4,25,28,1,1627783
42023,1627783,0042300304,"May 27, 2024",IND vs. BOS,L,39,8,18,0.444,0,3,0.0,3,5,0.6,4,6,10,3,0,0,3,0,19,-9,1,1627783
42023,1627783,0042300303,"May 25, 2024",IND vs. BOS,L,36,9,18,0.5,0,3,0.0,4,4,1.0,2,1,3,6,1,0,1,5,22,-13,1,1627783
42023,1627783,0042300302,"May 23, 2024",IND @ BOS,L,31,13,17,0.765,2,2,1.0,0,0,0.0,2,3,5,2,0,0,2,3,28,-10,1,1627783
42023,1627783,0042300301,"May 21, 2024",IND @ BOS,L,42,12,23,0.522,0,2,0.0,0,0,0.0,3,9,12,7,1,0,2,3,24,5,1,1627783
42023,1627783,0042300217,"May 19, 2024",IND @ NYK,W,37,8,15,0.533,2,3,0.667,2,2,1.0,0,4,4,4,1,1,1,1,20,8,1,1627783
42023,1627783,0042300216,"May 17, 2024",IND vs. NYK,W,31,11,21,0.524,0,2,0.0,3,4,0.75,3,4,7,5,2,0,1,2,25,20,1,1627783
42023,1627783,0042300215,"May 14, 2024",IND @ NYK,L,33,7,15,0.467,2,3,0.667,6,7,0.857,3,5,8,2,1,0,2,3,22,-2,1,1627783
42023,1627783,0042300214,"May 12, 2024",IND vs. NYK,W,22,7,9,0.778,0,0,0.0,0,0,0.0,1,3,4,2,1,0,0,3,14,23,1,1627783
42023,1627783,0042300213,"May 10, 2024",IND vs. NYK,W,31,9,14,0.643,1,1,1.0,7,9,0.778,3,4,7,1,0,1,3,5,26,15,1,1627783
42023,1627783,0042300212,"May 08, 2024",IND @ NYK,L,36,7,18,0.389,0,3,0.0,0,2,0.0,5,4,9,2,0,1,0,3,14,-9,1,1627783
42023,1627783,0042300211,"May 06, 2024",IND @ NYK,L,37,8,16,0.5,1,3,0.333,2,4,0.5,2,4,6,5,1,0,1,4,19,-4,1,1627783
42023,1627783,0042300126,"May 02, 2024",IND vs. MIL,W,35,9,15,0.6,1,3,0.333,0,0,0.0,1,6,7,4,1,0,1,4,19,19,1,1627783
42023,1627783,0042300125,"Apr 30, 2024",IND @ MIL,L,34,5,12,0.417,1,4,0.25,1,5,0.2,2,2,4,2,0,0,1,3,12,-18,1,1627783
42023,1627783,0042300124,"Apr 28, 2024",IND vs. MIL,W,40,6,14,0.429,0,4,0.0,1,3,0.333,1,8,9,7,2,1,0,2,13,15,1,1627783
42023,1627783,0042300123,"Apr 26, 2024",IND vs. MIL,W,42,7,17,0.412,0,3,0.0,3,5,0.6,4,5,9,4,1,1,0,1,17,1,1,1627783
42023,1627783,0042300122,"Apr 23, 2024",IND @ MIL,W,37,16,23,0.696,3,4,0.75,2,3,0.667,1,10,11,6,0,0,0,3,37,6,1,1627783
42023,1627783,0042300121,"Apr 21, 2024",IND @ MIL,L,40,15,25,0.6,1,4,0.25,5,10,0.5,5,8,13,2,1,2,1,3,36,-9,1,1627783
42021,1627783,0042100136,"Apr 28, 2022",TOR vs. PHI,L,44,9,17,0.529,0,4,0.0,6,7,0.857,3,4,7,7,3,0,3,6,24,-32,1,1627783
42021,1627783,0042100135,"Apr 25, 2022",TOR @ PHI,W,44,10,17,0.588,2,4,0.5,1,2,0.5,0,10,10,7,0,0,2,1,23,24,1,1627783
42021,1627783,0042100134,"Apr 23, 2022",TOR vs. PHI,W,44,10,19,0.526,1,4,0.25,13,15,0.867,0,8,8,5,1,2,3,3,34,13,1,1627783
42021,1627783,0042100133,"Apr 20, 2022",TOR vs. PHI,L,48,6,16,0.375,0,2,0.0,0,0,0.0,1,4,5,4,2,1,3,5,12,-4,1,1627783
42021,1627783,0042100132,"Apr 18, 2022",TOR @ PHI,L,41,7,20,0.35,0,1,0.0,6,7,0.857,4,6,10,5,1,0,2,5,20,-23,1,1627783
42021,1627783,0042100131,"Apr 16, 2022",TOR @ PHI,L,40,9,18,0.5,1,2,0.5,5,5,1.0,0,3,3,7,0,3,0,4,24,-19,1,1627783
42019,1627783,0041900217,"Sep 11, 2020",TOR vs. BOS,L,42,5,12,0.417,0,1,0.0,3,4,0.75,2,9,11,3,0,1,5,4,13,-3,1,1627783
42019,1627783,0041900216,"Sep 09, 2020",TOR @ BOS,W,54,5,19,0.263,0,5,0.0,2,4,0.5,1,7,8,6,2,0,3,4,12,12,1,1627783
42019,1627783,0041900215,"Sep 07, 2020",TOR vs. BOS,L,29,5,9,0.556,0,2,0.0,0,0,0.0,2,2,4,2,0,0,2,5,10,-25,1,1627783
42019,1627783,0041900214,"Sep 05, 2020",TOR @ BOS,W,46,10,23,0.435,2,13,0.154,1,2,0.5,1,10,11,2,0,0,0,2,23,4,1,1627783
42019,1627783,0041900213,"Sep 03, 2020",TOR @ BOS,W,38,6,15,0.4,1,4,0.25,3,4,0.75,0,7,7,2,1,1,2,4,16,12,1,1627783
42019,1627783,0041900212,"Sep 01, 2020",TOR vs. BOS,L,43,6,16,0.375,1,4,0.25,4,4,1.0,2,6,8,6,3,1,1,2,17,-2,1,1627783
42019,1627783,0041900211,"Aug 30, 2020",TOR vs. BOS,L,34,5,16,0.313,0,3,0.0,3,4,0.75,0,3,3,2,2,0,2,4,13,-20,1,1627783
42019,1627783,0041900114,"Aug 23, 2020",TOR @ BKN,W,33,9,22,0.409,1,7,0.143,1,2,0.5,1,5,6,10,2,0,2,2,20,26,1,1627783
42019,1627783,0041900113,"Aug 21, 2020",TOR @ BKN,W,33,11,23,0.478,2,6,0.333,2,4,0.5,2,6,8,5,1,0,2,1,26,23,1,1627783
42019,1627783,0041900112,"Aug 19, 2020",TOR vs. BKN,W,36,6,14,0.429,2,4,0.5,5,9,0.556,1,5,6,3,1,1,1,1,19,-9,1,1627783
42019,1627783,0041900111,"Aug 17, 2020",TOR vs. BKN,W,31,4,13,0.308,1,4,0.25,9,9,1.0,2,9,11,1,0,0,2,4,18,10,1,1627783
42023,1630530,0042300144,"Apr 29, 2024",NOP vs. OKC,L,43,3,10,0.3,1,7,0.143,0,0,0.0,0,11,11,3,1,2,4,4,7,-7,1,1630530
42023,1630530,0042300143,"Apr 27, 2024",NOP vs. OKC,L,44,4,12,0.333,2,5,0.4,0,0,0.0,1,5,6,2,3,0,2,2,10,-26,1,1630530
42023,1630530,0042300142,"Apr 24, 2024",NOP @ OKC,L,38,3,8,0.375,2,6,0.333,0,0,0.0,1,4,5,2,0,1,2,3,8,-27,1,1630530
42023,1630530,0042300141,"Apr 21, 2024",NOP @ OKC,L,44,8,18,0.444,5,12,0.417,0,0,0.0,1,3,4,2,1,3,0,3,21,0,1,1630530
42021,1630530,0042100146,"Apr 28, 2022",NOP vs. PHX,L,22,4,7,0.571,4,7,0.571,0,0,0.0,0,3,3,0,0,0,1,1,12,-1,1,1630530
42021,1630530,0042100145,"Apr 26, 2022",NOP @ PHX,L,13,0,0,0.0,0,0,0.0,2,2,1.0,0,1,1,0,0,1,0,3,2,0,1,1630530
42021,1630530,0042100144,"Apr 24, 2022",NOP vs. PHX,W,16,0,1,0.0,0,1,0.0,2,3,0.667,2,1,3,1,0,0,0,0,2,7,1,1630530
42021,1630530,0042100143,"Apr 22, 2022",NOP vs. PHX,L,23,0,3,0.0,0,2,0.0,0,0,0.0,0,3,3,0,0,0,0,1,0,21,1,1630530
42021,1630530,0042100142,"Apr 19, 2022",NOP @ PHX,W,20,3,7,0.429,3,5,0.6,0,0,0.0,0,1,1,0,3,0,0,3,9,-1,1,1630530
42021,1630530,0042100141,"Apr 17, 2022",NOP @ PHX,L,26,2,4,0.5,2,4,0.5,0,0,0.0,1,3,4,2,0,0,0,1,6,6,1,1630530
42024,1641764,0042400235,"May 14, 2025",GSW @ MIN,L,39,11,19,0.579,4,6,0.667,2,5,0.4,2,4,6,4,2,0,2,3,28,-2,1,1641764
42024,1641764,0042400234,"May 12, 2025",GSW vs. MIN,L,33,3,14,0.214,0,4,0.0,5,6,0.833,1,2,3,1,4,0,2,2,11,-9,1,1641764
42024,1641764,0042400233,"May 10, 2025",GSW vs. MIN,L,39,1,10,0.1,1,4,0.25,2,2,1.0,3,5,8,2,1,0,1,1,5,-2,1,1641764
42024,1641764,0042400232,"May 08, 2025",GSW @ MIN,L,33,4,9,0.444,1,4,0.25,2,2,1.0,2,4,6,6,2,0,2,0,11,1,1,1641764
42024,1641764,0042400231,"May 06, 2025",GSW @ MIN,W,29,1,7,0.143,1,5,0.2,0,0,0.0,0,8,8,3,0,0,2,1,3,-1,1,1641764
42024,1641764,0042400157,"May 04, 2025",GSW @ HOU,W,40,4,12,0.333,1,7,0.143,0,0,0.0,0,3,3,2,0,1,2,2,9,5,1,1641764
42024,1641764,0042400156,"May 02, 2025",GSW vs. HOU,L,29,4,9,0.444,2,6,0.333,0,0,0.0,3,4,7,3,1,0,2,3,10,-3,1,1641764
42024,1641764,0042400155,"Apr 30, 2025",GSW @ HOU,L,21,3,7,0.429,2,4,0.5,0,0,0.0,0,2,2,4,0,0,2,1,8,-24,1,1641764
42024,1641764,0042400154,"Apr 28, 2025",GSW vs. HOU,W,40,9,18,0.5,6,11,0.545,2,3,0.667,4,1,5,5,2,1,2,1,26,7,1,1641764
42024,1641764,0042400153,"Apr 26, 2025",GSW vs. HOU,W,33,3,9,0.333,1,6,0.167,3,4,0.75,0,4,4,2,1,0,0,2,10,13,1,1641764
42024,1641764,0042400152,"Apr 23, 2025",GSW @ HOU,L,14,0,5,0.0,0,2,0.0,0,0,0.0,0,0,0,0,0,0,0,0,0,-11,1,1641764
42024,1641764,0042400151,"Apr 20, 2025",GSW @ HOU,W,35,5,13,0.385,3,8,0.375,1,2,0.5,1,7,8,5,2,0,1,2,14,17,1,1641764
42024,1628969,0042400306,"May 31, 2025",NYK @ IND,L,32,6,9,0.667,1,2,0.5,2,2,1.0,0,1,1,4,1,2,5,4,15,-17,1,1628969
42024,1628969,0042400305,"May 29, 2025",NYK vs. IND,W,34,6,12,0.5,0,3,0.0,0,0,0.0,1,2,3,5,1,0,1,1,12,13,1,1628969
42024,1628969,0042400304,"May 27, 2025",NYK @ IND,L,34,6,15,0.4,4,5,0.8,1,1,1.0,0,3,3,2,0,0,3,4,17,-13,1,1628969
42024,1628969,0042400303,"May 25, 2025",NYK @ IND,W,37,6,18,0.333,1,6,0.167,2,2,1.0,2,0,2,1,2,0,1,2,15,2,1,1628969
42024,1628969,0042400302,"May 23, 2025",NYK vs. IND,L,45,9,18,0.5,1,3,0.333,1,2,0.5,1,6,7,2,2,0,2,3,20,-7,1,1628969
42024,1628969,0042400301,"May 21, 2025",NYK vs. IND,L,46,8,16,0.5,0,1,0.0,0,2,0.0,4,2,6,5,1,2,3,0,16,-15,1,1628969
42024,1628969,0042400216,"May 16, 2025",NYK vs. BOS,W,30,9,15,0.6,4,6,0.667,0,0,0.0,3,1,4,3,1,2,2,5,22,25,1,1628969
42024,1628969,0042400215,"May 14, 2025",NYK @ BOS,L,40,4,14,0.286,1,3,0.333,0,0,0.0,0,2,2,3,1,1,2,0,9,-25,1,1628969
42024,1628969,0042400214,"May 12, 2025",NYK vs. BOS,W,44,11,21,0.524,1,6,0.167,0,0,0.0,1,6,7,3,4,1,3,1,23,14,1,1628969
42024,1628969,0042400213,"May 10, 2025",NYK vs. BOS,L,38,6,10,0.6,0,2,0.0,0,0,0.0,1,2,3,2,2,0,2,2,12,-19,1,1628969
42024,1628969,0042400212,"May 07, 2025",NYK @ BOS,W,43,6,18,0.333,2,8,0.25,0,0,0.0,0,7,7,5,3,0,2,2,14,-6,1,1628969
42024,1628969,0042400211,"May 05, 2025",NYK @ BOS,W,51,3,13,0.231,2,5,0.4,0,0,0.0,0,6,6,7,3,2,1,2,8,3,1,1628969
42024,1628969,0042400126,"May 01, 2025",NYK @ DET,W,44,11,16,0.688,1,4,0.25,2,2,1.0,2,2,4,3,0,1,4,1,25,7,1,1628969
42024,1628969,0042400125,"Apr 29, 2025",NYK vs. DET,L,38,7,16,0.438,2,5,0.4,1,2,0.5,1,5,6,2,0,1,2,3,17,-14,1,1628969
42024,1628969,0042400124,"Apr 27, 2025",NYK @ DET,W,44,3,12,0.25,2,6,0.333,0,0,0.0,2,4,6,1,3,1,1,2,8,2,1,1628969
42024,1628969,0042400123,"Apr 24, 2025",NYK @ DET,W,39,7,13,0.538,3,6,0.5,3,3,1.0,1,6,7,3,3,2,3,2,20,-4,1,1628969
42024,1628969,0042400122,"Apr 21, 2025",NYK vs. DET,L,38,8,18,0.444,3,11,0.273,0,0,0.0,1,4,5,0,3,0,1,2,19,1,1,1628969
42024,1628969,0042400121,"Apr 19, 2025",NYK vs. DET,W,29,4,9,0.444,0,2,0.0,0,0,0.0,0,2,2,2,0,2,0,3,8,-16,1,1628969
42022,1628969,0042200124,"Apr 22, 2023",BKN vs. PHI,L,39,6,18,0.333,2,6,0.333,3,6,0.5,1,4,5,3,0,0,1,2,17,-13,1,1628969
42022,1628969,0042200123,"Apr 20, 2023",BKN vs. PHI,L,43,9,26,0.346,4,7,0.571,4,4,1.0,1,5,6,5,1,1,1,1,26,-1,1,1628969
42022,1628969,0042200122,"Apr 17, 2023",BKN @ PHI,L,41,6,15,0.4,2,8,0.25,7,9,0.778,0,5,5,7,1,0,3,2,21,-17,1,1628969
42022,1628969,0042200121,"Apr 15, 2023",BKN @ PHI,L,34,12,18,0.667,2,4,0.5,4,4,1.0,0,5,5,1,0,1,3,0,30,-14,1,1628969
42021,1628969,0042100227,"May 15, 2022",PHX vs. DAL,L,33,3,11,0.273,0,3,0.0,0,0,0.0,0,2,2,1,0,0,0,1,6,-40,1,1628969
42021,1628969,0042100226,"May 12, 2022",PHX @ DAL,L,31,2,7,0.286,1,1,1.0,2,2,1.0,1,4,5,5,0,1,2,1,7,-18,1,1628969
42021,1628969,0042100225,"May 10, 2022",PHX vs. DAL,W,34,6,13,0.462,2,5,0.4,0,0,0.0,1,6,7,1,4,0,0,2,14,23,1,1628969
42021,1628969,0042100224,"May 08, 2022",PHX @ DAL,L,32,3,9,0.333,0,2,0.0,0,0,0.0,1,3,4,2,1,0,0,4,6,-7,1,1628969
42021,1628969,0042100223,"May 06, 2022",PHX @ DAL,L,38,5,14,0.357,0,2,0.0,2,2,1.0,2,4,6,2,1,1,1,2,12,-12,1,1628969
42021,1628969,0042100222,"May 04, 2022",PHX vs. DAL,W,39,5,6,0.833,1,2,0.5,0,0,0.0,1,2,3,6,2,0,0,1,11,31,1,1628969
42021,1628969,0042100221,"May 02, 2022",PHX vs. DAL,W,42,4,9,0.444,1,3,0.333,4,4,1.0,3,4,7,4,1,2,0,5,13,7,1,1628969
42021,1628969,0042100146,"Apr 28, 2022",PHX @ NOP,W,44,7,12,0.583,2,2,1.0,2,2,1.0,0,3,3,2,2,0,4,1,18,7,1,1628969
42021,1628969,0042100145,"Apr 26, 2022",PHX vs. NOP,W,47,12,17,0.706,4,4,1.0,3,3,1.0,0,5,5,2,1,4,1,1,31,13,1,1628969
42021,1628969,0042100144,"Apr 24, 2022",PHX @ NOP,L,41,4,11,0.364,0,2,0.0,0,0,0.0,1,5,6,5,0,1,0,3,8,-15,1,1628969
42021,1628969,0042100143,"Apr 22, 2022",PHX @ NOP,W,40,4,9,0.444,0,1,0.0,9,9,1.0,0,2,2,2,1,1,1,3,17,10,1,1628969
42021,1628969,0042100142,"Apr 19, 2022",PHX vs. NOP,L,40,7,11,0.636,2,3,0.667,3,4,0.75,2,4,6,2,1,1,2,3,19,-8,1,1628969
42021,1628969,0042100141,"Apr 17, 2022",PHX vs. NOP,W,38,4,9,0.444,0,3,0.0,3,4,0.75,0,5,5,3,0,2,0,4,11,4,1,1628969
42020,1628969,0042000406,"Jul 20, 2021",PHX @ MIL,L,39,3,7,0.429,0,1,0.0,1,2,0.5,1,5,6,2,2,0,0,4,7,-18,1,1628969
42020,1628969,0042000405,"Jul 17, 2021",PHX vs. MIL,L,33,5,6,0.833,3,3,1.0,0,0,0.0,0,4,4,1,2,1,2,1,13,5,1,1628969
42020,1628969,0042000404,"Jul 14, 2021",PHX @ MIL,L,25,3,4,0.75,1,2,0.5,0,0,0.0,1,4,5,0,0,1,0,2,7,-3,1,1628969
42020,1628969,0042000403,"Jul 11, 2021",PHX @ MIL,L,27,2,4,0.5,0,2,0.0,0,0,0.0,0,2,2,2,0,1,4,2,4,-1,1,1628969
42020,1628969,0042000402,"Jul 08, 2021",PHX vs. MIL,W,38,8,15,0.533,3,9,0.333,8,8,1.0,2,5,7,1,1,0,1,1,27,7,1,1628969
42020,1628969,0042000401,"Jul 06, 2021",PHX vs. MIL,W,30,5,13,0.385,2,4,0.5,2,2,1.0,0,1,1,1,1,0,0,0,14,14,1,1628969
42020,1628969,0042000316,"Jun 30, 2021",PHX @ LAC,W,24,4,6,0.667,0,1,0.0,1,1,1.0,0,1,1,4,0,0,0,3,9,-2,1,1628969
42020,1628969,0042000315,"Jun 28, 2021",PHX vs. LAC,L,28,2,5,0.4,1,2,0.5,0,0,0.0,0,3,3,1,0,0,1,3,5,-8,1,1628969
42020,1628969,0042000314,"Jun 26, 2021",PHX @ LAC,W,39,3,6,0.5,0,0,0.0,0,0,0.0,3,10,13,3,0,2,1,3,6,3,1,1628969
42020,1628969,0042000313,"Jun 24, 2021",PHX @ LAC,L,26,5,8,0.625,2,5,0.4,1,1,1.0,3,3,6,2,0,0,0,2,13,-14,1,1628969
42020,1628969,0042000312,"Jun 22, 2021",PHX vs. LAC,W,35,2,7,0.286,1,5,0.2,0,0,0.0,1,4,5,1,0,0,0,2,5,0,1,1628969
42020,1628969,0042000311,"Jun 20, 2021",PHX vs. LAC,W,36,6,11,0.545,2,6,0.333,0,0,0.0,0,1,1,2,1,2,0,2,14,-6,1,1628969
42020,1628969,0042000234,"Jun 13, 2021",PHX @ DEN,W,36,6,11,0.545,0,2,0.0,2,2,1.0,2,4,6,2,1,1,2,2,14,17,1,1628969
42020,1628969,0042000233,"Jun 11, 2021",PHX @ DEN,W,27,4,8,0.5,1,3,0.333,2,4,0.5,0,2,2,0,3,1,2,2,11,15,1,1628969
42020,1628969,0042000232,"Jun 09, 2021",PHX vs. DEN,W,29,5,12,0.417,2,8,0.25,4,4,1.0,1,1,2,0,0,0,0,2,16,28,1,1628969
42020,1628969,0042000231,"Jun 07, 2021",PHX vs. DEN,W,34,8,12,0.667,4,8,0.5,3,3,1.0,1,4,5,5,2,1,1,1,23,12,1,1628969
42020,1628969,0042000156,"Jun 03, 2021",PHX @ LAL,W,35,4,10,0.4,1,6,0.167,1,1,1.0,2,4,6,1,2,1,0,2,10,-4,1,1628969
42020,1628969,0042000155,"Jun 01, 2021",PHX vs. LAL,W,30,5,10,0.5,3,7,0.429,0,0,0.0,1,5,6,3,3,2,0,3,13,23,1,1628969
42020,1628969,0042000154,"May 30, 2021",PHX @ LAL,W,34,4,12,0.333,3,8,0.375,0,0,0.0,1,3,4,2,1,0,1,1,11,1,1,1628969
42020,1628969,0042000153,"May 27, 2021",PHX @ LAL,L,34,2,5,0.4,2,4,0.5,0,0,0.0,0,3,3,1,0,1,0,1,6,-3,1,1628969
42020,1628969,0042000152,"May 25, 2021",PHX vs. LAL,L,27,2,6,0.333,2,4,0.5,0,0,0.0,0,2,2,2,1,0,1,1,6,-13,1,1628969
42020,1628969,0042000151,"May 23, 2021",PHX vs. LAL,W,41,4,12,0.333,2,5,0.4,0,0,0.0,1,3,4,0,2,1,0,1,10,9,1,1628969
42024,1630162,0042400315,"May 28, 2025",MIN @ OKC,L,39,7,18,0.389,1,7,0.143,4,6,0.667,0,6,6,2,0,1,3,2,19,-29,1,1630162
42024,1630162,0042400314,"May 26, 2025",MIN vs. OKC,L,41,5,13,0.385,1,7,0.143,5,7,0.714,1,3,4,6,0,0,5,3,16,-3,1,1630162
42024,1630162,0042400313,"May 24, 2025",MIN vs. OKC,W,30,12,17,0.706,5,8,0.625,1,2,0.5,1,8,9,6,2,0,4,2,30,36,1,1630162
42024,1630162,0042400312,"May 22, 2025",MIN @ OKC,L,40,12,26,0.462,1,9,0.111,7,10,0.7,2,7,9,6,0,1,0,1,32,-22,1,1630162
42024,1630162,0042400311,"May 20, 2025",MIN @ OKC,L,37,5,13,0.385,3,8,0.375,5,7,0.714,0,9,9,3,0,1,4,4,18,-23,1,1630162
42024,1630162,0042400235,"May 14, 2025",MIN vs. GSW,W,41,8,15,0.533,5,9,0.556,1,2,0.5,1,6,7,12,1,3,7,3,22,20,1,1630162
42024,1630162,0042400234,"May 12, 2025",MIN @ GSW,W,33,11,21,0.524,6,11,0.545,2,3,0.667,0,4,4,5,2,0,3,5,30,6,1,1630162
42024,1630162,0042400233,"May 10, 2025",MIN @ GSW,W,44,13,28,0.464,5,14,0.357,5,8,0.625,1,3,4,4,0,1,3,0,36,-4,1,1630162
42024,1630162,0042400232,"May 08, 2025",MIN vs. GSW,W,34,6,13,0.462,2,4,0.5,6,8,0.75,0,9,9,5,3,1,1,1,20,21,1,1630162
42024,1630162,0042400231,"May 06, 2025",MIN vs. GSW,L,42,9,22,0.409,1,5,0.2,4,5,0.8,1,13,14,2,3,1,3,1,23,-4,1,1630162
42024,1630162,0042400165,"Apr 30, 2025",MIN @ LAL,W,43,5,19,0.263,0,11,0.0,5,8,0.625,2,9,11,8,3,0,0,1,15,12,1,1630162
42024,1630162,0042400164,"Apr 27, 2025",MIN vs. LAL,W,44,12,23,0.522,5,10,0.5,14,17,0.824,4,5,9,6,0,1,1,2,43,3,1,1630162
42024,1630162,0042400163,"Apr 25, 2025",MIN vs. LAL,W,42,12,26,0.462,5,10,0.5,0,0,0.0,2,6,8,8,2,1,2,2,29,13,1,1630162
42024,1630162,0042400162,"Apr 22, 2025",MIN @ LAL,L,40,10,22,0.455,2,8,0.25,3,4,0.75,1,5,6,0,0,0,2,1,25,-9,1,1630162
42024,1630162,0042400161,"Apr 19, 2025",MIN @ LAL,W,35,8,22,0.364,4,9,0.444,2,2,1.0,2,6,8,9,1,0,1,4,22,21,1,1630162
42023,1630162,0042300315,"May 30, 2024",MIN vs. DAL,L,43,10,18,0.556,4,6,0.667,4,6,0.667,1,8,9,6,1,1,1,2,28,-20,1,1630162
42023,1630162,0042300314,"May 28, 2024",MIN @ DAL,W,40,11,25,0.44,2,5,0.4,5,8,0.625,1,9,10,9,0,0,6,5,29,7,1,1630162
42023,1630162,0042300313,"May 26, 2024",MIN @ DAL,L,43,11,24,0.458,0,2,0.0,4,6,0.667,3,6,9,9,2,0,5,2,26,-9,1,1630162
42023,1630162,0042300312,"May 24, 2024",MIN vs. DAL,L,40,5,17,0.294,2,7,0.286,9,10,0.9,2,3,5,7,0,1,2,2,21,-9,1,1630162
42023,1630162,0042300311,"May 22, 2024",MIN vs. DAL,L,41,6,16,0.375,5,12,0.417,2,2,1.0,2,9,11,8,2,0,3,1,19,-1,1,1630162
42023,1630162,0042300237,"May 19, 2024",MIN @ DEN,W,44,6,24,0.25,2,10,0.2,2,2,1.0,0,8,8,7,2,0,1,2,16,11,1,1630162
42023,1630162,0042300236,"May 16, 2024",MIN vs. DEN,W,34,8,17,0.471,4,9,0.444,7,8,0.875,0,4,4,4,3,0,1,2,27,43,1,1630162
42023,1630162,0042300235,"May 14, 2024",MIN @ DEN,L,44,5,15,0.333,1,5,0.2,7,8,0.875,0,4,4,9,1,0,4,2,18,-12,1,1630162
42023,1630162,0042300234,"May 12, 2024",MIN vs. DEN,L,45,16,25,0.64,5,8,0.625,7,8,0.875,0,5,5,5,2,1,3,2,44,5,1,1630162
42023,1630162,0042300233,"May 10, 2024",MIN vs. DEN,L,37,8,15,0.533,3,8,0.375,0,0,0.0,0,6,6,5,0,1,5,3,19,-32,1,1630162
42023,1630162,0042300232,"May 06, 2024",MIN @ DEN,W,37,11,17,0.647,1,4,0.25,4,7,0.571,0,2,2,7,2,0,4,2,27,18,1,1630162
42023,1630162,0042300231,"May 04, 2024",MIN @ DEN,W,42,17,29,0.586,3,7,0.429,6,6,1.0,2,5,7,3,1,2,1,1,43,10,1,1630162
42023,1630162,0042300164,"Apr 28, 2024",MIN @ PHX,W,41,13,23,0.565,7,13,0.538,7,10,0.7,4,5,9,6,1,2,2,2,40,7,1,1630162
42023,1630162,0042300163,"Apr 26, 2024",MIN @ PHX,W,43,12,23,0.522,1,5,0.2,11,11,1.0,2,7,9,5,2,0,5,1,36,19,1,1630162
42023,1630162,0042300162,"Apr 23, 2024",MIN vs. PHX,W,38,3,12,0.25,2,6,0.333,7,8,0.875,0,5,5,8,3,1,3,4,15,15,1,1630162
42023,1630162,0042300161,"Apr 20, 2024",MIN vs. PHX,W,36,14,24,0.583,4,8,0.5,1,2,0.5,1,8,9,6,2,0,6,4,33,19,1,1630162
42022,1630162,0042200145,"Apr 25, 2023",MIN @ DEN,L,40,13,27,0.481,0,6,0.0,3,4,0.75,1,7,8,7,0,2,1,3,29,0,1,1630162
42022,1630162,0042200144,"Apr 23, 2023",MIN vs. DEN,W,45,12,27,0.444,5,12,0.417,5,6,0.833,1,5,6,5,2,3,2,1,34,7,1,1630162
42022,1630162,0042200143,"Apr 21, 2023",MIN vs. DEN,L,44,10,22,0.455,3,11,0.273,13,15,0.867,0,7,7,5,3,1,3,1,36,-7,1,1630162
42022,1630162,0042200142,"Apr 19, 2023",MIN @ DEN,L,42,14,23,0.609,6,10,0.6,7,8,0.875,1,1,2,4,2,3,1,4,41,-3,1,1630162
42022,1630162,0042200141,"Apr 16, 2023",MIN @ DEN,L,28,6,15,0.4,1,4,0.25,5,6,0.833,0,2,2,5,2,1,1,4,18,-12,1,1630162
42021,1630162,0042100156,"Apr 29, 2022",MIN vs. MEM,L,41,10,24,0.417,4,10,0.4,6,8,0.75,1,4,5,5,2,2,2,3,30,-5,1,1630162
42021,1630162,0042100155,"Apr 26, 2022",MIN @ MEM,L,35,8,20,0.4,3,9,0.333,3,4,0.75,1,0,1,0,0,0,1,5,22,-2,1,1630162
42021,1630162,0042100154,"Apr 23, 2022",MIN vs. MEM,W,37,7,14,0.5,4,8,0.5,6,6,1.0,1,3,4,4,2,3,3,2,24,-2,1,1630162
42021,1630162,0042100153,"Apr 21, 2022",MIN vs. MEM,L,40,6,13,0.462,4,9,0.444,3,6,0.5,0,7,7,2,1,0,2,3,19,-9,1,1630162
42021,1630162,0042100152,"Apr 19, 2022",MIN @ MEM,L,34,7,16,0.438,4,10,0.4,2,2,1.0,1,5,6,1,1,0,5,4,20,-16,1,1630162
42021,1630162,0042100151,"Apr 16, 2022",MIN @ MEM,W,40,12,23,0.522,4,11,0.364,8,8,1.0,0,2,2,6,1,2,2,5,36,12,1,1630162
42023,1627742,0042300144,"Apr 29, 2024",NOP vs. OKC,L,39,2,14,0.143,0,3,0.0,4,6,0.667,0,4,4,6,2,2,2,3,8,-3,1,1627742
42023,1627742,0042300143,"Apr 27, 2024",NOP vs. OKC,L,37,7,14,0.5,2,3,0.667,3,3,1.0,0,4,4,1,1,1,2,0,19,-12,1,1627742
42023,1627742,0042300142,"Apr 24, 2024",NOP @ OKC,L,33,5,10,0.5,0,0,0.0,8,8,1.0,0,4,4,3,1,1,3,3,18,-30,1,1627742
42023,1627742,0042300141,"Apr 21, 2024",NOP @ OKC,L,37,5,17,0.294,0,2,0.0,2,2,1.0,1,5,6,3,0,1,2,2,12,1,1,1627742
42021,1627742,0042100146,"Apr 28, 2022",NOP vs. PHX,L,44,8,19,0.421,2,6,0.333,3,3,1.0,0,5,5,11,1,0,6,2,21,-7,1,1627742
42021,1627742,0042100145,"Apr 26, 2022",NOP @ PHX,L,41,7,19,0.368,1,5,0.2,7,11,0.636,0,5,5,5,1,0,5,1,22,-16,1,1627742
42021,1627742,0042100144,"Apr 24, 2022",NOP vs. PHX,W,36,11,23,0.478,1,5,0.2,7,10,0.7,1,3,4,5,0,0,1,2,30,18,1,1627742
42021,1627742,0042100143,"Apr 22, 2022",NOP vs. PHX,L,37,11,19,0.579,3,6,0.5,9,10,0.9,0,7,7,3,0,1,2,2,34,-2,1,1627742
42021,1627742,0042100142,"Apr 19, 2022",NOP @ PHX,W,39,13,21,0.619,3,3,1.0,8,8,1.0,2,9,11,9,1,1,4,1,37,18,1,1627742
42021,1627742,0042100141,"Apr 17, 2022",NOP @ PHX,L,39,6,17,0.353,1,2,0.5,5,5,1.0,1,4,5,4,1,0,5,3,18,-6,1,1627742
42024,1641710,0042400115,"Apr 29, 2025",ORL @ BOS,L,21,3,10,0.3,1,3,0.333,1,2,0.5,4,4,8,0,1,0,0,1,8,-16,1,1641710
42024,1641710,0042400114,"Apr 27, 2025",ORL vs. BOS,L,18,4,7,0.571,0,3,0.0,2,2,1.0,0,4,4,0,1,0,1,1,10,-16,1,1641710
42024,1641710,0042400113,"Apr 25, 2025",ORL vs. BOS,W,13,3,8,0.375,0,4,0.0,3,4,0.75,1,1,2,0,2,0,0,3,9,16,1,1641710
42024,1641710,0042400112,"Apr 23, 2025",ORL @ BOS,L,23,4,8,0.5,0,2,0.0,3,5,0.6,2,2,4,0,0,0,1,2,11,-7,1,1641710
42024,1641710,0042400111,"Apr 20, 2025",ORL @ BOS,L,14,1,4,0.25,1,1,1.0,0,0,0.0,3,1,4,0,0,1,0,1,3,-15,1,1641710
42023,1641710,0042300134,"Apr 27, 2024",ORL vs. CLE,W,4,1,2,0.5,0,0,0.0,0,0,0.0,0,0,0,0,0,0,1,1,2,-6,1,1641710
42023,1641710,0042300133,"Apr 25, 2024",ORL vs. CLE,W,7,2,5,0.4,0,2,0.0,0,0,0.0,1,1,2,2,1,0,0,0,4,-2,1,1641710
42022,1629651,0042200124,"Apr 22, 2023",BKN vs. PHI,L,38,8,10,0.8,0,0,0.0,3,5,0.6,3,9,12,1,0,4,2,2,19,-4,1,1629651
42022,1629651,0042200123,"Apr 20, 2023",BKN vs. PHI,L,28,8,9,0.889,0,0,0.0,2,3,0.667,0,4,4,2,1,0,0,1,18,13,1,1629651
42022,1629651,0042200122,"Apr 17, 2023",BKN @ PHI,L,21,0,2,0.0,0,0,0.0,0,0,0.0,1,5,6,2,0,0,1,3,0,-14,1,1629651
42022,1629651,0042200121,"Apr 15, 2023",BKN @ PHI,L,30,2,4,0.5,0,0,0.0,1,2,0.5,1,9,10,1,0,3,0,2,5,-20,1,1629651
42021,1629651,0042100114,"Apr 25, 2022",BKN vs. BOS,L,23,6,6,1.0,0,0,0.0,1,11,0.091,2,4,6,2,2,3,0,2,13,-7,1,1629651
42021,1629651,0042100113,"Apr 23, 2022",BKN vs. BOS,L,21,6,9,0.667,0,0,0.0,1,2,0.5,3,4,7,1,0,1,1,0,13,-2,1,1629651
42021,1629651,0042100112,"Apr 20, 2022",BKN @ BOS,L,23,1,1,1.0,0,0,0.0,1,4,0.25,0,4,4,2,2,2,0,3,3,-10,1,1629651
42021,1629651,0042100111,"Apr 17, 2022",BKN @ BOS,L,31,6,8,0.75,0,0,0.0,1,5,0.2,2,6,8,1,1,3,1,1,13,10,1,1629651
42020,1629651,0042000217,"Jun 19, 2021",BKN vs. MIL,L,0,0,0,0.0,0,0,0.0,0,0,0.0,0,0,0,0,0,0,0,0,0,0,1,1629651
42020,1629651,0042000216,"Jun 17, 2021",BKN @ MIL,L,3,0,0,0.0,0,0,0.0,0,0,0.0,0,0,0,0,0,0,0,1,0,-5,1,1629651
42020,1629651,0042000215,"Jun 15, 2021",BKN vs. MIL,W,2,0,0,0.0,0,0,0.0,0,0,0.0,0,0,0,0,0,1,0,0,0,0,1,1629651
42020,1629651,0042000214,"Jun 13, 2021",BKN @ MIL,L,13,2,2,1.0,0,0,0.0,0,0,0.0,0,1,1,3,1,1,1,4,4,0,1,1629651
42020,1629651,0042000213,"Jun 10, 2021",BKN @ MIL,L,18,1,2,0.5,0,0,0.0,0,0,0.0,3,4,7,0,0,1,1,4,2,-5,1,1629651
42020,1629651,0042000212,"Jun 07, 2021",BKN vs. MIL,W,14,2,3,0.667,0,0,0.0,0,0,0.0,2,2,4,0,1,1,0,1,4,17,1,1629651
42020,1629651,0042000211,"Jun 05, 2021",BKN vs. MIL,W,14,1,2,0.5,0,0,0.0,2,3,0.667,0,3,3,1,1,1,0,2,4,11,1,1629651
42020,1629651,0042000115,"Jun 01, 2021",BKN vs. BOS,W,12,3,7,0.429,0,0,0.0,0,0,0.0,2,2,4,0,0,1,0,1,6,-4,1,1629651
42020,1629651,0042000114,"May 30, 2021",BKN @ BOS,W,8,0,0,0.0,0,0,0.0,0,0,0.0,0,1,1,0,0,3,0,1,0,14,1,1629651
42020,1629651,0042000113,"May 28, 2021",BKN @ BOS,L,16,2,5,0.4,0,0,0.0,0,0,0.0,3,2,5,0,0,1,2,2,4,-21,1,1629651
42020,1629651,0042000112,"May 25, 2021",BKN vs. BOS,W,18,0,2,0.0,0,0,0.0,0,0,0.0,1,2,3,2,1,1,0,2,0,4,1,1629651
42020,1629651,0042000111,"May 22, 2021",BKN vs. BOS,W,11,3,6,0.5,0,0,0.0,0,0,0.0,3,2,5,1,0,1,0,2,6,0,1,1629651
42024,1629638,0042400315,"May 28, 2025",MIN @ OKC,L,20,0,8,0.0,0,4,0.0,0,0,0.0,0,2,2,3,0,0,2,1,0,-12,1,1629638
42024,1629638,0042400314,"May 26, 2025",MIN vs. OKC,L,29,9,15,0.6,5,8,0.625,0,0,0.0,2,2,4,6,2,0,1,4,23,6,1,1629638
42024,1629638,0042400313,"May 24, 2025",MIN vs. OKC,W,18,5,9,0.556,2,4,0.5,0,1,0.0,2,1,3,2,0,0,3,0,12,15,1,1629638
42024,1629638,0042400312,"May 22, 2025",MIN @ OKC,L,25,5,8,0.625,3,4,0.75,4,4,1.0,1,1,2,2,0,0,2,3,17,-6,1,1629638
42024,1629638,0042400311,"May 20, 2025",MIN @ OKC,L,28,3,11,0.273,2,9,0.222,0,0,0.0,1,1,2,0,0,2,0,0,8,-14,1,1629638
42024,1629638,0042400235,"May 14, 2025",MIN vs. GSW,W,14,1,3,0.333,0,1,0.0,0,0,0.0,0,0,0,2,0,0,1,2,2,0,1,1629638
42024,1629638,0042400234,"May 12, 2025",MIN @ GSW,W,17,5,5,1.0,1,1,1.0,2,2,1.0,0,2,2,2,1,1,4,1,13,-7,1,1629638
42024,1629638,0042400233,"May 10, 2025",MIN @ GSW,W,18,0,4,0.0,0,1,0.0,0,0,0.0,1,1,2,4,0,0,1,0,0,0,1,1629638
42024,1629638,0042400232,"May 08, 2025",MIN vs. GSW,W,26,7,13,0.538,4,6,0.667,2,2,1.0,1,1,2,3,0,1,1,4,20,4,1,1629638
42024,1629638,0042400231,"May 06, 2025",MIN vs. GSW,L,14,0,3,0.0,0,2,0.0,0,0,0.0,0,0,0,0,1,0,1,2,0,-13,1,1629638
42024,1629638,0042400165,"Apr 30, 2025",MIN @ LAL,W,25,3,11,0.273,2,9,0.222,2,2,1.0,0,1,1,3,1,0,3,3,10,4,1,1629638
42024,1629638,0042400164,"Apr 27, 2025",MIN vs. LAL,W,12,2,4,0.5,1,3,0.333,0,0,0.0,0,1,1,0,0,0,2,0,5,-5,1,1629638
42024,1629638,0042400163,"Apr 25, 2025",MIN vs. LAL,W,14,1,4,0.25,1,3,0.333,1,2,0.5,0,3,3,2,1,0,1,1,4,1,1,1629638
42024,1629638,0042400162,"Apr 22, 2025",MIN @ LAL,L,29,1,6,0.167,0,2,0.0,2,2,1.0,0,2,2,3,0,0,1,1,4,8,1,1629638
42024,1629638,0042400161,"Apr 19, 2025",MIN @ LAL,W,20,2,9,0.222,1,6,0.167,2,2,1.0,0,1,1,3,0,1,0,2,7,9,1,1629638
42023,1629638,0042300315,"May 30, 2024",MIN vs. DAL,L,14,0,2,0.0,0,1,0.0,0,0,0.0,0,0,0,1,2,0,0,1,0,-3,1,1629638
42023,1629638,0042300314,"May 28, 2024",MIN @ DAL,W,13,2,5,0.4,2,5,0.4,0,0,0.0,0,2,2,0,1,1,1,0,6,-2,1,1629638
42023,1629638,0042300313,"May 26, 2024",MIN @ DAL,L,20,1,4,0.25,1,4,0.25,0,0,0.0,0,2,2,3,0,0,1,2,3,9,1,1629638
42023,1629638,0042300312,"May 24, 2024",MIN vs. DAL,L,14,2,4,0.5,0,2,0.0,2,2,1.0,0,1,1,2,0,1,2,0,6,7,1,1629638
42023,1629638,0042300311,"May 22, 2024",MIN vs. DAL,L,16,1,6,0.167,0,4,0.0,0,0,0.0,0,1,1,2,0,0,0,1,2,-5,1,1629638
42023,1629638,0042300237,"May 19, 2024",MIN @ DEN,W,17,0,6,0.0,0,5,0.0,0,0,0.0,0,0,0,1,0,0,0,0,0,-11,1,1629638
42023,1629638,0042300236,"May 16, 2024",MIN vs. DEN,W,17,3,5,0.6,3,5,0.6,0,0,0.0,0,0,0,1,0,0,0,1,9,16,1,1629638
42023,1629638,0042300235,"May 14, 2024",MIN @ DEN,L,39,5,12,0.417,4,8,0.5,0,0,0.0,1,1,2,5,0,2,1,1,14,-13,1,1629638
42023,1629638,0042300234,"May 12, 2024",MIN vs. DEN,L,24,1,7,0.143,0,4,0.0,0,0,0.0,0,3,3,3,0,0,1,1,2,-20,1,1629638
42023,1629638,0042300233,"May 10, 2024",MIN vs. DEN,L,26,2,5,0.4,0,3,0.0,2,2,1.0,0,0,0,2,0,0,2,2,6,-24,1,1629638
42023,1629638,0042300232,"May 06, 2024",MIN @ DEN,W,30,5,9,0.556,4,7,0.571,0,0,0.0,0,6,6,1,0,3,1,1,14,11,1,1629638
42023,1629638,0042300231,"May 04, 2024",MIN @ DEN,W,23,2,6,0.333,1,5,0.2,0,0,0.0,0,0,0,0,0,0,3,2,5,-16,1,1629638
42023,1629638,0042300164,"Apr 28, 2024",MIN @ PHX,W,31,2,9,0.222,0,5,0.0,1,1,1.0,2,1,3,4,2,0,0,3,5,-5,1,1629638
42023,1629638,0042300163,"Apr 26, 2024",MIN @ PHX,W,33,4,10,0.4,4,10,0.4,4,4,1.0,1,1,2,5,0,0,1,5,16,23,1,1629638
42023,1629638,0042300162,"Apr 23, 2024",MIN vs. PHX,W,31,4,10,0.4,1,4,0.25,1,1,1.0,0,2,2,5,1,0,1,2,10,14,1,1629638
42023,1629638,0042300161,"Apr 20, 2024",MIN vs. PHX,W,29,7,12,0.583,4,9,0.444,0,0,0.0,1,3,4,2,4,0,1,2,18,28,1,1629638
42022,1629638,0042200145,"Apr 25, 2023",MIN @ DEN,L,38,5,11,0.455,3,9,0.333,1,1,1.0,0,1,1,3,1,0,0,3,14,10,1,1629638
42022,1629638,0042200144,"Apr 23, 2023",MIN vs. DEN,W,38,3,7,0.429,2,5,0.4,0,0,0.0,1,3,4,1,1,0,2,1,8,4,1,1629638
42022,1629638,0042200143,"Apr 21, 2023",MIN vs. DEN,L,22,3,5,0.6,2,2,1.0,0,0,0.0,0,2,2,1,0,0,0,2,8,0,1,1629638
42022,1629638,0042200142,"Apr 19, 2023",MIN @ DEN,L,27,2,6,0.333,1,5,0.2,0,0,0.0,0,2,2,2,1,0,2,2,5,-5,1,1629638
42022,1629638,0042200141,"Apr 16, 2023",MIN @ DEN,L,24,2,6,0.333,2,4,0.5,1,2,0.5,0,1,1,0,0,1,0,1,7,-6,1,1629638
42021,1629638,0042100175,"Apr 25, 2022",UTA @ DAL,L,5,2,2,1.0,0,0,0.0,1,1,1.0,0,1,1,1,1,0,0,0,5,4,1,1629638
42021,1630245,0042100125,"Apr 27, 2022",CHI @ MIL,L,22,3,11,0.273,1,4,0.25,1,1,1.0,1,2,3,1,0,0,0,1,8,-12,1,1630245
42021,1630245,0042100124,"Apr 24, 2022",CHI vs. MIL,L,29,3,7,0.429,2,5,0.4,0,0,0.0,0,2,2,2,1,0,0,1,8,-7,1,1630245
42021,1630245,0042100123,"Apr 22, 2022",CHI vs. MIL,L,18,2,6,0.333,0,3,0.0,0,0,0.0,2,2,4,5,0,0,2,1,4,-11,1,1630245
42021,1630245,0042100122,"Apr 20, 2022",CHI @ MIL,W,7,0,1,0.0,0,0,0.0,0,0,0.0,0,2,2,1,0,0,0,1,0,1,1,1630245
42021,1630245,0042100121,"Apr 17, 2022",CHI @ MIL,L,9,0,1,0.0,0,1,0.0,0,0,0.0,1,1,2,2,0,0,1,1,0,1,1,1630245
42024,1630596,0042400205,"May 13, 2025",CLE vs. IND,L,37,8,12,0.667,1,2,0.5,7,9,0.778,5,6,11,1,0,2,0,0,24,-14,1,1630596
42024,1630596,0042400204,"May 11, 2025",CLE @ IND,L,27,3,7,0.429,2,4,0.5,2,2,1.0,1,4,5,0,1,0,2,2,10,-27,1,1630596
42024,1630596,0042400203,"May 09, 2025",CLE @ IND,W,35,6,13,0.462,1,3,0.333,5,6,0.833,5,8,13,4,3,3,0,2,18,26,1,1630596
42024,1630596,0042400201,"May 04, 2025",CLE vs. IND,L,36,9,13,0.692,2,5,0.4,0,0,0.0,4,6,10,2,2,0,4,3,20,-20,1,1630596
42024,1630596,0042400104,"Apr 28, 2025",CLE @ MIA,W,23,6,9,0.667,2,4,0.5,3,4,0.75,1,6,7,1,1,2,0,0,17,23,1,1630596
42024,1630596,0042400103,"Apr 26, 2025",CLE @ MIA,W,32,8,13,0.615,2,4,0.5,1,1,1.0,1,5,6,3,1,1,2,1,19,8,1,1630596
42024,1630596,0042400102,"Apr 23, 2025",CLE vs. MIA,W,34,7,10,0.7,3,6,0.5,3,3,1.0,1,5,6,1,1,0,2,1,20,5,1,1630596
42024,1630596,0042400101,"Apr 20, 2025",CLE vs. MIA,W,33,4,10,0.4,1,3,0.333,0,0,0.0,3,4,7,1,0,0,1,1,9,10,1,1630596
42023,1630596,0042300205,"May 15, 2024",CLE @ BOS,L,43,15,24,0.625,0,3,0.0,3,5,0.6,4,3,7,4,1,2,3,1,33,-15,1,1630596
42023,1630596,0042300204,"May 13, 2024",CLE vs. BOS,L,39,8,13,0.615,1,1,1.0,2,3,0.667,1,8,9,3,1,0,3,1,19,-1,1,1630596
42023,1630596,0042300203,"May 11, 2024",CLE vs. BOS,L,37,7,11,0.636,0,1,0.0,3,3,1.0,3,5,8,1,1,0,3,1,17,-16,1,1630596
42023,1630596,0042300202,"May 09, 2024",CLE @ BOS,W,33,9,15,0.6,1,2,0.5,2,2,1.0,1,9,10,5,1,2,0,4,21,35,1,1630596
42023,1630596,0042300201,"May 07, 2024",CLE @ BOS,L,32,8,12,0.667,0,0,0.0,1,2,0.5,5,8,13,3,0,1,1,3,17,-21,1,1630596
42023,1630596,0042300137,"May 05, 2024",CLE vs. ORL,W,41,5,8,0.625,0,0,0.0,1,2,0.5,5,11,16,1,0,5,6,5,11,9,1,1630596
42023,1630596,0042300136,"May 03, 2024",CLE @ ORL,L,34,1,5,0.2,0,0,0.0,1,2,0.5,3,3,6,0,1,5,0,5,3,-5,1,1630596
42023,1630596,0042300135,"Apr 30, 2024",CLE vs. ORL,W,39,7,11,0.636,0,0,0.0,0,2,0.0,3,10,13,4,2,2,1,2,14,4,1,1630596
42023,1630596,0042300134,"Apr 27, 2024",CLE @ ORL,L,32,6,13,0.462,0,0,0.0,2,2,1.0,1,8,9,3,2,2,1,4,14,-20,1,1630596
42023,1630596,0042300133,"Apr 25, 2024",CLE @ ORL,L,22,4,9,0.444,0,3,0.0,2,2,1.0,0,2,2,1,0,3,0,2,10,-18,1,1630596
42023,1630596,0042300132,"Apr 22, 2024",CLE vs. ORL,W,32,5,13,0.385,1,4,0.25,6,9,0.667,2,5,7,1,1,1,3,3,17,11,1,1630596
42023,1630596,0042300131,"Apr 20, 2024",CLE vs. ORL,W,36,6,12,0.5,2,4,0.5,2,2,1.0,2,9,11,2,0,3,1,3,16,5,1,1630596
42022,1630596,0042200135,"Apr 26, 2023",CLE vs. NYK,L,39,2,6,0.333,0,0,0.0,2,4,0.5,1,8,9,4,0,1,3,0,6,-14,1,1630596
42022,1630596,0042200134,"Apr 23, 2023",CLE @ NYK,L,35,5,8,0.625,0,0,0.0,2,2,1.0,3,4,7,3,0,2,2,6,12,2,1,1630596
42022,1630596,0042200133,"Apr 21, 2023",CLE @ NYK,L,37,5,10,0.5,0,1,0.0,0,0,0.0,4,6,10,1,0,1,3,3,10,-16,1,1630596
42022,1630596,0042200132,"Apr 18, 2023",CLE vs. NYK,W,39,6,11,0.545,0,0,0.0,1,2,0.5,2,11,13,0,2,2,2,3,13,15,1,1630596
42022,1630596,0042200131,"Apr 15, 2023",CLE vs. NYK,L,38,4,13,0.308,0,0,0.0,0,0,0.0,5,6,11,2,1,0,2,1,8,9,1,1630596
42024,202695,0042400177,"May 03, 2025",LAC @ DEN,L,33,6,13,0.462,2,4,0.5,8,9,0.889,1,4,5,2,0,2,1,3,22,-33,1,202695
42024,202695,0042400176,"May 01, 2025",LAC vs. DEN,W,39,11,22,0.5,2,8,0.25,3,4,0.75,4,6,10,5,0,0,1,0,27,14,1,202695
42024,202695,0042400175,"Apr 29, 2025",LAC @ DEN,L,37,8,15,0.533,1,4,0.25,3,7,0.429,2,7,9,11,1,2,1,2,20,-7,1,202695
42024,202695,0042400174,"Apr 26, 2025",LAC vs. DEN,L,40,10,22,0.455,2,5,0.4,2,3,0.667,1,8,9,2,2,0,2,3,24,-2,1,202695
42024,202695,0042400173,"Apr 24, 2025",LAC vs. DEN,W,35,7,17,0.412,3,6,0.5,4,5,0.8,2,9,11,6,0,0,2,0,21,18,1,202695
42024,202695,0042400172,"Apr 21, 2025",LAC @ DEN,W,39,15,19,0.789,4,7,0.571,5,5,1.0,0,3,3,5,2,1,1,1,39,6,1,202695
42024,202695,0042400171,"Apr 19, 2025",LAC @ DEN,L,41,9,15,0.6,1,3,0.333,3,3,1.0,1,5,6,2,3,0,7,3,22,-2,1,202695
42023,202695,0042300173,"Apr 26, 2024",LAC @ DAL,L,25,4,7,0.571,0,0,0.0,1,1,1.0,1,8,9,2,0,0,4,2,9,-4,1,202695
42023,202695,0042300172,"Apr 23, 2024",LAC vs. DAL,L,35,7,17,0.412,0,5,0.0,1,2,0.5,2,5,7,2,4,1,0,1,15,-8,1,202695
42022,202695,0042200172,"Apr 18, 2023",LAC @ PHX,L,39,11,20,0.55,3,5,0.6,6,7,0.857,3,5,8,7,3,0,3,1,31,-10,1,202695
42022,202695,0042200171,"Apr 16, 2023",LAC @ PHX,W,42,13,24,0.542,3,5,0.6,9,10,0.9,0,5,5,5,1,1,3,4,38,3,1,202695
42020,202695,0042000224,"Jun 14, 2021",LAC vs. UTA,W,34,9,19,0.474,3,7,0.429,10,13,0.769,2,5,7,3,2,1,2,3,31,14,1,202695
42020,202695,0042000223,"Jun 12, 2021",LAC vs. UTA,W,38,14,24,0.583,1,6,0.167,5,5,1.0,2,10,12,5,2,1,2,0,34,15,1,202695
42020,202695,0042000222,"Jun 10, 2021",LAC @ UTA,L,39,8,17,0.471,2,4,0.5,3,4,0.75,2,2,4,5,2,0,3,4,21,-8,1,202695
42020,202695,0042000221,"Jun 08, 2021",LAC @ UTA,L,36,9,19,0.474,1,4,0.25,4,4,1.0,3,4,7,3,1,0,0,4,23,-12,1,202695
42020,202695,0042000177,"Jun 06, 2021",LAC vs. DAL,W,42,10,15,0.667,1,3,0.333,7,7,1.0,1,9,10,9,4,1,0,5,28,8,1,202695
42020,202695,0042000176,"Jun 04, 2021",LAC @ DAL,W,42,18,25,0.72,5,9,0.556,4,4,1.0,2,4,6,3,2,0,4,1,45,8,1,202695
42020,202695,0042000175,"Jun 02, 2021",LAC vs. DAL,L,42,7,19,0.368,1,7,0.143,5,6,0.833,1,4,5,5,1,2,5,2,20,-8,1,202695
42020,202695,0042000174,"May 30, 2021",LAC @ DAL,W,35,11,15,0.733,2,3,0.667,5,6,0.833,3,7,10,3,2,2,3,4,29,27,1,202695
42020,202695,0042000173,"May 28, 2021",LAC @ DAL,W,42,13,17,0.765,3,5,0.6,7,7,1.0,2,6,8,3,1,2,3,2,36,6,1,202695
42020,202695,0042000172,"May 25, 2021",LAC vs. DAL,L,41,14,21,0.667,4,7,0.571,9,10,0.9,2,4,6,4,2,0,2,2,41,-7,1,202695
42020,202695,0042000171,"May 22, 2021",LAC vs. DAL,L,41,9,22,0.409,1,6,0.167,7,9,0.778,2,8,10,5,4,0,0,2,26,-15,1,202695
42019,202695,0041900237,"Sep 15, 2020",LAC vs. DEN,L,44,6,22,0.273,2,7,0.286,0,0,0.0,0,6,6,6,2,1,2,1,14,-21,1,202695
42019,202695,0041900236,"Sep 13, 2020",LAC @ DEN,L,41,8,18,0.444,3,5,0.6,6,7,0.857,2,6,8,5,2,1,2,1,25,-1,1,202695
42019,202695,0041900235,"Sep 11, 2020",LAC vs. DEN,L,39,12,24,0.5,5,12,0.417,7,7,1.0,2,7,9,4,3,0,3,2,36,-12,1,202695
42019,202695,0041900234,"Sep 09, 2020",LAC @ DEN,W,39,10,22,0.455,2,4,0.5,8,8,1.0,3,8,11,9,4,2,1,3,30,7,1,202695
42019,202695,0041900233,"Sep 07, 2020",LAC @ DEN,W,42,9,19,0.474,1,6,0.167,4,6,0.667,0,14,14,6,0,2,4,2,23,10,1,202695
42019,202695,0041900232,"Sep 05, 2020",LAC vs. DEN,L,39,4,17,0.235,0,3,0.0,5,7,0.714,4,6,10,8,3,1,4,2,13,-16,1,202695
42019,202695,0041900231,"Sep 03, 2020",LAC vs. DEN,W,32,12,16,0.75,1,2,0.5,4,4,1.0,0,2,2,3,2,1,2,1,29,20,1,202695
42019,202695,0041900156,"Aug 30, 2020",LAC @ DAL,W,40,14,23,0.609,1,4,0.25,4,4,1.0,4,10,14,7,5,0,3,4,33,15,1,202695
42019,202695,0041900155,"Aug 25, 2020",LAC vs. DAL,W,30,12,19,0.632,2,4,0.5,6,11,0.545,2,5,7,4,1,1,2,2,32,24,1,202695
42019,202695,0041900154,"Aug 23, 2020",LAC @ DAL,L,47,10,22,0.455,3,9,0.333,9,10,0.9,2,7,9,4,2,1,2,3,32,-13,1,202695
42019,202695,0041900153,"Aug 21, 2020",LAC @ DAL,W,39,13,24,0.542,1,4,0.25,9,10,0.9,1,8,9,8,2,1,2,3,36,1,1,202695
42019,202695,0041900152,"Aug 19, 2020",LAC vs. DAL,L,41,10,21,0.476,2,6,0.333,13,14,0.929,2,8,10,2,1,0,3,2,35,-7,1,202695
42019,202695,0041900151,"Aug 17, 2020",LAC vs. DAL,W,38,11,21,0.524,1,7,0.143,6,6,1.0,2,10,12,6,3,0,3,3,29,18,1,202695
42024,1627739,0042400177,"May 03, 2025",LAC @ DEN,L,16,1,4,0.25,1,2,0.5,0,0,0.0,0,1,1,1,2,0,1,1,3,12,1,1627739
42024,1627739,0042400176,"May 01, 2025",LAC vs. DEN,W,10,1,4,0.25,0,3,0.0,0,0,0.0,0,0,0,2,0,0,0,1,2,-5,1,1627739
42024,1627739,0042400175,"Apr 29, 2025",LAC @ DEN,L,25,6,7,0.857,3,4,0.75,0,0,0.0,0,0,0,2,2,1,0,3,15,-5,1,1627739
42024,1627739,0042400174,"Apr 26, 2025",LAC vs. DEN,L,21,1,9,0.111,1,6,0.167,0,0,0.0,4,2,6,1,0,0,0,2,3,-12,1,1627739
42024,1627739,0042400173,"Apr 24, 2025",LAC vs. DEN,W,22,2,5,0.4,2,4,0.5,0,0,0.0,4,4,8,0,0,1,0,4,6,8,1,1627739
42024,1627739,0042400172,"Apr 21, 2025",LAC @ DEN,W,29,2,7,0.286,1,4,0.25,0,0,0.0,2,4,6,2,3,1,0,3,5,1,1,1627739
42024,1627739,0042400171,"Apr 19, 2025",LAC @ DEN,L,31,4,8,0.5,2,5,0.4,0,0,0.0,0,3,3,1,1,1,0,4,10,-7,1,1627739
42020,1627739,0042000306,"Jul 03, 2021",ATL vs. MIL,L,1,0,0,0.0,0,0,0.0,0,0,0.0,0,0,0,0,0,0,0,0,0,0,1,1627739
42020,1627739,0042000305,"Jul 01, 2021",ATL @ MIL,L,8,0,1,0.0,0,0,0.0,0,0,0.0,0,1,1,1,1,0,2,3,0,6,1,1627739
42020,1627739,0042000304,"Jun 29, 2021",ATL vs. MIL,W,11,0,2,0.0,0,1,0.0,0,0,0.0,0,1,1,2,1,1,2,1,0,3,1,1627739
42020,1627739,0042000302,"Jun 25, 2021",ATL @ MIL,L,11,1,1,1.0,0,0,0.0,4,4,1.0,0,2,2,2,0,1,0,1,6,7,1,1627739
42020,1627739,0042000134,"May 30, 2021",ATL vs. NYK,W,3,0,1,0.0,0,0,0.0,0,0,0.0,0,1,1,0,0,0,0,0,0,-7,1,1627739
42024,1630311,0042400235,"May 14, 2025",GSW @ MIN,L,6,1,2,0.5,0,1,0.0,0,0,0.0,1,0,1,1,0,0,2,1,2,-5,1,1630311
42024,1630311,0042400234,"May 12, 2025",GSW vs. MIN,L,5,0,0,0.0,0,0,0.0,2,2,1.0,0,0,0,0,0,0,0,0,2,14,1,1630311
42024,1630311,0042400232,"May 08, 2025",GSW @ MIN,L,14,0,2,0.0,0,0,0.0,0,0,0.0,0,2,2,1,0,0,1,2,0,-20,1,1630311
42024,1630311,0042400231,"May 06, 2025",GSW @ MIN,W,11,2,4,0.5,0,0,0.0,0,0,0.0,2,0,2,0,2,0,1,2,4,-2,1,1630311
42024,1630311,0042400157,"May 04, 2025",GSW @ HOU,W,0,0,0,0.0,0,0,0.0,0,0,0.0,0,0,0,0,0,0,0,0,0,0,1,1630311
42024,1630311,0042400156,"May 02, 2025",GSW vs. HOU,L,2,3,3,1.0,0,0,0.0,0,0,0.0,0,1,1,1,0,0,0,1,6,7,1,1630311
42024,1630311,0042400155,"Apr 30, 2025",GSW @ HOU,L,14,5,7,0.714,0,1,0.0,1,1,1.0,2,2,4,2,1,0,2,1,11,13,1,1630311
42024,1630311,0042400152,"Apr 23, 2025",GSW @ HOU,L,12,5,7,0.714,1,1,1.0,0,0,0.0,0,1,1,1,0,0,0,2,11,-2,1,1630311
42023,1630631,0042300144,"Apr 29, 2024",NOP vs. OKC,L,15,1,4,0.25,0,3,0.0,0,0,0.0,0,2,2,4,3,1,2,0,2,4,1,1630631
42023,1630631,0042300143,"Apr 27, 2024",NOP vs. OKC,L,11,0,4,0.0,0,4,0.0,0,0,0.0,0,1,1,2,1,0,0,2,0,-2,1,1630631
42023,1630631,0042300142,"Apr 24, 2024",NOP @ OKC,L,17,0,5,0.0,0,3,0.0,0,0,0.0,0,1,1,2,0,0,1,1,0,-17,1,1630631
42023,1630631,0042300141,"Apr 21, 2024",NOP @ OKC,L,19,2,7,0.286,1,4,0.25,0,0,0.0,0,0,0,1,1,0,1,0,5,-6,1,1630631
42021,1630631,0042100146,"Apr 28, 2022",NOP vs. PHX,L,31,4,8,0.5,0,1,0.0,3,5,0.6,1,2,3,4,2,0,2,4,11,-3,1,1630631
42021,1630631,0042100145,"Apr 26, 2022",NOP @ PHX,L,20,3,8,0.375,2,6,0.333,4,4,1.0,1,0,1,0,2,0,0,3,12,-6,1,1630631
42021,1630631,0042100144,"Apr 24, 2022",NOP vs. PHX,W,18,1,4,0.25,0,3,0.0,3,4,0.75,0,2,2,1,2,0,2,3,5,1,1,1630631
42021,1630631,0042100143,"Apr 22, 2022",NOP vs. PHX,L,17,4,6,0.667,1,2,0.5,0,0,0.0,0,1,1,1,0,0,2,4,9,-15,1,1630631
42021,1630631,0042100142,"Apr 19, 2022",NOP @ PHX,W,17,3,3,1.0,2,2,1.0,0,0,0.0,0,0,0,3,1,0,1,3,8,3,1,1630631
42021,1630631,0042100141,"Apr 17, 2022",NOP @ PHX,L,14,1,4,0.25,1,2,0.5,0,0,0.0,0,1,1,0,0,1,0,1,3,-9,1,1630631
42024,1642263,0042400156,"May 02, 2025",HOU @ GSW,W,1,0,1,0.0,0,1,0.0,0,0,0.0,0,0,0,0,0,0,0,0,0,-6,1,1642263
42024,1642263,0042400155,"Apr 30, 2025",HOU vs. GSW,W,7,0,0,0.0,0,0,0.0,0,0,0.0,0,1,1,1,2,1,1,1,0,-15,1,1642263
42024,1642263,0042400152,"Apr 23, 2025",HOU vs. GSW,W,2,0,1,0.0,0,1,0.0,0,0,0.0,0,0,0,0,0,0,0,0,0,-5,1,1642263
42024,1641796,0042400104,"Apr 28, 2025",MIA vs. CLE,L,23,5,8,0.625,1,3,0.333,1,3,0.333,1,4,5,3,0,0,0,5,12,-18,1,1641796
42024,1641796,0042400103,"Apr 26, 2025",MIA vs. CLE,L,17,2,5,0.4,2,4,0.5,0,0,0.0,1,1,2,1,1,0,1,0,6,-22,1,1641796
42024,1641796,0042400102,"Apr 23, 2025",MIA @ CLE,L,11,1,2,0.5,0,1,0.0,0,0,0.0,0,2,2,0,0,0,1,1,2,-9,1,1641796
42024,1641796,0042400101,"Apr 20, 2025",MIA @ CLE,L,1,0,0,0.0,0,0,0.0,0,0,0.0,0,0,0,0,0,0,0,0,0,0,1,1641796
42021,202696,0042100125,"Apr 27, 2022",CHI @ MIL,L,37,8,15,0.533,3,9,0.333,0,0,0.0,2,14,16,6,0,2,3,5,19,-18,1,202696
42021,202696,0042100124,"Apr 24, 2022",CHI vs. MIL,L,38,5,14,0.357,1,6,0.167,0,0,0.0,1,9,10,2,0,1,0,1,11,-10,1,202696
42021,202696,0042100123,"Apr 22, 2022",CHI vs. MIL,L,30,8,17,0.471,3,9,0.333,0,0,0.0,0,6,6,3,0,1,0,0,19,-19,1,202696
42021,202696,0042100122,"Apr 20, 2022",CHI @ MIL,W,36,10,18,0.556,4,8,0.5,0,0,0.0,3,10,13,2,1,0,2,5,24,13,1,202696
42021,202696,0042100121,"Apr 17, 2022",CHI @ MIL,L,39,9,27,0.333,2,10,0.2,4,5,0.8,8,9,17,3,1,2,3,3,24,-5,1,202696
42019,202696,0041900105,"Aug 29, 2020",ORL @ MIL,L,40,9,25,0.36,3,10,0.3,1,2,0.5,2,13,15,5,1,0,1,2,22,-26,1,202696
42019,202696,0041900104,"Aug 24, 2020",ORL vs. MIL,L,38,11,20,0.55,6,10,0.6,3,3,1.0,1,10,11,7,0,2,1,3,31,-8,1,202696
42019,202696,0041900103,"Aug 22, 2020",ORL vs. MIL,L,36,8,19,0.421,2,8,0.25,2,2,1.0,1,4,5,2,2,0,3,3,20,-20,1,202696
42019,202696,0041900102,"Aug 20, 2020",ORL @ MIL,L,35,13,23,0.565,2,8,0.25,4,4,1.0,2,8,10,2,0,1,3,2,32,-8,1,202696
42019,202696,0041900101,"Aug 18, 2020",ORL @ MIL,W,37,15,24,0.625,5,8,0.625,0,0,0.0,3,11,14,4,1,0,5,3,35,14,1,202696
42023,1630230,0042300144,"Apr 29, 2024",NOP vs. OKC,L,22,5,9,0.556,4,7,0.571,2,2,1.0,1,2,3,1,0,1,1,4,16,0,1,1630230
42023,1630230,0042300143,"Apr 27, 2024",NOP vs. OKC,L,21,2,6,0.333,1,2,0.5,0,0,0.0,1,1,2,0,0,0,1,1,5,-18,1,1630230
42023,1630230,0042300142,"Apr 24, 2024",NOP @ OKC,L,25,3,6,0.5,0,2,0.0,4,4,1.0,0,2,2,0,1,0,0,3,10,-14,1,1630230
42023,1630230,0042300141,"Apr 21, 2024",NOP @ OKC,L,16,2,7,0.286,1,4,0.25,0,0,0.0,1,3,4,4,1,1,0,1,5,1,1,1630230
42021,1630230,0042100146,"Apr 28, 2022",NOP vs. PHX,L,4,0,0,0.0,0,0,0.0,0,0,0.0,1,1,2,0,0,0,0,0,0,-2,1,1630230
42021,1630230,0042100145,"Apr 26, 2022",NOP @ PHX,L,7,2,4,0.5,0,0,0.0,0,0,0.0,1,1,2,0,0,0,1,1,4,2,1,1630230
42021,1630230,0042100144,"Apr 24, 2022",NOP vs. PHX,W,10,1,1,1.0,0,0,0.0,4,4,1.0,0,0,0,1,1,0,1,0,6,-6,1,1630230
42021,1630230,0042100143,"Apr 22, 2022",NOP vs. PHX,L,11,1,1,1.0,0,0,0.0,0,0,0.0,0,1,1,3,0,0,0,4,2,7,1,1630230
42021,1630230,0042100142,"Apr 19, 2022",NOP @ PHX,W,8,0,0,0.0,0,0,0.0,0,0,0.0,0,0,0,0,0,1,0,0,0,0,1,1630230
42021,1630230,0042100141,"Apr 17, 2022",NOP @ PHX,L,15,3,4,0.75,0,0,0.0,0,0,0.0,1,0,1,1,0,0,1,0,6,-1,1,1630230
42022,1629656,0042200206,"May 12, 2023",NYK @ MIA,L,32,1,6,0.167,1,6,0.167,0,0,0.0,0,2,2,3,0,0,1,1,3,3,1,1629656
42022,1629656,0042200205,"May 10, 2023",NYK vs. MIA,W,48,3,8,0.375,2,6,0.333,0,0,0.0,0,4,4,5,2,2,4,3,8,9,1,1629656
42022,1629656,0042200204,"May 08, 2023",NYK @ MIA,L,42,3,8,0.375,3,7,0.429,0,0,0.0,0,5,5,2,2,0,2,2,9,-4,1,1629656
42022,1629656,0042200203,"May 06, 2023",NYK @ MIA,L,22,3,7,0.429,1,4,0.25,1,1,1.0,1,0,1,0,1,0,1,2,8,-5,1,1629656
42022,1629656,0042200202,"May 02, 2023",NYK vs. MIA,W,26,1,3,0.333,0,2,0.0,1,1,1.0,0,3,3,0,0,1,0,2,3,3,1,1629656
42022,1629656,0042200201,"Apr 30, 2023",NYK vs. MIA,L,10,1,3,0.333,1,3,0.333,1,2,0.5,0,0,0,0,1,0,0,2,4,1,1,1629656
42022,1629656,0042200133,"Apr 21, 2023",NYK vs. CLE,W,13,1,5,0.2,0,3,0.0,0,0,0.0,1,1,2,0,0,1,0,1,2,9,1,1629656
42022,1629656,0042200132,"Apr 18, 2023",NYK @ CLE,L,22,0,2,0.0,0,2,0.0,4,5,0.8,0,3,3,2,3,0,2,1,4,-8,1,1629656
42022,1629656,0042200131,"Apr 15, 2023",NYK @ CLE,W,27,1,4,0.25,1,4,0.25,2,2,1.0,1,4,5,1,0,1,0,3,5,10,1,1629656
42024,1641854,0042400204,"May 11, 2025",CLE @ IND,L,10,2,4,0.5,0,1,0.0,0,0,0.0,1,1,2,4,1,0,0,0,4,14,1,1641854
42024,1641854,0042400203,"May 09, 2025",CLE @ IND,W,3,1,1,1.0,0,0,0.0,0,0,0.0,0,1,1,0,0,0,0,0,2,-1,1,1641854
42024,1641854,0042400202,"May 06, 2025",CLE vs. IND,L,4,1,2,0.5,0,1,0.0,0,0,0.0,0,0,0,0,1,1,0,0,2,-4,1,1641854
42024,1641854,0042400104,"Apr 28, 2025",CLE @ MIA,W,12,2,4,0.5,0,1,0.0,0,0,0.0,1,1,2,4,0,1,1,2,4,7,1,1641854
42024,1641854,0042400103,"Apr 26, 2025",CLE @ MIA,W,5,0,0,0.0,0,0,0.0,0,0,0.0,0,0,0,1,1,0,1,0,0,8,1,1641854
42024,1641854,0042400101,"Apr 20, 2025",CLE vs. MIA,W,1,0,1,0.0,0,0,0.0,0,0,0.0,1,0,1,0,0,0,0,0,0,0,1,1641854
42024,1628389,0042400104,"Apr 28, 2025",MIA vs. CLE,L,32,6,13,0.462,1,4,0.25,0,1,0.0,3,9,12,4,1,0,3,3,13,-33,1,1628389
42024,1628389,0042400103,"Apr 26, 2025",MIA vs. CLE,L,40,9,20,0.45,4,7,0.571,0,0,0.0,4,5,9,1,0,0,6,2,22,-28,1,1628389
42024,1628389,0042400102,"Apr 23, 2025",MIA @ CLE,L,42,3,9,0.333,1,5,0.2,4,4,1.0,5,9,14,9,1,0,2,3,11,1,1,1628389
42024,1628389,0042400101,"Apr 20, 2025",MIA @ CLE,L,39,10,22,0.455,1,5,0.2,3,6,0.5,4,5,9,3,2,1,1,1,24,-13,1,1628389
42023,1628389,0042300105,"May 01, 2024",MIA @ BOS,L,36,10,26,0.385,1,3,0.333,2,2,1.0,0,5,5,6,2,0,3,1,23,-32,1,1628389
42023,1628389,0042300104,"Apr 29, 2024",MIA vs. BOS,L,42,11,22,0.5,1,3,0.333,2,3,0.667,4,13,17,5,0,0,3,5,25,-9,1,1628389
42023,1628389,0042300103,"Apr 27, 2024",MIA vs. BOS,L,39,8,18,0.444,0,1,0.0,4,6,0.667,5,4,9,3,0,0,0,2,20,-9,1,1628389
42023,1628389,0042300102,"Apr 24, 2024",MIA @ BOS,W,40,9,13,0.692,0,1,0.0,3,6,0.5,2,8,10,2,0,0,0,3,21,20,1,1628389
42023,1628389,0042300101,"Apr 21, 2024",MIA @ BOS,L,36,10,18,0.556,0,2,0.0,4,4,1.0,0,6,6,3,0,0,2,4,24,-6,1,1628389
42022,1628389,0042200405,"Jun 12, 2023",MIA @ DEN,L,44,9,20,0.45,0,0,0.0,2,2,1.0,5,7,12,1,1,0,1,2,20,-3,1,1628389
42022,1628389,0042200404,"Jun 09, 2023",MIA vs. DEN,L,44,8,19,0.421,0,0,0.0,4,4,1.0,2,9,11,3,0,1,7,1,20,-18,1,1628389
42022,1628389,0042200403,"Jun 07, 2023",MIA vs. DEN,L,41,7,21,0.333,0,0,0.0,8,10,0.8,6,11,17,3,0,1,0,2,22,-20,1,1628389
42022,1628389,0042200402,"Jun 04, 2023",MIA @ DEN,W,40,8,14,0.571,0,0,0.0,5,5,1.0,0,9,9,4,0,2,3,4,21,17,1,1628389
42022,1628389,0042200401,"Jun 01, 2023",MIA @ DEN,L,40,13,25,0.52,0,1,0.0,0,0,0.0,4,9,13,5,0,0,1,4,26,-6,1,1628389
42022,1628389,0042200307,"May 29, 2023",MIA @ BOS,W,43,4,10,0.4,0,0,0.0,4,4,1.0,1,9,10,7,0,1,4,3,12,22,1,1628389
42022,1628389,0042200306,"May 27, 2023",MIA vs. BOS,L,46,4,16,0.25,0,0,0.0,3,4,0.75,7,6,13,5,1,1,0,0,11,6,1,1628389
42022,1628389,0042200305,"May 25, 2023",MIA @ BOS,L,32,8,15,0.533,0,0,0.0,0,0,0.0,2,6,8,3,2,1,6,2,16,-15,1,1628389
42022,1628389,0042200304,"May 23, 2023",MIA vs. BOS,L,35,4,7,0.571,0,0,0.0,2,4,0.5,1,4,5,0,1,0,4,4,10,-21,1,1628389
42022,1628389,0042200303,"May 21, 2023",MIA vs. BOS,W,26,4,5,0.8,0,0,0.0,5,6,0.833,0,3,3,2,1,1,3,3,13,30,1,1628389
42022,1628389,0042200302,"May 19, 2023",MIA @ BOS,W,38,7,17,0.412,0,0,0.0,8,8,1.0,2,15,17,9,0,0,1,5,22,14,1,1628389
42022,1628389,0042200301,"May 17, 2023",MIA @ BOS,W,37,9,13,0.692,0,0,0.0,2,5,0.4,2,6,8,5,1,0,3,3,20,18,1,1628389
42022,1628389,0042200206,"May 12, 2023",MIA vs. NYK,W,39,9,20,0.45,0,0,0.0,5,5,1.0,3,6,9,1,2,1,2,3,23,-6,1,1628389
42022,1628389,0042200205,"May 10, 2023",MIA @ NYK,L,39,7,11,0.636,0,1,0.0,4,4,1.0,5,3,8,2,1,1,2,5,18,-11,1,1628389
42022,1628389,0042200204,"May 08, 2023",MIA vs. NYK,W,38,10,17,0.588,0,0,0.0,3,5,0.6,3,10,13,2,1,0,4,2,23,7,1,1628389
42022,1628389,0042200203,"May 06, 2023",MIA vs. NYK,W,36,7,14,0.5,0,0,0.0,3,4,0.75,4,8,12,0,0,1,1,4,17,11,1,1628389
42022,1628389,0042200202,"May 02, 2023",MIA @ NYK,L,38,5,10,0.5,0,0,0.0,5,7,0.714,2,6,8,6,0,1,1,5,15,-9,1,1628389
42022,1628389,0042200201,"Apr 30, 2023",MIA @ NYK,W,37,7,13,0.538,0,0,0.0,2,2,1.0,3,5,8,2,0,0,2,1,16,3,1,1628389
42022,1628389,0042200105,"Apr 26, 2023",MIA @ MIL,W,40,8,20,0.4,0,1,0.0,4,5,0.8,5,5,10,10,2,1,3,6,20,17,1,1628389
42022,1628389,0042200104,"Apr 24, 2023",MIA vs. MIL,W,30,6,16,0.375,0,0,0.0,3,3,1.0,2,6,8,2,1,1,3,3,15,-1,1,1628389
42022,1628389,0042200103,"Apr 22, 2023",MIA vs. MIL,W,30,4,10,0.4,0,0,0.0,4,4,1.0,2,9,11,5,2,1,3,4,12,23,1,1628389
42022,1628389,0042200102,"Apr 19, 2023",MIA @ MIL,L,25,9,16,0.563,0,0,0.0,0,1,0.0,1,4,5,1,1,0,3,1,18,-20,1,1628389
42022,1628389,0042200101,"Apr 16, 2023",MIA @ MIL,W,33,10,18,0.556,0,0,0.0,2,3,0.667,1,8,9,7,2,0,5,4,22,4,1,1628389
42021,1628389,0042100307,"May 29, 2022",MIA vs. BOS,L,46,12,21,0.571,0,0,0.0,1,3,0.333,4,7,11,4,0,0,0,4,25,-8,1,1628389
42021,1628389,0042100306,"May 27, 2022",MIA @ BOS,W,41,3,6,0.5,0,0,0.0,0,0,0.0,3,6,9,2,1,0,4,1,6,12,1,1628389
42021,1628389,0042100305,"May 25, 2022",MIA vs. BOS,L,38,8,15,0.533,0,0,0.0,2,2,1.0,6,4,10,1,0,1,1,3,18,-23,1,1628389
42021,1628389,0042100304,"May 23, 2022",MIA @ BOS,L,28,3,5,0.6,0,0,0.0,3,5,0.6,1,5,6,2,0,0,3,4,9,-16,1,1628389
42021,1628389,0042100303,"May 21, 2022",MIA @ BOS,W,42,15,22,0.682,0,1,0.0,1,1,1.0,2,8,10,6,4,1,1,3,31,17,1,1628389
42021,1628389,0042100302,"May 19, 2022",MIA vs. BOS,L,29,3,6,0.5,0,0,0.0,0,1,0.0,3,6,9,2,0,0,1,3,6,-5,1,1628389
42021,1628389,0042100301,"May 17, 2022",MIA vs. BOS,W,37,3,4,0.75,0,0,0.0,4,5,0.8,0,4,4,1,0,4,2,4,10,-5,1,1628389
42021,1628389,0042100206,"May 12, 2022",MIA @ PHI,W,34,5,5,1.0,0,0,0.0,0,0,0.0,1,7,8,0,2,1,3,2,10,20,1,1628389
42021,1628389,0042100205,"May 10, 2022",MIA vs. PHI,W,28,4,7,0.571,0,0,0.0,4,7,0.571,1,5,6,0,1,2,0,1,12,22,1,1628389
42021,1628389,0042100204,"May 08, 2022",MIA @ PHI,L,33,9,12,0.75,0,0,0.0,3,3,1.0,1,6,7,4,0,0,1,4,21,-5,1,1628389
42021,1628389,0042100203,"May 06, 2022",MIA @ PHI,L,34,2,9,0.222,0,0,0.0,5,8,0.625,0,3,3,1,2,0,3,5,9,-22,1,1628389
42021,1628389,0042100202,"May 04, 2022",MIA vs. PHI,W,33,7,11,0.636,0,0,0.0,9,11,0.818,3,6,9,3,1,0,1,3,23,15,1,1628389
42021,1628389,0042100201,"May 02, 2022",MIA vs. PHI,W,34,8,10,0.8,0,0,0.0,8,8,1.0,3,9,12,4,2,1,3,2,24,26,1,1628389
42021,1628389,0042100105,"Apr 26, 2022",MIA vs. ATL,W,41,7,11,0.636,0,0,0.0,6,8,0.75,2,9,11,4,1,1,3,4,20,5,1,1628389
42021,1628389,0042100104,"Apr 24, 2022",MIA @ ATL,W,30,6,11,0.545,0,0,0.0,2,3,0.667,4,4,8,1,0,0,1,4,14,8,1,1628389
42021,1628389,0042100103,"Apr 22, 2022",MIA @ ATL,L,35,5,9,0.556,0,0,0.0,3,3,1.0,2,9,11,5,3,0,3,2,13,11,1,1628389
42021,1628389,0042100102,"Apr 19, 2022",MIA vs. ATL,W,24,3,6,0.5,0,0,0.0,3,4,0.75,1,3,4,3,0,1,4,4,9,-1,1,1628389
42021,1628389,0042100101,"Apr 17, 2022",MIA vs. ATL,W,28,1,5,0.2,0,0,0.0,4,4,1.0,0,6,6,5,1,1,4,2,6,27,1,1628389
42020,1628389,0042000124,"May 29, 2021",MIA vs. MIL,L,35,10,17,0.588,0,0,0.0,0,0,0.0,7,7,14,4,1,1,4,3,20,-22,1,1628389
42020,1628389,0042000123,"May 27, 2021",MIA vs. MIL,L,32,7,14,0.5,0,0,0.0,3,3,1.0,3,5,8,4,1,1,2,2,17,-12,1,1628389
42020,1628389,0042000122,"May 24, 2021",MIA @ MIL,L,29,5,11,0.455,0,0,0.0,6,9,0.667,0,3,3,4,0,0,4,1,16,-18,1,1628389
42020,1628389,0042000121,"May 22, 2021",MIA @ MIL,L,41,4,15,0.267,0,0,0.0,1,1,1.0,4,8,12,5,3,0,1,5,9,5,1,1628389
42019,1628389,0041900406,"Oct 11, 2020",MIA vs. LAL,L,42,10,15,0.667,0,0,0.0,5,9,0.556,1,9,10,5,0,2,2,2,25,-21,1,1628389
42019,1628389,0041900405,"Oct 09, 2020",MIA @ LAL,W,38,5,12,0.417,0,0,0.0,3,4,0.75,1,3,4,4,0,1,3,3,13,2,1,1628389
42019,1628389,0041900404,"Oct 06, 2020",MIA vs. LAL,L,33,6,8,0.75,0,0,0.0,3,5,0.6,2,5,7,1,1,0,3,4,15,3,1,1628389
42019,1628389,0041900401,"Sep 30, 2020",MIA @ LAL,L,21,2,8,0.25,0,0,0.0,4,6,0.667,2,2,4,0,0,0,0,2,8,-12,1,1628389
42019,1628389,0041900306,"Sep 27, 2020",MIA vs. BOS,W,39,11,15,0.733,0,0,0.0,10,11,0.909,1,13,14,5,1,0,2,3,32,0,1,1628389
42019,1628389,0041900305,"Sep 25, 2020",MIA @ BOS,L,38,5,11,0.455,0,0,0.0,3,4,0.75,1,7,8,8,1,1,2,5,13,-15,1,1628389
42019,1628389,0041900304,"Sep 23, 2020",MIA vs. BOS,W,41,7,11,0.636,0,1,0.0,6,8,0.75,3,9,12,4,2,0,3,3,20,8,1,1628389
42019,1628389,0041900303,"Sep 19, 2020",MIA vs. BOS,L,38,10,14,0.714,0,0,0.0,7,9,0.778,4,12,16,1,3,2,3,4,27,1,1,1628389
42019,1628389,0041900302,"Sep 17, 2020",MIA @ BOS,W,35,10,16,0.625,0,0,0.0,1,2,0.5,3,7,10,4,2,1,2,4,21,8,1,1628389
42019,1628389,0041900301,"Sep 15, 2020",MIA @ BOS,W,43,5,12,0.417,0,0,0.0,8,11,0.727,1,5,6,9,1,2,3,1,18,12,1,1628389
42019,1628389,0041900205,"Sep 08, 2020",MIA @ MIL,W,31,4,9,0.444,0,0,0.0,5,6,0.833,1,5,6,2,0,0,5,2,13,0,1,1628389
42019,1628389,0041900204,"Sep 06, 2020",MIA vs. MIL,L,44,10,13,0.769,0,0,0.0,6,6,1.0,4,8,12,8,1,0,1,1,26,-4,1,1628389
42019,1628389,0041900203,"Sep 04, 2020",MIA vs. MIL,W,36,7,8,0.875,0,0,0.0,6,7,0.857,2,14,16,3,0,2,2,4,20,14,1,1628389
42019,1628389,0041900202,"Sep 02, 2020",MIA @ MIL,W,33,4,8,0.5,0,0,0.0,7,8,0.875,3,6,9,3,1,0,2,6,15,0,1,1628389
42019,1628389,0041900201,"Aug 31, 2020",MIA @ MIL,W,38,5,12,0.417,0,0,0.0,2,2,1.0,6,11,17,6,2,0,2,3,12,10,1,1628389
42019,1628389,0041900134,"Aug 24, 2020",MIA vs. IND,W,37,6,16,0.375,0,0,0.0,2,2,1.0,6,13,19,6,1,1,6,2,14,5,1,1628389
42019,1628389,0041900133,"Aug 22, 2020",MIA vs. IND,W,33,7,11,0.636,0,0,0.0,8,9,0.889,2,9,11,5,1,0,6,3,22,8,1,1628389
42019,1628389,0041900132,"Aug 20, 2020",MIA @ IND,W,32,3,7,0.429,0,0,0.0,1,2,0.5,0,5,5,4,2,1,0,4,7,19,1,1628389
42019,1628389,0041900131,"Aug 18, 2020",MIA @ IND,W,35,7,14,0.5,0,0,0.0,3,4,0.75,4,6,10,6,0,3,0,2,17,23,1,1628389
42024,1641709,0042400126,"May 01, 2025",DET vs. NYK,L,23,5,7,0.714,0,0,0.0,7,10,0.7,3,3,6,1,3,2,0,3,17,-7,1,1641709
42024,1641709,0042400125,"Apr 29, 2025",DET @ NYK,W,29,8,10,0.8,0,1,0.0,6,12,0.5,1,6,7,0,0,2,0,5,22,9,1,1641709
42024,1641709,0042400124,"Apr 27, 2025",DET vs. NYK,L,22,3,7,0.429,0,1,0.0,2,2,1.0,0,4,4,0,1,1,4,2,8,8,1,1641709
42024,1641709,0042400123,"Apr 24, 2025",DET vs. NYK,L,18,2,3,0.667,0,0,0.0,3,5,0.6,1,2,3,4,1,0,2,4,7,-7,1,1641709
42024,1641709,0042400122,"Apr 21, 2025",DET @ NYK,W,21,2,7,0.286,0,0,0.0,1,4,0.25,3,2,5,0,2,0,2,6,5,3,1,1641709
42024,1641709,0042400121,"Apr 19, 2025",DET @ NYK,L,23,4,8,0.5,0,0,0.0,2,3,0.667,0,6,6,1,0,0,3,5,10,0,1,1641709
42022,1630168,0042200116,"Apr 27, 2023",ATL vs. BOS,L,20,3,4,0.75,0,0,0.0,0,3,0.0,3,8,11,2,0,2,1,2,6,6,1,1630168
42022,1630168,0042200115,"Apr 25, 2023",ATL @ BOS,W,27,4,6,0.667,1,1,1.0,0,0,0.0,1,3,4,3,1,1,1,2,9,8,1,1630168
42022,1630168,0042200114,"Apr 23, 2023",ATL vs. BOS,L,18,2,4,0.5,0,0,0.0,2,3,0.667,3,1,4,0,1,0,3,5,6,-8,1,1630168
42022,1630168,0042200113,"Apr 21, 2023",ATL vs. BOS,W,23,2,2,1.0,0,0,0.0,0,0,0.0,2,3,5,1,0,3,2,5,4,4,1,1630168
42022,1630168,0042200112,"Apr 18, 2023",ATL @ BOS,L,24,4,5,0.8,0,0,0.0,0,0,0.0,5,4,9,1,0,2,0,1,8,-17,1,1630168
42022,1630168,0042200111,"Apr 15, 2023",ATL @ BOS,L,19,0,4,0.0,0,0,0.0,3,4,0.75,5,0,5,0,0,0,0,3,3,-7,1,1630168
42021,1630168,0042100105,"Apr 26, 2022",ATL @ MIA,L,26,2,5,0.4,0,0,0.0,4,5,0.8,3,2,5,1,2,0,0,4,8,12,1,1630168
42021,1630168,0042100104,"Apr 24, 2022",ATL vs. MIA,L,19,1,2,0.5,0,0,0.0,2,2,1.0,3,2,5,0,0,1,2,4,4,0,1,1630168
42021,1630168,0042100103,"Apr 22, 2022",ATL vs. MIA,W,24,4,4,1.0,0,0,0.0,1,1,1.0,2,4,6,0,1,2,1,4,9,19,1,1630168
42021,1630168,0042100102,"Apr 19, 2022",ATL @ MIA,L,19,1,2,0.5,0,0,0.0,0,0,0.0,0,4,4,0,1,0,1,3,2,-4,1,1630168
42021,1630168,0042100101,"Apr 17, 2022",ATL @ MIA,L,21,1,3,0.333,0,0,0.0,1,2,0.5,3,4,7,1,0,1,0,4,3,-29,1,1630168
42020,1630168,0042000306,"Jul 03, 2021",ATL vs. MIL,L,12,0,1,0.0,0,1,0.0,3,4,0.75,2,0,2,0,0,1,0,1,3,-11,1,1630168
42020,1630168,0042000305,"Jul 01, 2021",ATL @ MIL,L,16,2,3,0.667,0,0,0.0,2,4,0.5,4,2,6,0,0,0,0,1,6,4,1,1630168
42020,1630168,0042000304,"Jun 29, 2021",ATL vs. MIL,W,15,3,3,1.0,0,0,0.0,1,1,1.0,1,2,3,0,0,1,0,2,7,-1,1,1630168
42020,1630168,0042000303,"Jun 27, 2021",ATL vs. MIL,L,9,2,2,1.0,0,0,0.0,0,0,0.0,0,2,2,0,1,1,0,3,4,-10,1,1630168
42020,1630168,0042000302,"Jun 25, 2021",ATL @ MIL,L,13,2,4,0.5,0,0,0.0,0,0,0.0,1,2,3,0,1,0,1,1,4,-5,1,1630168
42020,1630168,0042000301,"Jun 23, 2021",ATL @ MIL,W,3,0,0,0.0,0,0,0.0,0,0,0.0,1,0,1,0,0,1,0,0,0,-6,1,1630168
42020,1630168,0042000207,"Jun 20, 2021",ATL @ PHI,W,16,0,1,0.0,0,0,0.0,1,2,0.5,1,2,3,1,0,0,0,3,1,9,1,1630168
42020,1630168,0042000206,"Jun 18, 2021",ATL vs. PHI,L,10,2,3,0.667,0,0,0.0,0,2,0.0,1,1,2,0,0,1,0,0,4,-6,1,1630168
42020,1630168,0042000205,"Jun 16, 2021",ATL @ PHI,W,8,2,2,1.0,0,0,0.0,2,2,1.0,2,3,5,0,1,1,0,1,6,12,1,1630168
42020,1630168,0042000204,"Jun 14, 2021",ATL vs. PHI,W,6,1,3,0.333,0,0,0.0,2,2,1.0,1,2,3,0,0,2,0,1,4,0,1,1630168
42020,1630168,0042000203,"Jun 11, 2021",ATL vs. PHI,L,9,1,4,0.25,0,0,0.0,0,0,0.0,0,2,2,0,0,0,0,1,2,-8,1,1630168
42020,1630168,0042000202,"Jun 08, 2021",ATL @ PHI,L,6,0,1,0.0,0,0,0.0,0,0,0.0,1,1,2,0,0,1,0,2,0,0,1,1630168
42020,1630168,0042000201,"Jun 06, 2021",ATL @ PHI,W,12,1,1,1.0,0,0,0.0,0,0,0.0,0,3,3,1,2,1,1,4,2,13,1,1630168
42020,1630168,0042000135,"Jun 02, 2021",ATL @ NYK,W,6,1,1,1.0,0,0,0.0,0,0,0.0,4,0,4,0,0,2,0,1,2,2,1,1630168
42020,1630168,0042000134,"May 30, 2021",ATL vs. NYK,W,11,0,2,0.0,0,0,0.0,2,2,1.0,2,1,3,0,0,0,1,3,2,-8,1,1630168
42020,1630168,0042000133,"May 28, 2021",ATL vs. NYK,W,6,0,0,0.0,0,0,0.0,0,0,0.0,0,2,2,0,0,1,1,2,0,-3,1,1630168
42020,1630168,0042000132,"May 26, 2021",ATL @ NYK,L,6,0,0,0.0,0,0,0.0,1,2,0.5,0,2,2,0,0,0,0,1,1,-2,1,1630168
42020,1630168,0042000131,"May 23, 2021",ATL @ NYK,W,3,0,0,0.0,0,0,0.0,0,0,0.0,0,0,0,0,0,0,0,1,0,-3,1,1630168
42023,1629611,0042300176,"May 03, 2024",LAC @ DAL,L,39,5,9,0.556,2,4,0.5,2,2,1.0,5,1,6,3,0,0,2,5,14,-3,1,1629611
42023,1629611,0042300175,"May 01, 2024",LAC vs. DAL,L,32,5,10,0.5,1,4,0.25,0,0,0.0,3,4,7,1,0,0,0,3,11,-23,1,1629611
42023,1629611,0042300174,"Apr 28, 2024",LAC @ DAL,W,35,3,9,0.333,3,6,0.5,2,2,1.0,1,2,3,2,0,0,1,4,11,4,1,1629611
42023,1629611,0042300173,"Apr 26, 2024",LAC @ DAL,L,23,0,3,0.0,0,2,0.0,2,2,1.0,3,0,3,2,0,0,0,3,2,-11,1,1629611
42023,1629611,0042300172,"Apr 23, 2024",LAC vs. DAL,L,21,2,7,0.286,1,3,0.333,0,0,0.0,1,1,2,1,0,0,1,1,5,-4,1,1629611
42023,1629611,0042300171,"Apr 21, 2024",LAC vs. DAL,W,39,4,8,0.5,3,3,1.0,2,2,1.0,4,5,9,2,0,0,1,3,13,12,1,1629611
42022,1629611,0042200175,"Apr 25, 2023",LAC @ PHX,L,27,4,9,0.444,2,6,0.333,0,2,0.0,2,3,5,2,0,0,1,2,10,11,1,1629611
42022,1629611,0042200174,"Apr 22, 2023",LAC vs. PHX,L,30,5,9,0.556,3,4,0.75,0,0,0.0,1,1,2,4,1,1,1,3,13,-2,1,1629611
42022,1629611,0042200173,"Apr 20, 2023",LAC vs. PHX,L,26,4,6,0.667,2,4,0.5,0,0,0.0,1,2,3,3,2,0,1,5,10,0,1,1629611
42022,1629611,0042200172,"Apr 18, 2023",LAC @ PHX,L,26,3,3,1.0,2,2,1.0,2,2,1.0,1,1,2,0,0,0,2,4,10,-3,1,1629611
42022,1629611,0042200171,"Apr 16, 2023",LAC @ PHX,W,24,3,6,0.5,0,3,0.0,4,5,0.8,2,2,4,2,1,0,4,3,10,13,1,1629611
42020,1629611,0042000316,"Jun 30, 2021",LAC vs. PHX,L,29,2,7,0.286,0,3,0.0,1,2,0.5,2,1,3,0,0,0,1,3,5,-10,1,1629611
42020,1629611,0042000315,"Jun 28, 2021",LAC @ PHX,W,26,2,8,0.25,0,2,0.0,0,0,0.0,0,2,2,2,1,0,0,0,4,-6,1,1629611
42020,1629611,0042000314,"Jun 26, 2021",LAC vs. PHX,L,33,4,9,0.444,1,2,0.5,3,5,0.6,2,2,4,0,1,0,1,4,12,1,1,1629611
42020,1629611,0042000313,"Jun 24, 2021",LAC vs. PHX,W,32,6,8,0.75,0,1,0.0,0,0,0.0,2,3,5,2,0,1,0,4,12,17,1,1629611
42020,1629611,0042000312,"Jun 22, 2021",LAC @ PHX,L,19,3,5,0.6,1,3,0.333,1,2,0.5,0,1,1,1,1,0,0,5,8,-3,1,1629611
42020,1629611,0042000311,"Jun 20, 2021",LAC @ PHX,L,27,3,4,0.75,3,3,1.0,0,0,0.0,1,3,4,1,1,0,0,4,9,7,1,1629611
42020,1629611,0042000226,"Jun 18, 2021",LAC vs. UTA,W,36,15,21,0.714,7,10,0.7,2,2,1.0,1,1,2,1,2,0,0,4,39,8,1,1629611
42020,1629611,0042000225,"Jun 16, 2021",LAC @ UTA,W,26,4,8,0.5,1,5,0.2,4,5,0.8,1,1,2,2,2,0,0,2,13,15,1,1629611
42020,1629611,0042000224,"Jun 14, 2021",LAC vs. UTA,W,15,1,5,0.2,0,2,0.0,1,1,1.0,1,3,4,0,0,0,0,2,3,15,1,1629611
42020,1629611,0042000223,"Jun 12, 2021",LAC vs. UTA,W,22,2,5,0.4,1,2,0.5,2,2,1.0,1,3,4,1,0,0,1,3,7,21,1,1629611
42020,1629611,0042000222,"Jun 10, 2021",LAC @ UTA,L,1,0,0,0.0,0,0,0.0,0,0,0.0,0,0,0,0,0,0,0,0,0,3,1,1629611
42020,1629611,0042000221,"Jun 08, 2021",LAC @ UTA,L,8,1,2,0.5,0,0,0.0,0,0,0.0,0,1,1,1,0,0,0,0,2,4,1,1629611
42020,1629611,0042000177,"Jun 06, 2021",LAC vs. DAL,W,26,5,10,0.5,2,3,0.667,1,1,1.0,1,4,5,1,1,0,0,3,13,14,1,1629611
42020,1629611,0042000176,"Jun 04, 2021",LAC @ DAL,W,11,0,0,0.0,0,0,0.0,0,0,0.0,0,0,0,0,0,0,0,1,0,1,1,1629611
42020,1629611,0042000175,"Jun 02, 2021",LAC vs. DAL,L,15,2,2,1.0,0,0,0.0,0,2,0.0,0,3,3,0,1,2,0,1,4,-4,1,1629611
42020,1629611,0042000174,"May 30, 2021",LAC @ DAL,W,15,0,2,0.0,0,1,0.0,1,2,0.5,1,0,1,0,0,0,0,1,1,0,1,1629611
42020,1629611,0042000173,"May 28, 2021",LAC @ DAL,W,19,1,3,0.333,0,0,0.0,2,2,1.0,1,5,6,2,0,2,0,2,4,18,1,1629611
42020,1629611,0042000172,"May 25, 2021",LAC vs. DAL,L,15,3,5,0.6,0,0,0.0,2,2,1.0,3,2,5,0,0,0,1,2,8,5,1,1629611
42020,1629611,0042000171,"May 22, 2021",LAC vs. DAL,L,0,0,0,0.0,0,0,0.0,0,0,0.0,0,0,0,0,0,0,0,0,0,-2,1,1629611
42019,1629611,0041900237,"Sep 15, 2020",LAC vs. DEN,L,2,0,0,0.0,0,0,0.0,0,0,0.0,0,0,0,0,0,0,0,0,0,3,1,1629611
42019,1629611,0041900236,"Sep 13, 2020",LAC @ DEN,L,1,0,0,0.0,0,0,0.0,0,0,0.0,0,1,1,0,0,0,0,0,0,0,1,1629611
42019,1629611,0041900235,"Sep 11, 2020",LAC vs. DEN,L,0,0,0,0.0,0,0,0.0,0,0,0.0,0,0,0,0,0,0,0,0,0,0,1,1629611
42019,1629611,0041900234,"Sep 09, 2020",LAC @ DEN,W,1,0,0,0.0,0,0,0.0,0,0,0.0,0,0,0,0,0,0,0,0,0,-2,1,1629611
42019,1629611,0041900233,"Sep 07, 2020",LAC @ DEN,W,0,0,2,0.0,0,2,0.0,0,0,0.0,0,0,0,0,0,0,0,0,0,-2,1,1629611
42019,1629611,0041900232,"Sep 05, 2020",LAC vs. DEN,L,0,0,0,0.0,0,0,0.0,0,0,0.0,0,0,0,0,0,0,0,0,0,0,1,1629611
42019,1629611,0041900231,"Sep 03, 2020",LAC vs. DEN,W,4,2,3,0.667,0,0,0.0,0,0,0.0,0,1,1,0,0,0,0,0,4,-2,1,1629611
42019,1629611,0041900156,"Aug 30, 2020",LAC @ DAL,W,2,0,0,0.0,0,0,0.0,0,0,0.0,0,1,1,0,0,0,0,0,0,-1,1,1629611
42019,1629611,0041900155,"Aug 25, 2020",LAC vs. DAL,W,14,0,0,0.0,0,0,0.0,0,0,0.0,0,3,3,1,0,0,2,3,0,9,1,1629611
42019,1629611,0041900154,"Aug 23, 2020",LAC @ DAL,L,1,0,0,0.0,0,0,0.0,0,0,0.0,0,0,0,0,0,0,0,0,0,0,1,1629611
42019,1629611,0041900153,"Aug 21, 2020",LAC @ DAL,W,1,0,0,0.0,0,0,0.0,0,0,0.0,0,0,0,0,1,0,0,0,0,3,1,1629611
42019,1629611,0041900152,"Aug 19, 2020",LAC vs. DAL,L,1,0,0,0.0,0,0,0.0,0,0,0.0,0,1,1,0,0,0,0,1,0,-1,1,1629611
42019,1629611,0041900151,"Aug 17, 2020",LAC vs. DAL,W,0,0,0,0.0,0,0,0.0,0,0,0.0,0,0,0,0,0,0,0,0,0,0,1,1629611
42024,1626157,0042400306,"May 31, 2025",NYK @ IND,L,38,8,19,0.421,0,4,0.0,6,10,0.6,3,11,14,2,1,0,2,4,22,-16,1,1626157
42024,1626157,0042400305,"May 29, 2025",NYK vs. IND,W,36,10,20,0.5,1,4,0.25,3,5,0.6,2,11,13,3,1,0,4,5,24,26,1,1626157
42024,1626157,0042400304,"May 27, 2025",NYK @ IND,L,37,8,15,0.533,1,2,0.5,7,9,0.778,3,9,12,3,0,0,2,4,24,3,1,1626157
42024,1626157,0042400303,"May 25, 2025",NYK @ IND,W,33,8,17,0.471,3,7,0.429,5,6,0.833,1,14,15,1,0,0,6,5,24,6,1,1626157
42024,1626157,0042400302,"May 23, 2025",NYK vs. IND,L,28,6,14,0.429,2,5,0.4,6,6,1.0,2,5,7,0,0,0,1,3,20,-20,1,1626157
42024,1626157,0042400301,"May 21, 2025",NYK vs. IND,L,39,11,17,0.647,4,8,0.5,9,11,0.818,2,10,12,2,1,1,1,4,35,9,1,1626157
42024,1626157,0042400216,"May 16, 2025",NYK vs. BOS,W,35,8,20,0.4,1,6,0.167,4,4,1.0,1,11,12,1,1,0,3,4,21,25,1,1626157
42024,1626157,0042400215,"May 14, 2025",NYK @ BOS,L,29,5,11,0.455,1,3,0.333,8,9,0.889,2,6,8,0,1,1,2,4,19,-20,1,1626157
42024,1626157,0042400214,"May 12, 2025",NYK vs. BOS,W,36,11,15,0.733,0,3,0.0,1,1,1.0,3,8,11,1,0,1,4,5,23,-1,1,1626157
42024,1626157,0042400213,"May 10, 2025",NYK vs. BOS,L,36,5,18,0.278,1,5,0.2,10,11,0.909,5,10,15,0,0,0,1,4,21,-19,1,1626157
42024,1626157,0042400212,"May 07, 2025",NYK @ BOS,W,35,9,16,0.563,0,1,0.0,3,3,1.0,3,14,17,1,0,1,4,4,21,-2,1,1626157
42024,1626157,0042400211,"May 05, 2025",NYK @ BOS,W,31,6,13,0.462,0,1,0.0,2,2,1.0,4,9,13,0,1,0,2,5,14,8,1,1626157
42024,1626157,0042400126,"May 01, 2025",NYK @ DET,W,37,4,10,0.4,0,1,0.0,2,3,0.667,5,10,15,2,2,0,3,6,10,8,1,1626157
42024,1626157,0042400125,"Apr 29, 2025",NYK vs. DET,L,35,5,14,0.357,2,4,0.5,5,6,0.833,1,10,11,1,0,2,0,5,17,-12,1,1626157
42024,1626157,0042400124,"Apr 27, 2025",NYK @ DET,W,40,10,23,0.435,5,7,0.714,2,2,1.0,1,8,9,1,0,1,3,5,27,5,1,1626157
42024,1626157,0042400123,"Apr 24, 2025",NYK @ DET,W,41,10,18,0.556,4,8,0.5,7,7,1.0,0,8,8,1,1,2,2,4,31,8,1,1626157
42024,1626157,0042400122,"Apr 21, 2025",NYK vs. DET,L,33,5,11,0.455,0,2,0.0,0,0,0.0,0,6,6,0,0,1,0,4,10,-10,1,1626157
42024,1626157,0042400121,"Apr 19, 2025",NYK vs. DET,W,39,10,14,0.714,1,3,0.333,2,2,1.0,0,11,11,5,4,2,0,3,23,22,1,1626157
42023,1626157,0042300315,"May 30, 2024",MIN vs. DAL,L,38,9,20,0.45,1,6,0.167,9,10,0.9,6,6,12,2,1,0,2,0,28,-14,1,1626157
42023,1626157,0042300314,"May 28, 2024",MIN @ DAL,W,30,9,13,0.692,4,5,0.8,3,3,1.0,0,5,5,1,0,0,4,6,25,15,1,1626157
42023,1626157,0042300313,"May 26, 2024",MIN @ DAL,L,38,5,18,0.278,0,8,0.0,4,5,0.8,1,10,11,3,0,0,0,2,14,-12,1,1626157
42023,1626157,0042300312,"May 24, 2024",MIN vs. DAL,L,26,4,16,0.25,1,5,0.2,6,7,0.857,3,4,7,3,2,0,0,2,15,0,1,1626157
42023,1626157,0042300311,"May 22, 2024",MIN vs. DAL,L,34,6,20,0.3,2,9,0.222,2,2,1.0,3,4,7,2,1,0,1,2,16,-5,1,1626157
42023,1626157,0042300237,"May 19, 2024",MIN @ DEN,W,39,8,14,0.571,1,6,0.167,6,6,1.0,2,10,12,2,2,1,3,5,23,10,1,1626157
42023,1626157,0042300236,"May 16, 2024",MIN vs. DEN,W,29,4,10,0.4,0,4,0.0,2,2,1.0,4,9,13,5,0,0,1,3,10,25,1,1626157
42023,1626157,0042300235,"May 14, 2024",MIN @ DEN,L,38,10,19,0.526,2,5,0.4,1,2,0.5,1,5,6,4,2,0,2,4,23,-17,1,1626157
42023,1626157,0042300234,"May 12, 2024",MIN vs. DEN,L,38,5,18,0.278,1,4,0.25,2,4,0.5,5,7,12,3,1,0,1,3,13,4,1,1626157
42023,1626157,0042300233,"May 10, 2024",MIN vs. DEN,L,33,4,7,0.571,4,5,0.8,2,2,1.0,0,5,5,3,0,0,3,2,14,-32,1,1626157
42023,1626157,0042300232,"May 06, 2024",MIN @ DEN,W,36,10,15,0.667,3,5,0.6,4,4,1.0,2,10,12,1,1,2,2,4,27,21,1,1626157
42023,1626157,0042300231,"May 04, 2024",MIN @ DEN,W,31,8,13,0.615,2,4,0.5,2,4,0.5,0,4,4,3,0,0,1,5,20,6,1,1626157
42023,1626157,0042300164,"Apr 28, 2024",MIN @ PHX,W,39,11,17,0.647,4,6,0.667,2,3,0.667,2,8,10,3,0,0,0,5,28,3,1,1626157
42023,1626157,0042300163,"Apr 26, 2024",MIN @ PHX,W,24,7,16,0.438,3,5,0.6,1,2,0.5,5,8,13,2,0,0,1,4,18,-1,1,1626157
42023,1626157,0042300162,"Apr 23, 2024",MIN vs. PHX,W,24,3,7,0.429,1,4,0.25,5,5,1.0,0,8,8,1,1,0,4,4,12,16,1,1626157
42023,1626157,0042300161,"Apr 20, 2024",MIN vs. PHX,W,27,5,9,0.556,1,2,0.5,8,8,1.0,1,6,7,4,1,0,2,4,19,-2,1,1626157
42022,1626157,0042200145,"Apr 25, 2023",MIN @ DEN,L,38,9,17,0.529,1,6,0.167,7,9,0.778,1,10,11,3,1,1,3,6,26,-9,1,1626157
42022,1626157,0042200144,"Apr 23, 2023",MIN vs. DEN,W,36,5,9,0.556,0,2,0.0,7,10,0.7,2,9,11,2,1,1,2,6,17,-7,1,1626157
42022,1626157,0042200143,"Apr 21, 2023",MIN vs. DEN,L,42,10,17,0.588,2,4,0.5,5,5,1.0,1,6,7,1,1,1,4,2,27,-10,1,1626157
42022,1626157,0042200142,"Apr 19, 2023",MIN @ DEN,L,34,3,12,0.25,2,5,0.4,2,2,1.0,1,11,12,2,0,1,5,5,10,-9,1,1626157
42022,1626157,0042200141,"Apr 16, 2023",MIN @ DEN,L,30,5,15,0.333,1,7,0.143,0,2,0.0,1,9,10,2,0,0,4,2,11,-11,1,1626157
42021,1626157,0042100156,"Apr 29, 2022",MIN vs. MEM,L,41,6,19,0.316,0,3,0.0,6,9,0.667,1,9,10,4,1,1,2,4,18,-3,1,1626157
42021,1626157,0042100155,"Apr 26, 2022",MIN @ MEM,L,35,7,15,0.467,5,7,0.714,9,9,1.0,1,11,12,1,3,2,7,5,28,-2,1,1626157
42021,1626157,0042100154,"Apr 23, 2022",MIN vs. MEM,W,42,8,17,0.471,3,5,0.6,14,17,0.824,2,12,14,3,0,1,6,3,33,5,1,1626157
42021,1626157,0042100153,"Apr 21, 2022",MIN vs. MEM,L,33,3,4,0.75,0,1,0.0,2,2,1.0,1,4,5,1,0,5,4,5,8,-4,1,1626157
42021,1626157,0042100152,"Apr 19, 2022",MIN @ MEM,L,28,4,7,0.571,0,1,0.0,7,8,0.875,2,9,11,1,0,2,5,5,15,-21,1,1626157
42021,1626157,0042100151,"Apr 16, 2022",MIN @ MEM,W,43,11,18,0.611,2,5,0.4,5,5,1.0,4,9,13,3,0,1,3,3,29,16,1,1626157
42022,1628370,0042200167,"Apr 30, 2023",SAC vs. GSW,L,31,4,14,0.286,2,8,0.25,4,5,0.8,2,7,9,4,0,0,1,2,14,-5,1,1628370
42022,1628370,0042200166,"Apr 28, 2023",SAC @ GSW,W,32,8,14,0.571,3,6,0.5,9,10,0.9,0,7,7,4,1,2,4,3,28,21,1,1628370
42022,1628370,0042200165,"Apr 26, 2023",SAC vs. GSW,L,29,6,14,0.429,1,5,0.2,8,10,0.8,1,4,5,3,2,0,3,3,21,6,1,1628370
42022,1628370,0042200164,"Apr 23, 2023",SAC @ GSW,L,28,5,14,0.357,2,5,0.4,4,4,1.0,0,5,5,5,2,0,3,2,16,12,1,1628370
42022,1628370,0042200163,"Apr 20, 2023",SAC @ GSW,L,25,1,9,0.111,0,4,0.0,2,2,1.0,1,2,3,4,0,0,0,0,4,-13,1,1628370
42022,1628370,0042200162,"Apr 17, 2023",SAC vs. GSW,W,31,6,15,0.4,3,7,0.429,3,4,0.75,1,5,6,3,0,1,1,1,18,5,1,1628370
42022,1628370,0042200161,"Apr 15, 2023",SAC vs. GSW,W,29,8,13,0.615,2,4,0.5,14,14,1.0,1,2,3,2,0,0,2,4,32,10,1,1628370
42022,203935,0042200307,"May 29, 2023",BOS vs. MIA,L,35,4,10,0.4,1,6,0.167,0,0,0.0,0,2,2,4,1,0,2,1,9,-10,1,203935
42022,203935,0042200306,"May 27, 2023",BOS @ MIA,W,42,7,15,0.467,4,11,0.364,3,4,0.75,1,3,4,1,0,0,4,4,21,-10,1,203935
42022,203935,0042200305,"May 25, 2023",BOS vs. MIA,W,30,7,12,0.583,4,6,0.667,5,6,0.833,1,2,3,2,5,0,2,0,23,20,1,203935
42022,203935,0042200304,"May 23, 2023",BOS @ MIA,W,35,4,11,0.364,3,9,0.333,0,0,0.0,1,2,3,6,2,0,1,1,11,15,1,203935
42022,203935,0042200303,"May 21, 2023",BOS @ MIA,L,30,2,8,0.25,0,3,0.0,4,5,0.8,2,7,9,8,0,0,2,3,8,-6,1,203935
42022,203935,0042200302,"May 19, 2023",BOS vs. MIA,L,33,2,5,0.4,1,3,0.333,2,2,1.0,0,4,4,3,0,0,3,1,7,-15,1,203935
42022,203935,0042200301,"May 17, 2023",BOS vs. MIA,L,34,3,7,0.429,2,4,0.5,5,8,0.625,0,1,1,11,2,1,2,2,13,-3,1,203935
42022,203935,0042200217,"May 14, 2023",BOS vs. PHI,W,39,3,7,0.429,1,3,0.333,0,0,0.0,0,4,4,4,0,1,2,2,7,31,1,203935
42022,203935,0042200216,"May 11, 2023",BOS @ PHI,W,42,8,15,0.533,3,8,0.375,3,4,0.75,2,5,7,7,2,0,3,2,22,18,1,203935
42022,203935,0042200215,"May 09, 2023",BOS vs. PHI,L,34,2,7,0.286,2,5,0.4,8,10,0.8,1,2,3,4,0,0,2,1,14,-17,1,203935
42022,203935,0042200214,"May 07, 2023",BOS @ PHI,L,42,6,15,0.4,4,10,0.4,5,5,1.0,0,3,3,7,0,0,3,3,21,-7,1,203935
42022,203935,0042200213,"May 05, 2023",BOS @ PHI,W,35,5,15,0.333,3,9,0.333,2,2,1.0,1,2,3,4,3,0,2,4,15,18,1,203935
42022,203935,0042200212,"May 03, 2023",BOS vs. PHI,W,27,7,14,0.5,1,4,0.25,0,0,0.0,1,4,5,2,0,1,1,0,15,17,1,203935
42022,203935,0042200211,"May 01, 2023",BOS vs. PHI,L,35,4,7,0.571,0,2,0.0,4,4,1.0,1,2,3,7,0,0,6,3,12,-7,1,203935
42022,203935,0042200116,"Apr 27, 2023",BOS @ ATL,W,33,6,12,0.5,2,5,0.4,8,9,0.889,3,1,4,4,1,0,2,0,22,11,1,203935
42022,203935,0042200115,"Apr 25, 2023",BOS vs. ATL,L,27,4,8,0.5,1,4,0.25,1,2,0.5,2,1,3,2,0,0,2,4,10,-12,1,203935
42022,203935,0042200114,"Apr 23, 2023",BOS @ ATL,W,29,8,14,0.571,3,8,0.375,0,0,0.0,2,2,4,4,0,0,2,4,19,0,1,203935
42022,203935,0042200113,"Apr 21, 2023",BOS @ ATL,L,33,9,19,0.474,5,12,0.417,1,2,0.5,0,3,3,8,3,0,1,0,24,-9,1,203935
42022,203935,0042200112,"Apr 18, 2023",BOS vs. ATL,W,32,6,11,0.545,2,6,0.333,0,0,0.0,1,4,5,6,3,0,1,1,14,10,1,203935
42022,203935,0042200111,"Apr 15, 2023",BOS vs. ATL,W,32,4,11,0.364,2,4,0.5,1,2,0.5,2,5,7,7,3,2,2,1,11,5,1,203935
42021,203935,0042100406,"Jun 16, 2022",BOS vs. GSW,L,38,4,12,0.333,1,2,0.5,0,0,0.0,1,5,6,9,2,0,3,5,9,7,1,203935
42021,203935,0042100405,"Jun 13, 2022",BOS @ GSW,L,40,7,15,0.467,3,6,0.5,3,4,0.75,0,3,3,2,0,0,4,4,20,-9,1,203935
42021,203935,0042100404,"Jun 10, 2022",BOS vs. GSW,L,40,7,18,0.389,3,9,0.333,1,1,1.0,2,2,4,5,4,0,2,2,18,-17,1,203935
42021,203935,0042100403,"Jun 08, 2022",BOS vs. GSW,W,39,8,17,0.471,3,7,0.429,5,7,0.714,2,5,7,5,0,0,5,3,24,19,1,203935
42021,203935,0042100402,"Jun 05, 2022",BOS @ GSW,L,25,1,6,0.167,0,3,0.0,0,0,0.0,0,2,2,5,1,0,5,4,2,-12,1,203935
42021,203935,0042100401,"Jun 02, 2022",BOS @ GSW,W,30,7,11,0.636,4,7,0.571,0,0,0.0,1,4,5,4,2,0,0,1,18,-1,1,203935
42021,203935,0042100307,"May 29, 2022",BOS @ MIA,W,41,8,22,0.364,3,10,0.3,5,6,0.833,0,9,9,5,2,0,1,4,24,2,1,203935
42021,203935,0042100306,"May 27, 2022",BOS vs. MIA,L,40,4,15,0.267,1,9,0.111,5,5,1.0,1,3,4,3,1,0,2,4,14,-12,1,203935
42021,203935,0042100305,"May 25, 2022",BOS @ MIA,W,24,1,5,0.2,1,3,0.333,2,2,1.0,1,4,5,4,0,0,1,4,5,13,1,203935
42021,203935,0042100303,"May 21, 2022",BOS vs. MIA,L,37,6,11,0.545,1,4,0.25,3,5,0.6,1,3,4,7,0,0,4,6,16,-16,1,203935
42021,203935,0042100302,"May 19, 2022",BOS @ MIA,W,40,8,22,0.364,5,12,0.417,3,3,1.0,2,7,9,12,3,1,1,1,24,31,1,203935
42021,203935,0042100217,"May 15, 2022",BOS vs. MIL,W,37,2,9,0.222,1,6,0.167,6,7,0.857,1,6,7,10,1,1,2,5,11,18,1,203935
42021,203935,0042100216,"May 13, 2022",BOS @ MIL,W,40,8,16,0.5,5,9,0.556,0,0,0.0,2,3,5,7,0,0,0,2,21,11,1,203935
42021,203935,0042100215,"May 11, 2022",BOS vs. MIL,L,38,6,11,0.545,3,5,0.6,0,0,0.0,0,4,4,1,2,1,3,2,15,-6,1,203935
42021,203935,0042100214,"May 09, 2022",BOS @ MIL,W,41,8,13,0.615,2,3,0.667,0,0,0.0,0,2,2,8,0,2,3,3,18,1,1,203935
42021,203935,0042100213,"May 07, 2022",BOS @ MIL,L,29,1,8,0.125,1,4,0.25,6,8,0.75,1,1,2,2,1,0,3,3,9,-10,1,203935
42021,203935,0042100211,"May 01, 2022",BOS vs. MIL,L,33,3,11,0.273,1,6,0.167,3,4,0.75,0,1,1,6,2,0,3,3,10,3,1,203935
42021,203935,0042100114,"Apr 25, 2022",BOS @ BKN,W,37,7,16,0.438,3,7,0.429,3,4,0.75,1,4,5,11,0,0,1,4,20,9,1,203935
42021,203935,0042100113,"Apr 23, 2022",BOS @ BKN,W,38,6,15,0.4,2,10,0.2,0,0,0.0,2,1,3,6,2,0,2,4,14,-5,1,203935
42021,203935,0042100112,"Apr 20, 2022",BOS vs. BKN,W,36,3,9,0.333,1,6,0.167,5,6,0.833,0,1,1,5,1,0,4,3,12,-1,1,203935
42021,203935,0042100111,"Apr 17, 2022",BOS vs. BKN,W,36,8,17,0.471,4,9,0.444,0,0,0.0,2,5,7,6,2,0,3,4,20,6,1,203935
42020,203935,0042000115,"Jun 01, 2021",BOS @ BKN,L,39,5,17,0.294,1,10,0.1,3,4,0.75,2,5,7,4,0,1,4,3,14,-11,1,203935
42020,203935,0042000114,"May 30, 2021",BOS vs. BKN,L,34,4,12,0.333,2,9,0.222,6,7,0.857,1,5,6,9,2,0,2,4,16,-9,1,203935
42020,203935,0042000113,"May 28, 2021",BOS vs. BKN,W,39,8,11,0.727,5,8,0.625,2,2,1.0,0,3,3,6,1,0,4,3,23,1,1,203935
42020,203935,0042000112,"May 25, 2021",BOS @ BKN,L,32,6,13,0.462,5,8,0.625,2,4,0.5,1,2,3,6,2,0,1,2,19,-18,1,203935
42020,203935,0042000111,"May 22, 2021",BOS @ BKN,L,40,6,13,0.462,3,8,0.375,2,4,0.5,0,3,3,5,0,0,3,2,17,-9,1,203935
42019,203935,0041900306,"Sep 27, 2020",BOS @ MIA,L,36,8,22,0.364,4,13,0.308,0,0,0.0,4,4,8,2,2,0,2,5,20,-11,1,203935
42019,203935,0041900305,"Sep 25, 2020",BOS vs. MIA,W,40,3,9,0.333,2,5,0.4,4,4,1.0,0,8,8,8,4,0,1,4,12,11,1,203935
42019,203935,0041900304,"Sep 23, 2020",BOS @ MIA,L,36,3,12,0.25,1,8,0.125,3,4,0.75,0,2,2,11,0,1,4,6,10,1,1,203935
42019,203935,0041900303,"Sep 19, 2020",BOS @ MIA,W,36,5,10,0.5,0,2,0.0,10,10,1.0,1,3,4,6,0,0,2,4,20,7,1,203935
42019,203935,0041900302,"Sep 17, 2020",BOS vs. MIA,L,38,5,13,0.385,2,6,0.333,2,2,1.0,0,4,4,4,1,1,4,3,14,-3,1,203935
42019,203935,0041900301,"Sep 15, 2020",BOS vs. MIA,L,43,9,18,0.5,6,13,0.462,2,3,0.667,0,3,3,1,0,0,3,2,26,-3,1,203935
42019,203935,0041900217,"Sep 11, 2020",BOS @ TOR,W,43,6,15,0.4,2,10,0.2,2,3,0.667,1,1,2,6,3,1,1,1,16,13,1,203935
42019,203935,0041900216,"Sep 09, 2020",BOS vs. TOR,L,50,7,15,0.467,6,11,0.545,3,3,1.0,1,10,11,10,1,0,2,4,23,3,1,203935
42019,203935,0041900215,"Sep 07, 2020",BOS @ TOR,W,35,4,8,0.5,2,5,0.4,2,2,1.0,0,7,7,6,0,1,3,4,12,25,1,203935
42019,203935,0041900214,"Sep 05, 2020",BOS vs. TOR,L,41,2,8,0.25,1,6,0.167,3,5,0.6,1,7,8,5,1,1,5,4,8,-1,1,203935
42019,203935,0041900213,"Sep 03, 2020",BOS vs. TOR,L,37,4,15,0.267,2,9,0.222,1,2,0.5,0,5,5,4,2,0,3,4,11,-4,1,203935
42019,203935,0041900212,"Sep 01, 2020",BOS @ TOR,W,39,6,13,0.462,6,11,0.545,1,1,1.0,0,3,3,1,0,2,5,3,19,1,1,203935
42019,203935,0041900211,"Aug 30, 2020",BOS @ TOR,W,31,6,10,0.6,5,9,0.556,4,4,1.0,0,6,6,4,1,0,5,2,21,27,1,203935
42019,203935,0041900124,"Aug 23, 2020",BOS @ PHI,W,43,3,6,0.5,1,2,0.5,1,2,0.5,1,4,5,4,0,0,1,1,8,12,1,203935
42019,203935,0041900123,"Aug 21, 2020",BOS @ PHI,W,39,4,8,0.5,0,3,0.0,6,6,1.0,0,8,8,3,3,0,1,4,14,9,1,203935
42019,203935,0041900122,"Aug 19, 2020",BOS vs. PHI,W,30,3,11,0.273,1,7,0.143,3,3,1.0,1,3,4,2,1,1,2,3,10,3,1,203935
42019,203935,0041900121,"Aug 17, 2020",BOS vs. PHI,W,32,0,5,0.0,0,3,0.0,2,2,1.0,0,1,1,1,2,0,1,1,2,0,1,203935
42023,203114,0042300126,"May 02, 2024",MIL @ IND,L,38,6,15,0.4,1,4,0.25,1,1,1.0,4,4,8,3,2,0,3,5,14,-19,1,203114
42023,203114,0042300125,"Apr 30, 2024",MIL vs. IND,W,40,9,20,0.45,4,7,0.571,7,9,0.778,3,9,12,5,0,0,2,4,29,13,1,203114
42023,203114,0042300124,"Apr 28, 2024",MIL @ IND,L,40,9,22,0.409,0,4,0.0,7,8,0.875,1,9,10,5,1,0,4,4,25,-6,1,203114
42023,203114,0042300123,"Apr 26, 2024",MIL @ IND,L,41,16,29,0.552,4,9,0.444,6,6,1.0,3,7,10,5,0,0,3,5,42,2,1,203114
42023,203114,0042300122,"Apr 23, 2024",MIL vs. IND,L,36,6,14,0.429,1,3,0.333,2,2,1.0,0,5,5,6,0,0,1,2,15,-10,1,203114
42023,203114,0042300121,"Apr 21, 2024",MIL vs. IND,W,35,9,14,0.643,1,4,0.25,4,4,1.0,1,9,10,4,0,1,1,5,23,25,1,203114
42022,203114,0042200105,"Apr 26, 2023",MIL vs. MIA,L,41,10,24,0.417,4,10,0.4,9,9,1.0,1,5,6,6,0,0,3,5,33,-2,1,203114
42022,203114,0042200104,"Apr 24, 2023",MIL @ MIA,L,37,4,12,0.333,2,5,0.4,4,4,1.0,2,4,6,8,1,0,3,6,14,5,1,203114
42022,203114,0042200103,"Apr 22, 2023",MIL @ MIA,L,34,8,14,0.571,3,5,0.6,4,5,0.8,1,4,5,6,2,0,5,3,23,-10,1,203114
42022,203114,0042200102,"Apr 19, 2023",MIL vs. MIA,W,28,6,16,0.375,2,5,0.4,2,2,1.0,1,5,6,7,0,0,1,0,16,19,1,203114
42022,203114,0042200101,"Apr 16, 2023",MIL vs. MIA,L,33,12,20,0.6,2,7,0.286,7,10,0.7,2,7,9,4,0,0,5,1,33,1,1,203114
42021,203114,0042100122,"Apr 20, 2022",MIL vs. CHI,L,33,6,11,0.545,5,7,0.714,1,1,1.0,1,4,5,8,2,0,4,4,18,-1,1,203114
42021,203114,0042100121,"Apr 17, 2022",MIL vs. CHI,W,39,4,13,0.308,1,7,0.143,2,2,1.0,0,5,5,6,1,0,7,2,11,4,1,203114
42020,203114,0042000406,"Jul 20, 2021",MIL vs. PHX,W,41,6,13,0.462,1,4,0.25,4,4,1.0,0,5,5,5,4,0,5,3,17,11,1,203114
42020,203114,0042000405,"Jul 17, 2021",MIL @ PHX,W,44,12,23,0.522,3,8,0.375,2,3,0.667,0,7,7,5,0,0,4,3,29,4,1,203114
42020,203114,0042000404,"Jul 14, 2021",MIL vs. PHX,W,43,15,33,0.455,3,8,0.375,7,8,0.875,0,6,6,4,2,0,1,1,40,10,1,203114
42020,203114,0042000403,"Jul 11, 2021",MIL vs. PHX,W,41,6,14,0.429,3,7,0.429,3,3,1.0,1,6,7,6,1,0,2,3,18,8,1,203114
42020,203114,0042000402,"Jul 08, 2021",MIL @ PHX,L,41,5,16,0.313,1,6,0.167,0,0,0.0,0,6,6,8,2,0,2,3,11,-15,1,203114
42020,203114,0042000401,"Jul 06, 2021",MIL @ PHX,L,45,12,26,0.462,5,12,0.417,0,0,0.0,1,6,7,4,0,0,5,1,29,-11,1,203114
42020,203114,0042000306,"Jul 03, 2021",MIL @ ATL,W,41,10,22,0.455,4,10,0.4,8,8,1.0,1,3,4,7,3,0,7,4,32,3,1,203114
42020,203114,0042000305,"Jul 01, 2021",MIL vs. ATL,W,45,10,20,0.5,2,6,0.333,4,5,0.8,3,10,13,8,2,1,1,2,26,16,1,203114
42020,203114,0042000304,"Jun 29, 2021",MIL @ ATL,L,36,6,17,0.353,0,7,0.0,4,4,1.0,3,5,8,5,2,0,4,2,16,-25,1,203114
42020,203114,0042000303,"Jun 27, 2021",MIL @ ATL,W,42,15,26,0.577,6,12,0.5,2,2,1.0,0,11,11,7,0,0,4,4,38,16,1,203114
42020,203114,0042000302,"Jun 25, 2021",MIL vs. ATL,W,28,6,13,0.462,2,7,0.286,1,1,1.0,2,5,7,8,1,0,2,3,15,42,1,203114
42020,203114,0042000301,"Jun 23, 2021",MIL vs. ATL,L,41,6,23,0.261,0,9,0.0,3,4,0.75,0,5,5,4,2,0,1,2,15,-13,1,203114
42020,203114,0042000217,"Jun 19, 2021",MIL @ BKN,W,52,9,26,0.346,2,7,0.286,3,3,1.0,4,6,10,6,5,0,3,2,23,3,1,203114
42020,203114,0042000216,"Jun 17, 2021",MIL vs. BKN,W,42,11,16,0.688,5,8,0.625,11,12,0.917,1,9,10,5,5,0,4,0,38,17,1,203114
42020,203114,0042000215,"Jun 15, 2021",MIL @ BKN,L,45,8,22,0.364,3,10,0.3,6,7,0.857,0,4,4,5,1,1,3,4,25,-2,1,203114
42020,203114,0042000214,"Jun 13, 2021",MIL vs. BKN,W,41,7,15,0.467,3,8,0.375,2,3,0.667,0,4,4,8,2,2,3,3,19,17,1,203114
42020,203114,0042000213,"Jun 10, 2021",MIL vs. BKN,W,44,12,25,0.48,3,6,0.5,8,9,0.889,0,15,15,1,0,0,3,3,35,3,1,203114
42020,203114,0042000212,"Jun 07, 2021",MIL @ BKN,L,34,7,20,0.35,3,8,0.375,0,0,0.0,1,4,5,1,1,0,5,1,17,-30,1,203114
42020,203114,0042000211,"Jun 05, 2021",MIL @ BKN,L,36,6,23,0.261,0,5,0.0,1,2,0.5,3,10,13,4,0,0,2,2,13,-6,1,203114
42020,203114,0042000124,"May 29, 2021",MIL @ MIA,W,37,7,16,0.438,2,6,0.333,4,4,1.0,2,9,11,3,0,0,3,3,20,17,1,203114
42020,203114,0042000123,"May 27, 2021",MIL @ MIA,W,34,8,16,0.5,3,9,0.333,3,3,1.0,1,7,8,5,0,0,4,2,22,26,1,203114
42020,203114,0042000122,"May 24, 2021",MIL vs. MIA,W,24,4,5,0.8,3,3,1.0,6,6,1.0,1,1,2,3,0,0,4,4,17,28,1,203114
42020,203114,0042000121,"May 22, 2021",MIL vs. MIA,W,45,10,22,0.455,3,9,0.333,4,6,0.667,1,5,6,6,2,0,2,3,27,0,1,203114
42019,203114,0041900205,"Sep 08, 2020",MIL vs. MIA,L,42,8,25,0.32,2,9,0.222,5,6,0.833,0,7,7,6,1,0,6,6,23,-7,1,203114
42019,203114,0041900204,"Sep 06, 2020",MIL @ MIA,W,48,12,28,0.429,3,7,0.429,9,9,1.0,2,6,8,8,2,0,4,4,36,2,1,203114
42019,203114,0041900203,"Sep 04, 2020",MIL @ MIA,L,36,7,16,0.438,2,6,0.333,2,2,1.0,0,3,3,7,2,1,0,6,18,-7,1,203114
42019,203114,0041900202,"Sep 02, 2020",MIL vs. MIA,L,33,6,15,0.4,0,3,0.0,11,12,0.917,0,6,6,8,0,0,3,5,23,18,1,203114
42019,203114,0041900201,"Aug 31, 2020",MIL vs. MIA,L,37,12,24,0.5,4,8,0.5,0,0,0.0,0,6,6,5,2,0,4,6,28,-7,1,203114
42019,203114,0041900105,"Aug 29, 2020",MIL vs. ORL,W,34,7,16,0.438,3,8,0.375,4,5,0.8,1,9,10,7,1,0,2,2,21,21,1,203114
42019,203114,0041900104,"Aug 24, 2020",MIL @ ORL,W,32,7,19,0.368,4,7,0.571,3,5,0.6,1,9,10,3,0,0,4,4,21,15,1,203114
42019,203114,0041900103,"Aug 22, 2020",MIL @ ORL,W,31,7,17,0.412,3,7,0.429,0,1,0.0,1,7,8,6,1,0,3,0,17,30,1,203114
42019,203114,0041900102,"Aug 20, 2020",MIL vs. ORL,W,31,1,8,0.125,0,4,0.0,0,0,0.0,0,5,5,6,1,0,4,4,2,1,1,203114
42019,203114,0041900101,"Aug 18, 2020",MIL vs. ORL,L,31,4,12,0.333,2,6,0.333,4,6,0.667,0,6,6,4,1,1,4,4,14,-8,1,203114
42024,1630183,0042400315,"May 28, 2025",MIN @ OKC,L,21,2,13,0.154,1,5,0.2,0,0,0.0,2,3,5,1,0,0,1,1,5,-16,1,1630183
42024,1630183,0042400314,"May 26, 2025",MIN vs. OKC,L,31,9,15,0.6,3,6,0.5,1,1,1.0,1,3,4,2,4,1,2,3,22,-5,1,1630183
42024,1630183,0042400313,"May 24, 2025",MIN vs. OKC,W,26,3,9,0.333,2,4,0.5,2,2,1.0,4,2,6,4,0,0,0,2,10,28,1,1630183
42024,1630183,0042400312,"May 22, 2025",MIN @ OKC,L,35,8,15,0.533,4,8,0.5,2,2,1.0,1,1,2,0,0,3,1,5,22,-4,1,1630183
42024,1630183,0042400311,"May 20, 2025",MIN @ OKC,L,24,3,5,0.6,1,3,0.333,0,0,0.0,1,5,6,3,1,1,3,6,7,-10,1,1630183
42024,1630183,0042400235,"May 14, 2025",MIN vs. GSW,W,41,6,14,0.429,0,3,0.0,2,2,1.0,1,3,4,2,4,0,3,3,14,2,1,1630183
42024,1630183,0042400234,"May 12, 2025",MIN @ GSW,W,40,4,8,0.5,0,1,0.0,2,2,1.0,1,12,13,2,1,1,1,5,10,15,1,1630183
42024,1630183,0042400233,"May 10, 2025",MIN @ GSW,W,42,4,7,0.571,3,4,0.75,4,4,1.0,0,6,6,1,1,2,2,2,15,11,1,1630183
42024,1630183,0042400232,"May 08, 2025",MIN vs. GSW,W,33,7,10,0.7,1,2,0.5,1,2,0.5,1,1,2,0,3,3,1,1,16,20,1,1630183
42024,1630183,0042400231,"May 06, 2025",MIN vs. GSW,L,38,6,12,0.5,0,3,0.0,0,0,0.0,3,1,4,1,0,1,0,2,12,0,1,1630183
42024,1630183,0042400165,"Apr 30, 2025",MIN @ LAL,W,18,2,4,0.5,0,2,0.0,4,4,1.0,2,1,3,0,1,0,0,6,8,-3,1,1630183
42024,1630183,0042400164,"Apr 27, 2025",MIN vs. LAL,W,38,6,11,0.545,2,3,0.667,2,3,0.667,1,10,11,3,1,0,2,4,16,8,1,1630183
42024,1630183,0042400163,"Apr 25, 2025",MIN vs. LAL,W,38,13,22,0.591,1,5,0.2,3,4,0.75,3,2,5,1,2,0,1,2,30,11,1,1630183
42024,1630183,0042400162,"Apr 22, 2025",MIN @ LAL,L,38,3,11,0.273,0,3,0.0,2,2,1.0,2,2,4,1,0,1,1,5,8,-7,1,1630183
42024,1630183,0042400161,"Apr 19, 2025",MIN @ LAL,W,33,11,13,0.846,3,3,1.0,0,0,0.0,4,5,9,2,1,0,0,3,25,27,1,1630183
42023,1630183,0042300315,"May 30, 2024",MIN vs. DAL,L,21,3,6,0.5,2,4,0.5,0,0,0.0,0,1,1,0,0,2,1,5,8,-13,1,1630183
42023,1630183,0042300314,"May 28, 2024",MIN @ DAL,W,39,4,8,0.5,2,4,0.5,0,0,0.0,0,1,1,0,1,1,0,2,10,14,1,1630183
42023,1630183,0042300313,"May 26, 2024",MIN @ DAL,L,32,6,8,0.75,3,4,0.75,0,0,0.0,1,0,1,0,1,0,0,5,15,-6,1,1630183
42023,1630183,0042300312,"May 24, 2024",MIN vs. DAL,L,36,1,6,0.167,0,3,0.0,0,0,0.0,0,5,5,2,0,2,2,2,2,-7,1,1630183
42023,1630183,0042300311,"May 22, 2024",MIN vs. DAL,L,39,9,15,0.6,6,9,0.667,0,0,0.0,2,2,4,3,1,0,3,4,24,-4,1,1630183
42023,1630183,0042300237,"May 19, 2024",MIN @ DEN,W,40,7,10,0.7,3,4,0.75,6,7,0.857,4,2,6,1,2,1,0,4,23,12,1,1630183
42023,1630183,0042300236,"May 16, 2024",MIN vs. DEN,W,31,8,10,0.8,3,5,0.6,2,2,1.0,2,2,4,1,1,2,0,1,21,23,1,1630183
42023,1630183,0042300235,"May 14, 2024",MIN @ DEN,L,31,4,9,0.444,1,4,0.25,0,0,0.0,2,1,3,3,1,2,3,4,9,-18,1,1630183
42023,1630183,0042300234,"May 12, 2024",MIN vs. DEN,L,38,4,8,0.5,1,3,0.333,2,4,0.5,2,0,2,0,1,1,1,2,11,-4,1,1630183
42023,1630183,0042300233,"May 10, 2024",MIN vs. DEN,L,22,4,6,0.667,0,2,0.0,2,4,0.5,0,3,3,0,1,2,1,4,10,-18,1,1630183
42023,1630183,0042300232,"May 06, 2024",MIN @ DEN,W,26,2,7,0.286,0,1,0.0,1,2,0.5,0,2,2,3,2,1,1,5,5,26,1,1630183
42023,1630183,0042300231,"May 04, 2024",MIN @ DEN,W,39,0,7,0.0,0,2,0.0,0,0,0.0,3,5,8,1,0,1,1,1,0,14,1,1630183
42023,1630183,0042300164,"Apr 28, 2024",MIN @ PHX,W,34,6,12,0.5,1,4,0.25,5,5,1.0,2,1,3,0,1,1,1,5,18,-1,1,1630183
42023,1630183,0042300163,"Apr 26, 2024",MIN @ PHX,W,30,1,4,0.25,0,1,0.0,3,4,0.75,3,1,4,1,1,0,0,5,5,8,1,1630183
42023,1630183,0042300162,"Apr 23, 2024",MIN vs. PHX,W,41,10,17,0.588,2,4,0.5,3,4,0.75,5,3,8,3,1,0,1,3,25,24,1,1630183
42023,1630183,0042300161,"Apr 20, 2024",MIN vs. PHX,W,38,3,7,0.429,0,2,0.0,3,3,1.0,2,4,6,0,0,2,2,2,9,18,1,1630183
42021,1630183,0042100156,"Apr 29, 2022",MIN vs. MEM,L,33,8,9,0.889,5,6,0.833,3,4,0.75,1,3,4,0,0,1,0,1,24,-10,1,1630183
42021,1630183,0042100155,"Apr 26, 2022",MIN @ MEM,L,18,1,1,1.0,1,1,1.0,0,0,0.0,0,2,2,1,0,2,0,3,3,13,1,1630183
42021,1630183,0042100154,"Apr 23, 2022",MIN vs. MEM,W,10,0,4,0.0,0,2,0.0,4,4,1.0,0,1,1,0,0,1,0,5,4,-1,1,1630183
42021,1630183,0042100153,"Apr 21, 2022",MIN vs. MEM,L,22,3,7,0.429,2,4,0.5,0,0,0.0,0,2,2,1,1,1,4,2,8,7,1,1630183
42021,1630183,0042100152,"Apr 19, 2022",MIN @ MEM,L,21,1,7,0.143,0,4,0.0,0,0,0.0,0,1,1,0,0,3,0,2,2,-9,1,1630183
42021,1630183,0042100151,"Apr 16, 2022",MIN @ MEM,W,25,5,6,0.833,2,3,0.667,3,4,0.75,4,3,7,2,1,3,2,5,15,19,1,1630183
42024,203952,0042400104,"Apr 28, 2025",MIA vs. CLE,L,22,5,12,0.417,2,6,0.333,0,0,0.0,3,2,5,1,0,0,3,1,12,-27,1,203952
42024,203952,0042400103,"Apr 26, 2025",MIA vs. CLE,L,33,3,10,0.3,2,4,0.5,2,4,0.5,0,1,1,3,0,2,2,2,10,-22,1,203952
42024,203952,0042400102,"Apr 23, 2025",MIA @ CLE,L,28,3,10,0.3,1,4,0.25,3,4,0.75,0,1,1,3,0,3,2,3,10,-9,1,203952
42024,203952,0042400101,"Apr 20, 2025",MIA @ CLE,L,38,5,11,0.455,2,6,0.333,2,2,1.0,1,5,6,2,1,0,4,0,14,-22,1,203952
42022,203952,0042200236,"May 12, 2023",GSW @ LAL,L,28,2,8,0.25,0,3,0.0,2,4,0.5,2,0,2,2,1,0,0,5,6,-26,1,203952
42022,203952,0042200235,"May 10, 2023",GSW vs. LAL,W,36,10,18,0.556,2,5,0.4,3,3,1.0,1,6,7,5,1,0,1,2,25,16,1,203952
42022,203952,0042200234,"May 08, 2023",GSW @ LAL,L,39,6,14,0.429,2,6,0.333,3,4,0.75,1,3,4,1,2,0,3,4,17,-7,1,203952
42022,203952,0042200233,"May 06, 2023",GSW @ LAL,L,28,6,11,0.545,2,4,0.5,2,2,1.0,3,6,9,4,0,1,0,2,16,-16,1,203952
42022,203952,0042200232,"May 04, 2023",GSW vs. LAL,W,30,3,8,0.375,2,4,0.5,3,4,0.75,2,2,4,4,0,1,2,2,11,35,1,203952
42022,203952,0042200231,"May 02, 2023",GSW vs. LAL,L,34,6,14,0.429,1,5,0.2,2,2,1.0,3,3,6,0,0,0,2,3,15,-2,1,203952
42022,203952,0042200167,"Apr 30, 2023",GSW @ SAC,W,37,5,16,0.313,1,5,0.2,6,10,0.6,4,3,7,2,1,0,1,4,17,25,1,203952
42022,203952,0042200166,"Apr 28, 2023",GSW vs. SAC,L,33,5,13,0.385,0,3,0.0,3,6,0.5,2,5,7,0,2,2,0,4,13,-7,1,203952
42022,203952,0042200165,"Apr 26, 2023",GSW @ SAC,W,39,9,16,0.563,2,5,0.4,0,0,0.0,0,4,4,0,2,2,1,5,20,10,1,203952
42022,203952,0042200164,"Apr 23, 2023",GSW vs. SAC,W,38,7,12,0.583,1,2,0.5,3,4,0.75,2,6,8,3,1,4,3,3,18,0,1,203952
42022,203952,0042200163,"Apr 20, 2023",GSW vs. SAC,W,34,8,16,0.5,3,6,0.5,1,2,0.5,1,6,7,3,0,1,2,3,20,17,1,203952
42022,203952,0042200162,"Apr 17, 2023",GSW @ SAC,L,39,9,19,0.474,2,8,0.25,2,2,1.0,1,4,5,0,1,0,2,5,22,0,1,203952
42022,203952,0042200161,"Apr 15, 2023",GSW @ SAC,L,28,7,16,0.438,1,8,0.125,2,4,0.5,2,1,3,1,0,4,0,3,17,-5,1,203952
42021,203952,0042100406,"Jun 16, 2022",GSW @ BOS,W,44,7,18,0.389,4,9,0.444,0,0,0.0,3,3,6,5,4,3,3,0,18,5,1,203952
42021,203952,0042100405,"Jun 13, 2022",GSW vs. BOS,W,43,12,23,0.522,0,6,0.0,2,3,0.667,1,12,13,2,1,1,0,2,26,12,1,203952
42021,203952,0042100404,"Jun 10, 2022",GSW @ BOS,W,43,7,17,0.412,2,6,0.333,1,2,0.5,3,13,16,2,1,0,2,2,17,20,1,203952
42021,203952,0042100403,"Jun 08, 2022",GSW @ BOS,L,40,7,16,0.438,1,6,0.167,3,4,0.75,1,6,7,2,2,2,3,4,18,-16,1,203952
42021,203952,0042100402,"Jun 05, 2022",GSW vs. BOS,W,31,4,12,0.333,2,3,0.667,1,2,0.5,3,3,6,2,0,0,2,2,11,19,1,203952
42021,203952,0042100401,"Jun 02, 2022",GSW vs. BOS,L,35,8,15,0.533,2,7,0.286,2,2,1.0,1,4,5,0,1,3,1,3,20,-11,1,203952
42021,203952,0042100315,"May 26, 2022",GSW vs. DAL,W,40,7,16,0.438,0,7,0.0,4,4,1.0,3,7,10,2,1,0,1,1,18,9,1,203952
42021,203952,0042100314,"May 24, 2022",GSW @ DAL,L,31,5,11,0.455,1,3,0.333,2,2,1.0,3,2,5,1,0,0,0,3,13,-20,1,203952
42021,203952,0042100313,"May 22, 2022",GSW @ DAL,W,40,11,20,0.55,1,5,0.2,4,5,0.8,6,5,11,3,0,0,0,4,27,22,1,203952
42021,203952,0042100312,"May 20, 2022",GSW vs. DAL,W,38,5,14,0.357,3,5,0.6,3,6,0.5,2,3,5,5,1,1,1,4,16,16,1,203952
42021,203952,0042100311,"May 18, 2022",GSW vs. DAL,W,35,8,17,0.471,3,8,0.375,0,2,0.0,1,4,5,3,1,1,2,3,19,28,1,203952
42021,203952,0042100236,"May 13, 2022",GSW vs. MEM,W,41,7,16,0.438,3,5,0.6,1,2,0.5,6,5,11,0,1,3,2,2,18,20,1,203952
42021,203952,0042100235,"May 11, 2022",GSW @ MEM,L,19,2,6,0.333,1,3,0.333,0,0,0.0,0,1,1,0,0,1,1,3,5,-23,1,203952
42021,203952,0042100234,"May 09, 2022",GSW vs. MEM,W,39,7,13,0.538,1,5,0.2,2,3,0.667,5,5,10,1,1,2,2,0,17,12,1,203952
42021,203952,0042100233,"May 07, 2022",GSW vs. MEM,W,26,7,10,0.7,2,2,1.0,1,1,1.0,1,2,3,1,2,1,0,5,17,3,1,203952
42021,203952,0042100232,"May 03, 2022",GSW @ MEM,L,38,6,16,0.375,1,7,0.143,3,4,0.75,5,4,9,2,1,1,3,3,16,3,1,203952
42021,203952,0042100231,"May 01, 2022",GSW @ MEM,W,34,6,14,0.429,1,5,0.2,4,7,0.571,3,5,8,1,0,0,1,3,17,0,1,203952
42021,203952,0042100165,"Apr 27, 2022",GSW vs. DEN,W,24,4,9,0.444,1,1,1.0,3,5,0.6,0,5,5,2,0,1,2,2,12,0,1,203952
42021,203952,0042100164,"Apr 24, 2022",GSW @ DEN,L,37,9,16,0.563,1,3,0.333,1,2,0.5,3,3,6,1,2,2,1,2,20,5,1,203952
42021,203952,0042100163,"Apr 21, 2022",GSW @ DEN,W,29,3,6,0.5,2,4,0.5,1,2,0.5,1,5,6,1,1,0,1,2,9,-4,1,203952
42021,203952,0042100162,"Apr 18, 2022",GSW vs. DEN,W,31,5,9,0.556,2,3,0.667,1,3,0.333,2,6,8,2,1,1,1,2,13,24,1,203952
42021,203952,0042100161,"Apr 16, 2022",GSW vs. DEN,W,29,6,11,0.545,1,2,0.5,3,4,0.75,1,8,9,2,1,0,1,2,16,16,1,203952
42024,1628398,0042400135,"Apr 29, 2025",MIL @ IND,L,13,2,5,0.4,1,2,0.5,0,0,0.0,1,4,5,0,0,0,1,2,5,-1,1,1628398
42024,1628398,0042400134,"Apr 27, 2025",MIL vs. IND,L,16,1,6,0.167,0,1,0.0,1,2,0.5,0,0,0,1,0,0,0,3,3,-10,1,1628398
42024,1628398,0042400133,"Apr 25, 2025",MIL vs. IND,W,21,4,9,0.444,1,2,0.5,0,0,0.0,0,3,3,2,0,1,2,3,9,-1,1,1628398
42024,1628398,0042400132,"Apr 22, 2025",MIL @ IND,L,31,5,10,0.5,0,3,0.0,2,2,1.0,2,1,3,1,0,0,0,2,12,-7,1,1628398
42024,1628398,0042400131,"Apr 19, 2025",MIL @ IND,L,22,0,5,0.0,0,2,0.0,0,2,0.0,0,0,0,0,0,0,0,2,0,-24,1,1628398
42020,1628398,0042000156,"Jun 03, 2021",LAL vs. PHX,L,18,1,6,0.167,0,2,0.0,0,0,0.0,0,4,4,0,1,0,2,0,2,-4,1,1628398
42020,1628398,0042000155,"Jun 01, 2021",LAL @ PHX,L,23,6,13,0.462,1,5,0.2,2,5,0.4,0,1,1,0,0,0,1,2,15,-6,1,1628398
42020,1628398,0042000154,"May 30, 2021",LAL vs. PHX,L,25,4,11,0.364,1,5,0.2,2,2,1.0,1,3,4,2,0,0,2,3,11,-13,1,1628398
42020,1628398,0042000153,"May 27, 2021",LAL vs. PHX,W,24,2,12,0.167,2,8,0.25,2,2,1.0,3,7,10,3,0,0,0,1,8,14,1,1628398
42020,1628398,0042000152,"May 25, 2021",LAL @ PHX,W,20,1,4,0.25,0,2,0.0,0,0,0.0,0,1,1,1,1,1,0,1,2,-1,1,1628398
42020,1628398,0042000151,"May 23, 2021",LAL @ PHX,L,19,0,2,0.0,0,1,0.0,0,0,0.0,0,3,3,1,0,0,1,1,0,-5,1,1628398
42019,1628398,0041900406,"Oct 11, 2020",LAL @ MIA,W,22,1,4,0.25,0,2,0.0,0,0,0.0,0,1,1,0,0,0,1,3,2,2,1,1628398
42019,1628398,0041900405,"Oct 09, 2020",LAL vs. MIA,L,22,3,10,0.3,0,4,0.0,1,2,0.5,1,0,1,0,0,1,0,3,7,-17,1,1628398
42019,1628398,0041900404,"Oct 06, 2020",LAL @ MIA,W,19,3,6,0.5,2,5,0.4,1,2,0.5,0,2,2,0,0,0,1,2,9,-4,1,1628398
42019,1628398,0041900403,"Oct 04, 2020",LAL @ MIA,L,23,6,13,0.462,4,8,0.5,3,3,1.0,2,1,3,0,0,0,1,3,19,6,1,1628398
42019,1628398,0041900402,"Oct 02, 2020",LAL vs. MIA,W,22,3,8,0.375,2,6,0.333,3,3,1.0,1,1,2,1,0,0,3,1,11,5,1,1628398
42019,1628398,0041900401,"Sep 30, 2020",LAL vs. MIA,W,22,1,7,0.143,1,4,0.25,0,0,0.0,2,6,8,2,1,0,1,2,3,11,1,1628398
42019,1628398,0041900315,"Sep 26, 2020",LAL vs. DEN,W,21,3,7,0.429,1,3,0.333,1,1,1.0,0,3,3,1,0,1,0,3,8,0,1,1628398
42019,1628398,0041900314,"Sep 24, 2020",LAL @ DEN,W,19,4,11,0.364,2,7,0.286,0,0,0.0,0,0,0,1,1,0,1,1,10,0,1,1628398
42019,1628398,0041900313,"Sep 22, 2020",LAL @ DEN,L,26,4,7,0.571,1,2,0.5,2,3,0.667,0,1,1,1,0,0,1,1,11,-3,1,1628398
42019,1628398,0041900312,"Sep 20, 2020",LAL vs. DEN,W,21,3,7,0.429,0,3,0.0,2,2,1.0,1,2,3,1,0,0,4,4,8,-2,1,1628398
42019,1628398,0041900311,"Sep 18, 2020",LAL vs. DEN,W,24,5,8,0.625,1,2,0.5,0,0,0.0,2,2,4,0,0,0,1,2,11,-9,1,1628398
42019,1628398,0041900225,"Sep 12, 2020",LAL vs. HOU,W,27,5,9,0.556,3,6,0.5,4,4,1.0,0,4,4,2,0,1,1,2,17,-3,1,1628398
42019,1628398,0041900224,"Sep 10, 2020",LAL @ HOU,W,22,2,6,0.333,0,1,0.0,0,0,0.0,0,0,0,3,0,0,1,2,4,0,1,1628398
42019,1628398,0041900223,"Sep 08, 2020",LAL @ HOU,W,24,7,10,0.7,0,2,0.0,0,0,0.0,1,2,3,0,1,1,0,2,14,7,1,1628398
42019,1628398,0041900222,"Sep 06, 2020",LAL vs. HOU,W,21,6,7,0.857,1,1,1.0,0,0,0.0,4,2,6,0,1,1,2,3,13,8,1,1628398
42019,1628398,0041900221,"Sep 04, 2020",LAL vs. HOU,L,28,3,9,0.333,1,4,0.25,1,2,0.5,1,1,2,1,0,0,0,4,8,-21,1,1628398
42019,1628398,0041900145,"Aug 29, 2020",LAL vs. POR,W,25,3,12,0.25,0,4,0.0,2,4,0.5,1,2,3,1,1,1,0,5,8,7,1,1628398
42019,1628398,0041900144,"Aug 24, 2020",LAL @ POR,W,22,6,12,0.5,5,9,0.556,1,1,1.0,0,2,2,2,0,0,1,1,18,2,1,1628398
42019,1628398,0041900143,"Aug 22, 2020",LAL @ POR,W,23,2,6,0.333,0,3,0.0,3,4,0.75,1,5,6,0,1,0,2,3,7,6,1,1628398
42019,1628398,0041900142,"Aug 20, 2020",LAL vs. POR,W,21,2,6,0.333,1,2,0.5,2,2,1.0,0,3,3,1,0,0,0,1,7,16,1,1628398
42019,1628398,0041900141,"Aug 18, 2020",LAL vs. POR,L,30,5,14,0.357,1,5,0.2,3,4,0.75,1,7,8,0,0,1,0,2,14,5,1,1628398
42023,1626220,0042300164,"Apr 28, 2024",PHX vs. MIN,L,37,2,7,0.286,2,6,0.333,0,0,0.0,3,3,6,1,1,0,0,2,6,-1,1,1626220
42023,1626220,0042300163,"Apr 26, 2024",PHX vs. MIN,L,24,0,5,0.0,0,4,0.0,0,0,0.0,0,5,5,2,0,0,0,3,0,-23,1,1626220
42023,1626220,0042300162,"Apr 23, 2024",PHX @ MIN,L,17,0,0,0.0,0,0,0.0,0,0,0.0,1,3,4,1,0,0,2,3,0,-5,1,1626220
42023,1626220,0042300161,"Apr 20, 2024",PHX @ MIN,L,26,5,10,0.5,4,8,0.5,0,0,0.0,1,3,4,0,0,0,0,3,14,-17,1,1626220
42022,1626220,0042200124,"Apr 22, 2023",BKN vs. PHI,L,25,1,6,0.167,1,5,0.2,0,0,0.0,0,2,2,4,1,0,0,1,3,-2,1,1626220
42022,1626220,0042200123,"Apr 20, 2023",BKN vs. PHI,L,30,2,7,0.286,1,5,0.2,2,2,1.0,3,3,6,1,1,1,2,2,7,-19,1,1626220
42022,1626220,0042200122,"Apr 17, 2023",BKN @ PHI,L,36,2,11,0.182,2,9,0.222,0,0,0.0,1,5,6,3,2,0,0,5,6,-6,1,1626220
42022,1626220,0042200121,"Apr 15, 2023",BKN @ PHI,L,28,2,5,0.4,0,3,0.0,0,0,0.0,0,3,3,6,1,0,2,3,4,-13,1,1626220
42021,1626220,0042100176,"Apr 28, 2022",UTA vs. DAL,L,33,4,9,0.444,0,5,0.0,0,0,0.0,1,5,6,0,1,1,0,4,8,11,1,1626220
42021,1626220,0042100175,"Apr 25, 2022",UTA @ DAL,L,22,2,6,0.333,1,5,0.2,0,0,0.0,0,3,3,1,1,0,1,1,5,-29,1,1626220
42021,1626220,0042100174,"Apr 23, 2022",UTA vs. DAL,W,33,3,8,0.375,1,6,0.167,0,0,0.0,0,6,6,3,0,0,0,1,7,-5,1,1626220
42021,1626220,0042100173,"Apr 21, 2022",UTA vs. DAL,L,32,0,0,0.0,0,0,0.0,2,2,1.0,1,3,4,1,0,0,2,4,2,-13,1,1626220
42021,1626220,0042100172,"Apr 18, 2022",UTA @ DAL,L,37,4,7,0.571,4,6,0.667,0,0,0.0,1,8,9,2,1,0,0,2,12,-16,1,1626220
42021,1626220,0042100171,"Apr 16, 2022",UTA @ DAL,W,31,1,5,0.2,1,3,0.333,0,0,0.0,3,3,6,2,0,0,0,4,3,-1,1,1626220
42020,1626220,0042000226,"Jun 18, 2021",UTA @ LAC,L,42,8,12,0.667,4,6,0.667,1,1,1.0,4,6,10,1,0,0,1,2,21,-6,1,1626220
42020,1626220,0042000225,"Jun 16, 2021",UTA vs. LAC,L,41,4,11,0.364,2,8,0.25,2,3,0.667,1,6,7,3,1,1,1,6,12,-7,1,1626220
42020,1626220,0042000224,"Jun 14, 2021",UTA @ LAC,L,37,3,6,0.5,2,4,0.5,0,0,0.0,0,8,8,2,0,0,2,4,8,-12,1,1626220
42020,1626220,0042000223,"Jun 12, 2021",UTA @ LAC,L,35,4,8,0.5,4,8,0.5,0,0,0.0,1,5,6,2,2,0,2,5,12,-16,1,1626220
42020,1626220,0042000222,"Jun 10, 2021",UTA vs. LAC,W,41,2,4,0.5,1,3,0.333,3,4,0.75,0,3,3,3,0,0,0,4,8,5,1,1626220
42020,1626220,0042000221,"Jun 08, 2021",UTA vs. LAC,W,36,2,5,0.4,0,3,0.0,4,4,1.0,4,7,11,3,1,1,1,4,8,5,1,1626220
42020,1626220,0042000145,"Jun 02, 2021",UTA vs. MEM,W,36,7,11,0.636,3,7,0.429,0,0,0.0,1,5,6,2,4,1,0,3,17,23,1,1626220
42020,1626220,0042000144,"May 31, 2021",UTA @ MEM,W,35,3,7,0.429,3,5,0.6,0,0,0.0,1,8,9,1,3,0,0,2,9,5,1,1626220
42020,1626220,0042000143,"May 29, 2021",UTA @ MEM,W,32,4,8,0.5,4,7,0.571,0,0,0.0,1,6,7,0,1,0,0,4,12,14,1,1626220
42020,1626220,0042000142,"May 26, 2021",UTA vs. MEM,W,34,5,7,0.714,4,6,0.667,0,0,0.0,1,7,8,3,0,0,1,4,14,-4,1,1626220
42020,1626220,0042000141,"May 23, 2021",UTA vs. MEM,L,37,1,6,0.167,1,3,0.333,0,0,0.0,2,3,5,3,0,0,0,3,3,-13,1,1626220
42019,1626220,0041900167,"Sep 01, 2020",UTA @ DEN,L,42,2,6,0.333,1,4,0.25,0,0,0.0,0,4,4,1,2,0,1,2,5,6,1,1626220
42019,1626220,0041900166,"Aug 30, 2020",UTA vs. DEN,L,38,1,4,0.25,1,3,0.333,2,4,0.5,0,3,3,2,1,0,2,3,5,-3,1,1626220
42019,1626220,0041900165,"Aug 25, 2020",UTA @ DEN,L,37,4,6,0.667,2,4,0.5,0,0,0.0,1,3,4,3,3,0,4,5,10,-18,1,1626220
42019,1626220,0041900164,"Aug 23, 2020",UTA vs. DEN,W,37,1,3,0.333,1,2,0.5,1,2,0.5,0,5,5,1,0,0,1,5,4,-12,1,1626220
42019,1626220,0041900163,"Aug 21, 2020",UTA vs. DEN,W,28,1,3,0.333,1,2,0.5,0,0,0.0,2,6,8,4,1,0,4,2,3,14,1,1626220
42019,1626220,0041900162,"Aug 19, 2020",UTA @ DEN,W,35,3,4,0.75,3,4,0.75,0,0,0.0,0,7,7,8,1,2,0,3,9,19,1,1626220
42019,1626220,0041900161,"Aug 17, 2020",UTA @ DEN,L,32,1,6,0.167,1,3,0.333,0,0,0.0,0,7,7,0,1,0,1,5,3,-21,1,1626220
42023,1627747,0042300204,"May 13, 2024",CLE vs. BOS,L,39,9,18,0.5,1,8,0.125,0,0,0.0,1,4,5,3,2,1,1,2,19,-14,1,1627747
42023,1627747,0042300203,"May 11, 2024",CLE vs. BOS,L,30,6,12,0.5,1,3,0.333,2,2,1.0,2,4,6,1,0,0,1,0,15,-1,1,1627747
42023,1627747,0042300202,"May 09, 2024",CLE @ BOS,W,27,9,17,0.529,0,3,0.0,3,4,0.75,2,4,6,3,0,0,3,2,21,14,1,1627747
42023,1627747,0042300201,"May 07, 2024",CLE @ BOS,L,26,2,6,0.333,0,2,0.0,0,2,0.0,1,6,7,3,0,1,0,3,4,-19,1,1627747
42023,1627747,0042300137,"May 05, 2024",CLE vs. ORL,W,30,5,9,0.556,0,2,0.0,5,7,0.714,0,5,5,4,1,1,2,1,15,9,1,1627747
42023,1627747,0042300136,"May 03, 2024",CLE @ ORL,L,7,0,1,0.0,0,0,0.0,1,2,0.5,0,2,2,1,2,1,2,1,1,-1,1,1627747
42023,1627747,0042300135,"Apr 30, 2024",CLE vs. ORL,W,19,1,3,0.333,1,2,0.5,0,0,0.0,0,1,1,1,2,1,1,1,3,3,1,1627747
42023,1627747,0042300134,"Apr 27, 2024",CLE @ ORL,L,26,2,8,0.25,0,3,0.0,1,2,0.5,0,1,1,3,1,0,0,1,5,-7,1,1627747
42023,1627747,0042300133,"Apr 25, 2024",CLE @ ORL,L,29,5,13,0.385,1,5,0.2,4,5,0.8,0,2,2,3,0,1,2,0,15,-29,1,1627747
42023,1627747,0042300132,"Apr 22, 2024",CLE vs. ORL,W,25,3,7,0.429,2,4,0.5,0,0,0.0,0,1,1,1,1,0,1,1,8,2,1,1627747
42023,1627747,0042300131,"Apr 20, 2024",CLE vs. ORL,W,20,2,8,0.25,0,1,0.0,1,2,0.5,2,2,4,2,0,0,1,2,5,7,1,1627747
42022,1627747,0042200135,"Apr 26, 2023",CLE vs. NYK,L,37,6,13,0.462,4,7,0.571,1,2,0.5,1,4,5,4,1,0,0,3,17,-8,1,1627747
42022,1627747,0042200134,"Apr 23, 2023",CLE @ NYK,L,39,4,10,0.4,2,6,0.333,4,5,0.8,2,7,9,2,1,1,1,2,14,-11,1,1627747
42022,1627747,0042200133,"Apr 21, 2023",CLE @ NYK,L,35,7,17,0.412,3,11,0.273,0,2,0.0,1,3,4,3,0,0,1,3,17,-21,1,1627747
42022,1627747,0042200132,"Apr 18, 2023",CLE vs. NYK,W,40,9,16,0.563,4,9,0.444,2,2,1.0,0,4,4,3,0,0,2,1,24,23,1,1627747
42022,1627747,0042200131,"Apr 15, 2023",CLE vs. NYK,L,18,1,7,0.143,0,3,0.0,1,2,0.5,0,1,1,1,0,0,1,1,3,-14,1,1627747
42019,1627747,0041900114,"Aug 23, 2020",BKN vs. TOR,L,31,11,23,0.478,6,9,0.667,7,10,0.7,3,3,6,6,2,0,3,2,35,-20,1,1627747
42019,1627747,0041900113,"Aug 21, 2020",BKN vs. TOR,L,34,6,14,0.429,3,6,0.5,0,0,0.0,1,3,4,6,2,0,3,1,15,-24,1,1627747
42019,1627747,0041900112,"Aug 19, 2020",BKN @ TOR,L,39,5,22,0.227,0,4,0.0,6,9,0.667,2,5,7,11,0,1,2,4,16,-3,1,1627747
42019,1627747,0041900111,"Aug 17, 2020",BKN @ TOR,L,35,5,14,0.357,0,2,0.0,5,6,0.833,2,5,7,15,1,0,5,0,15,-5,1,1627747
42023,1630538,0042300176,"May 03, 2024",LAC @ DAL,L,1,0,1,0.0,0,1,0.0,0,0,0.0,0,0,0,0,0,0,0,0,0,1,1,1630538
42023,1630538,0042300175,"May 01, 2024",LAC vs. DAL,L,7,3,5,0.6,1,3,0.333,4,4,1.0,0,1,1,3,0,0,1,0,11,-3,1,1630538
42023,1630538,0042300173,"Apr 26, 2024",LAC @ DAL,L,3,0,1,0.0,0,1,0.0,0,0,0.0,0,1,1,1,0,0,0,0,0,4,1,1630538
42022,1630538,0042200175,"Apr 25, 2023",LAC @ PHX,L,15,4,13,0.308,1,4,0.25,0,0,0.0,0,0,0,0,1,0,0,1,9,0,1,1630538
42022,1630538,0042200174,"Apr 22, 2023",LAC vs. PHX,L,18,2,6,0.333,1,5,0.2,0,0,0.0,0,0,0,2,1,0,1,1,5,4,1,1630538
42022,1630538,0042200173,"Apr 20, 2023",LAC vs. PHX,L,21,6,12,0.5,2,4,0.5,6,8,0.75,0,1,1,2,1,0,2,4,20,-3,1,1630538
42022,1630538,0042200172,"Apr 18, 2023",LAC @ PHX,L,14,2,7,0.286,0,4,0.0,2,2,1.0,0,2,2,0,0,1,1,2,6,2,1,1630538
42022,1630538,0042200171,"Apr 16, 2023",LAC @ PHX,W,13,1,6,0.167,1,3,0.333,0,0,0.0,1,0,1,0,1,0,0,1,3,13,1,1630538
42021,1630538,0042100165,"Apr 27, 2022",DEN @ GSW,L,19,0,6,0.0,0,5,0.0,4,4,1.0,0,2,2,2,0,0,1,2,4,-1,1,1630538
42021,1630538,0042100164,"Apr 24, 2022",DEN vs. GSW,W,20,5,10,0.5,3,6,0.5,2,4,0.5,1,3,4,7,1,0,3,2,15,13,1,1630538
42021,1630538,0042100163,"Apr 21, 2022",DEN vs. GSW,L,14,2,6,0.333,1,3,0.333,0,0,0.0,0,2,2,3,0,0,0,2,5,0,1,1630538
42021,1630538,0042100162,"Apr 18, 2022",DEN @ GSW,L,17,2,4,0.5,2,2,1.0,6,6,1.0,0,0,0,1,0,0,1,2,12,-13,1,1630538
42021,1630538,0042100161,"Apr 16, 2022",DEN @ GSW,L,17,4,10,0.4,2,7,0.286,0,0,0.0,0,2,2,3,0,0,1,4,10,-3,1,1630538
42024,1641717,0042400407,"Jun 22, 2025",OKC vs. IND,W,26,4,6,0.667,2,3,0.667,0,0,0.0,2,0,2,0,3,0,1,3,10,7,1,1641717
42024,1641717,0042400406,"Jun 19, 2025",OKC @ IND,L,14,1,4,0.25,0,1,0.0,0,0,0.0,0,3,3,0,1,0,0,2,2,-3,1,1641717
42024,1641717,0042400405,"Jun 16, 2025",OKC vs. IND,W,17,4,5,0.8,3,4,0.75,0,0,0.0,1,1,2,0,4,1,0,2,11,0,1,1641717
42024,1641717,0042400404,"Jun 13, 2025",OKC @ IND,W,19,1,5,0.2,0,2,0.0,0,0,0.0,0,2,2,2,0,0,1,4,2,-3,1,1641717
42024,1641717,0042400403,"Jun 11, 2025",OKC @ IND,L,24,3,5,0.6,0,1,0.0,1,2,0.5,1,3,4,1,1,1,2,2,7,-10,1,1641717
42024,1641717,0042400402,"Jun 08, 2025",OKC vs. IND,W,23,2,4,0.5,0,2,0.0,0,0,0.0,1,2,3,1,2,1,0,3,4,12,1,1641717
42024,1641717,0042400401,"Jun 05, 2025",OKC vs. IND,L,33,3,9,0.333,0,3,0.0,0,0,0.0,0,2,2,1,1,1,0,2,6,-13,1,1641717
42024,1641717,0042400315,"May 28, 2025",OKC vs. MIN,W,24,2,6,0.333,1,3,0.333,0,0,0.0,1,1,2,3,0,2,1,1,5,25,1,1641717
42024,1641717,0042400314,"May 26, 2025",OKC @ MIN,W,28,3,9,0.333,1,5,0.2,0,0,0.0,3,0,3,3,2,1,0,2,7,0,1,1641717
42024,1641717,0042400313,"May 24, 2025",OKC @ MIN,L,16,0,0,0.0,0,0,0.0,2,2,1.0,1,0,1,1,0,0,0,1,2,-30,1,1641717
42024,1641717,0042400312,"May 22, 2025",OKC vs. MIN,W,28,3,7,0.429,2,6,0.333,0,0,0.0,2,1,3,4,1,1,0,1,8,10,1,1641717
42024,1641717,0042400311,"May 20, 2025",OKC vs. MIN,W,33,1,3,0.333,1,3,0.333,0,0,0.0,2,1,3,7,1,0,3,2,3,21,1,1641717
42024,1641717,0042400227,"May 18, 2025",OKC vs. DEN,W,29,3,10,0.3,1,6,0.167,0,0,0.0,1,2,3,5,2,0,1,1,7,38,1,1641717
42024,1641717,0042400226,"May 15, 2025",OKC @ DEN,L,27,4,9,0.444,2,5,0.4,0,0,0.0,0,4,4,0,3,0,1,3,10,-12,1,1641717
42024,1641717,0042400225,"May 13, 2025",OKC vs. DEN,W,18,1,2,0.5,0,1,0.0,2,3,0.667,0,2,2,2,2,0,1,1,4,2,1,1641717
42024,1641717,0042400224,"May 11, 2025",OKC @ DEN,W,23,4,7,0.571,3,3,1.0,0,0,0.0,3,2,5,2,2,0,3,4,11,12,1,1641717
42024,1641717,0042400223,"May 09, 2025",OKC @ DEN,L,20,1,3,0.333,0,2,0.0,0,0,0.0,1,2,3,1,1,0,1,1,2,-5,1,1641717
42024,1641717,0042400222,"May 07, 2025",OKC vs. DEN,W,12,3,4,0.75,2,3,0.667,0,0,0.0,0,2,2,2,2,0,0,2,8,16,1,1641717
42024,1641717,0042400221,"May 05, 2025",OKC vs. DEN,L,21,1,4,0.25,0,1,0.0,1,1,1.0,0,2,2,3,1,0,0,2,3,15,1,1641717
42024,1641717,0042400144,"Apr 26, 2025",OKC @ MEM,W,21,2,8,0.25,0,3,0.0,0,1,0.0,1,0,1,1,0,1,0,2,4,2,1,1641717
42024,1641717,0042400143,"Apr 24, 2025",OKC @ MEM,W,24,2,4,0.5,1,3,0.333,0,0,0.0,2,3,5,3,1,0,0,3,5,7,1,1641717
42024,1641717,0042400142,"Apr 22, 2025",OKC vs. MEM,W,24,2,4,0.5,1,2,0.5,0,0,0.0,1,1,2,3,1,1,0,3,5,9,1,1641717
42024,1641717,0042400141,"Apr 20, 2025",OKC vs. MEM,W,13,1,1,1.0,0,0,0.0,0,0,0.0,0,2,2,3,1,0,1,4,2,30,1,1641717
42023,1641717,0042300226,"May 18, 2024",OKC @ DAL,L,24,2,8,0.25,1,6,0.167,0,0,0.0,0,0,0,1,1,1,2,4,5,4,1,1641717
42023,1641717,0042300225,"May 15, 2024",OKC vs. DAL,L,27,1,7,0.143,1,5,0.2,0,0,0.0,0,0,0,0,0,0,0,2,3,-9,1,1641717
42023,1641717,0042300224,"May 13, 2024",OKC @ DAL,W,19,2,2,1.0,2,2,1.0,0,0,0.0,0,0,0,0,0,1,1,1,6,5,1,1641717
42023,1641717,0042300223,"May 11, 2024",OKC @ DAL,L,14,1,3,0.333,1,3,0.333,0,0,0.0,1,0,1,0,0,0,0,1,3,0,1,1641717
42023,1641717,0042300222,"May 09, 2024",OKC vs. DAL,L,22,3,5,0.6,0,1,0.0,0,0,0.0,1,2,3,1,2,0,0,1,6,-8,1,1641717
42023,1641717,0042300221,"May 07, 2024",OKC vs. DAL,W,23,2,5,0.4,2,4,0.5,1,2,0.5,1,2,3,3,1,0,0,1,7,13,1,1641717
42023,1641717,0042300144,"Apr 29, 2024",OKC @ NOP,W,14,0,2,0.0,0,2,0.0,0,0,0.0,0,0,0,0,2,0,1,1,0,3,1,1641717
42023,1641717,0042300143,"Apr 27, 2024",OKC @ NOP,W,18,2,4,0.5,1,2,0.5,0,0,0.0,1,1,2,1,3,0,0,0,5,9,1,1641717
42023,1641717,0042300142,"Apr 24, 2024",OKC vs. NOP,W,19,1,2,0.5,0,1,0.0,0,0,0.0,2,1,3,3,0,0,0,2,2,19,1,1641717
42023,1641717,0042300141,"Apr 21, 2024",OKC vs. NOP,W,19,2,3,0.667,1,2,0.5,0,0,0.0,1,0,1,1,0,0,0,1,5,-4,1,1641717
42022,1628989,0042200167,"Apr 30, 2023",SAC vs. GSW,L,28,2,9,0.222,1,6,0.167,2,2,1.0,1,8,9,0,1,2,0,3,7,-20,1,1628989
42022,1628989,0042200166,"Apr 28, 2023",SAC @ GSW,W,29,3,11,0.273,3,8,0.375,3,4,0.75,0,1,1,0,0,2,1,5,12,14,1,1628989
42022,1628989,0042200165,"Apr 26, 2023",SAC vs. GSW,L,16,4,10,0.4,1,4,0.25,0,0,0.0,0,4,4,2,0,0,0,2,9,-9,1,1628989
42022,1628989,0042200164,"Apr 23, 2023",SAC @ GSW,L,20,1,4,0.25,0,1,0.0,0,0,0.0,0,3,3,2,0,1,0,1,2,9,1,1628989
42022,1628989,0042200163,"Apr 20, 2023",SAC @ GSW,L,29,6,12,0.5,1,6,0.167,0,0,0.0,0,4,4,2,1,1,1,5,13,-12,1,1628989
42022,1628989,0042200162,"Apr 17, 2023",SAC vs. GSW,W,30,6,14,0.429,2,9,0.222,1,2,0.5,0,5,5,0,1,2,2,5,15,16,1,1628989
42022,1628989,0042200161,"Apr 15, 2023",SAC vs. GSW,W,31,3,12,0.25,0,5,0.0,0,0,0.0,0,5,5,2,0,1,0,2,6,-2,1,1628989
42021,1628989,0042100105,"Apr 26, 2022",ATL @ MIA,L,33,5,9,0.556,2,5,0.4,0,0,0.0,0,1,1,3,2,1,3,3,12,-10,1,1628989
42021,1628989,0042100104,"Apr 24, 2022",ATL vs. MIA,L,30,1,7,0.143,1,5,0.2,1,2,0.5,0,3,3,4,0,0,4,1,4,-9,1,1628989
42021,1628989,0042100103,"Apr 22, 2022",ATL vs. MIA,W,33,5,13,0.385,1,8,0.125,2,2,1.0,0,5,5,4,2,0,0,4,13,-5,1,1628989
42021,1628989,0042100102,"Apr 19, 2022",ATL @ MIA,L,34,3,10,0.3,3,7,0.429,0,0,0.0,0,5,5,6,1,1,2,5,9,-17,1,1628989
42021,1628989,0042100101,"Apr 17, 2022",ATL @ MIA,L,23,3,8,0.375,2,6,0.333,0,0,0.0,1,0,1,2,1,1,2,2,8,-21,1,1628989
42020,1628989,0042000306,"Jul 03, 2021",ATL vs. MIL,L,29,2,10,0.2,1,6,0.167,0,0,0.0,1,2,3,4,4,0,1,2,5,-22,1,1628989
42020,1628989,0042000305,"Jul 01, 2021",ATL @ MIL,L,38,3,12,0.25,2,7,0.286,0,0,0.0,1,2,3,7,2,1,2,4,8,-12,1,1628989
42020,1628989,0042000304,"Jun 29, 2021",ATL vs. MIL,W,36,7,15,0.467,1,7,0.143,0,0,0.0,2,4,6,7,1,0,0,1,15,20,1,1628989
42020,1628989,0042000303,"Jun 27, 2021",ATL vs. MIL,L,37,4,11,0.364,3,7,0.429,0,0,0.0,0,4,4,7,0,3,0,3,11,9,1,1628989
42020,1628989,0042000302,"Jun 25, 2021",ATL @ MIL,L,30,3,10,0.3,2,5,0.4,0,0,0.0,0,2,2,1,0,1,3,2,8,-31,1,1628989
42020,1628989,0042000301,"Jun 23, 2021",ATL @ MIL,W,36,5,12,0.417,1,6,0.167,2,2,1.0,0,2,2,1,0,0,0,3,13,15,1,1628989
42020,1628989,0042000207,"Jun 20, 2021",ATL @ PHI,W,40,10,18,0.556,2,4,0.5,5,7,0.714,1,6,7,3,1,0,1,4,27,8,1,1628989
42020,1628989,0042000206,"Jun 18, 2021",ATL vs. PHI,L,44,7,15,0.467,2,6,0.333,1,2,0.5,2,9,11,4,1,1,0,3,17,-6,1,1628989
42020,1628989,0042000205,"Jun 16, 2021",ATL @ PHI,W,27,0,7,0.0,0,4,0.0,0,0,0.0,0,2,2,1,0,1,1,4,0,-23,1,1628989
42020,1628989,0042000204,"Jun 14, 2021",ATL vs. PHI,W,35,4,10,0.4,2,5,0.4,0,0,0.0,1,3,4,2,2,0,0,4,10,0,1,1628989
42020,1628989,0042000203,"Jun 11, 2021",ATL vs. PHI,L,23,1,6,0.167,1,5,0.2,0,0,0.0,0,0,0,1,0,0,0,4,3,-12,1,1628989
42020,1628989,0042000202,"Jun 08, 2021",ATL @ PHI,L,36,8,10,0.8,3,5,0.6,1,1,1.0,0,2,2,2,0,2,4,2,20,4,1,1628989
42020,1628989,0042000201,"Jun 06, 2021",ATL @ PHI,W,29,6,9,0.667,3,6,0.5,0,0,0.0,0,5,5,4,1,0,1,3,15,8,1,1628989
42020,1628989,0042000135,"Jun 02, 2021",ATL @ NYK,W,20,3,8,0.375,2,6,0.333,0,0,0.0,0,3,3,1,0,1,4,1,8,-3,1,1628989
42020,1628989,0042000134,"May 30, 2021",ATL vs. NYK,W,25,4,7,0.571,3,5,0.6,0,0,0.0,0,3,3,1,0,0,0,4,11,13,1,1628989
42020,1628989,0042000133,"May 28, 2021",ATL vs. NYK,W,19,3,5,0.6,3,4,0.75,1,2,0.5,1,2,3,2,0,1,1,2,10,2,1,1628989
42020,1628989,0042000132,"May 26, 2021",ATL @ NYK,L,26,4,8,0.5,1,3,0.333,1,2,0.5,2,3,5,2,1,3,1,2,10,-19,1,1628989
42020,1628989,0042000131,"May 23, 2021",ATL @ NYK,W,27,3,7,0.429,1,4,0.25,1,1,1.0,0,4,4,1,1,2,0,1,8,2,1,1628989
